acc_x, acc_y, angular_z, stamp, 
0.005356788635253906, 0.015973567962646484, 4.8497299924550755e-11, 1759352046100493234
0.026781201362609863, -0.03446894884109497, 6.035878324336683e-11, 1759352046128550482
-0.020043015480041504, 0.033811867237091064, 8.360805758822313e-11, 1759352046158444333
0.02295660972595215, -0.014677047729492188, 8.242661071364333e-11, 1759352046188504141
-0.00046962499618530273, 0.00500863790512085, 9.031535128166395e-11, 1759352046218581647
-0.012996792793273926, -0.003977417945861816, 8.175232400045327e-11, 1759352046248621087
-0.014830350875854492, 0.024834096431732178, 8.197354414477777e-11, 1759352046278737498
-0.03605484962463379, -0.01648491621017456, 5.3256395275605354e-11, 1759352046308990260
-0.003273904323577881, -0.00025266408920288086, 1.1387570191537568e-12, 1759352046339822218
0.02756357192993164, -0.012877166271209717, -6.339004478615588e-11, 1759352046371435978
0.02225494384765625, -0.0038611888885498047, -6.806398009790276e-11, 1759352046398911406
0.011540889739990234, -0.023479342460632324, -8.140266522998695e-11, 1759352046428982359
-0.03494471311569214, 0.025187790393829346, -9.982487560796259e-11, 1759352046459106315
0.00864630937576294, 0.021653592586517334, 2.053492624446575e-06, 1759352046488128616
0.02693629264831543, 8.374452590942383e-05, -2.678606890220486e-10, 1759352046519301415
-0.007051348686218262, -0.008900284767150879, -2.6450992846596046e-10, 1759352046549275354
-0.014104783535003662, -0.03738677501678467, -3.8283827898052485e-10, 1759352046580563485
-0.006416499614715576, 0.004267394542694092, -5.774039360584076e-10, 1759352046670309536
-0.022529542446136475, -0.009899318218231201, -5.531809914892059e-10, 1759352046700247530
-0.020511269569396973, -0.011353135108947754, -7.533552461183161e-10, 1759352046730250040
0.04445779323577881, 0.0157088041305542, -8.74925586968132e-10, 1759352046760308669
0.013768970966339111, 0.003122866153717041, -8.125168225222971e-10, 1759352046790286758
-0.009920835494995117, -0.023746013641357422, -7.015211035338202e-10, 1759352046821462629
-0.02072805166244507, -0.00921255350112915, -6.182416808209868e-10, 1759352046852668408
0.022516310214996338, 0.014175176620483398, -6.808800901002843e-10, 1759352046880331575
0.027777254581451416, -0.012929797172546387, -5.435197514566167e-10, 1759352046910871946
0.0326729416847229, -0.0022209882736206055, -3.266918814058201e-10, 1759352046940375921
0.007146477699279785, -0.007578492164611816, -1.988488644508368e-06, 1759352046970353892
0.0052912235260009766, 0.0444832444190979, -1.2682697204230447e-10, 1759352047000522586
0.028260469436645508, 0.011919796466827393, -3.206333062840912e-11, 1759352047030485171
-0.03747153282165527, 0.01835721731185913, 5.451089442890778e-11, 1759352047120502576
0.023628056049346924, 0.03589290380477905, -1.7031885168741974e-12, 1759352047150522748
0.003620147705078125, -0.027544021606445312, -1.7637579447336448e-10, 1759352047180586740
0.00695192813873291, -0.02246546745300293, -2.9871279422635983e-10, 1759352047210678388
-0.020118772983551025, -0.009865045547485352, -3.251949303420013e-10, 1759352047240735816
-0.0052443742752075195, -0.004545927047729492, -2.1513820134428581e-10, 1759352047300912135
0.009058594703674316, -0.015350282192230225, -2.035626810445211e-10, 1759352047333231791
0.001969575881958008, -0.002753138542175293, -1.595754520702338e-10, 1759352047363847731
-0.012004256248474121, 0.015343248844146729, -1.4746134181067742e-10, 1759352047401050632
0.017179250717163086, 0.000948488712310791, 1.979904166875596e-06, 1759352047431155393
0.008450984954833984, 0.017105579376220703, 1.981564228932937e-06, 1759352047461235900
-0.030787169933319092, -0.009871482849121094, 9.430319123893997e-11, 1759352047493285255
-0.010529696941375732, -0.008135676383972168, 1.777009226594421e-10, 1759352047523903268
0.02756601572036743, -0.006469547748565674, 3.0924147648173785e-10, 1759352047551387868
0.011426568031311035, -0.012015581130981445, 3.328825875752161e-10, 1759352047581445898
-0.006646156311035156, -0.010189950466156006, 3.0434496194458677e-10, 1759352047611484456
-0.02266031503677368, -0.038689374923706055, 2.4175693583549946e-10, 1759352047641521752
0.0063561201095581055, 0.015457212924957275, 1.6709538493954144e-10, 1759352047671566770
0.020810365676879883, -0.023972630500793457, 1.4896607521683125e-10, 1759352047701738030
-0.004476726055145264, -0.032689690589904785, 1.9189806363113064e-06, 1759352047732799484
0.004540741443634033, 0.010911762714385986, -1.0668305067948001e-10, 1759352047764639642
-0.0005941390991210938, 0.030937492847442627, -2.448975213769825e-10, 1759352047791888742
0.02819591760635376, 0.007687211036682129, -2.664021166958511e-10, 1759352047821931332
0.017342746257781982, -0.026349782943725586, -2.998428638473537e-10, 1759352047852013015
-0.01498711109161377, -0.020725488662719727, -3.180703808870493e-10, 1759352047882073612
-0.032686471939086914, 0.022717297077178955, -4.991807802223076e-10, 1759352047911115200
0.046558678150177, 0.022760510444641113, -4.826989350537438e-10, 1759352047942177442
0.012054443359375, -0.006071031093597412, -3.7565085930637896e-10, 1759352047973141795
-0.006411135196685791, -0.0063037872314453125, -2.569366291529853e-10, 1759352048004655951
-0.024718165397644043, 0.006049692630767822, -8.896872594119872e-11, 1759352048032468086
-0.015698730945587158, 0.029063940048217773, -5.8172846948343146e-11, 1759352048062409856
0.03266018629074097, 0.003405153751373291, -1.3823548288211586e-12, 1759352048092509197
-0.01441049575805664, -0.01143568754196167, 4.6141751762934274e-12, 1759352048122532606
0.005305111408233643, 0.0009493231773376465, -3.297112106626367e-11, 1759352048152637509
-0.021530568599700928, 0.0061966776847839355, -2.930693802195528e-11, 1759352048182689197
0.012719273567199707, 0.018499314785003662, 2.8340083618206123e-12, 1759352048212786813
0.014301896095275879, -0.014130353927612305, 3.867441532287558e-12, 1759352048244704147
0.13624733686447144, 0.024806678295135498, 0.0007960931847446976, 1759352048363024066
1.0623292922973633, 0.2607532739639282, 0.031358953748041915, 1759352048393143335
1.1443548202514648, -0.02086418867111206, 0.1432984440126837, 1759352048423287292
0.892826497554779, 0.2104734182357788, 0.16231912776248938, 1759352048453238519
0.9059452414512634, -0.0809866189956665, 0.2079194533439376, 1759352048485616321
0.19541871547698975, 0.15728044509887695, 0.2621390361964456, 1759352048516714676
0.7177211046218872, 0.2443256378173828, 0.3601797673734345, 1759352048543403420
0.6075227856636047, 0.1767864227294922, 0.39626131305696294, 1759352048573512674
0.5082231760025024, -0.20627951622009277, 0.45371894907262034, 1759352048603533329
0.5052903890609741, 0.07236570119857788, 0.47193024412443985, 1759352048633594130
-0.1255764365196228, 0.7265309691429138, 0.5106742426833267, 1759352048663647877
0.1562456488609314, -0.09313231706619263, 0.49576558625665035, 1759352048693737211
-0.4454963207244873, -0.4453262686729431, 0.4564016149242287, 1759352048724113985
-0.07028353214263916, 0.38297438621520996, 0.42364971913482063, 1759352048756879643
-0.5728344321250916, 0.5710150003433228, 0.5432426575487262, 1759352048783896554
0.17719978094100952, -0.47446322441101074, 0.5021092764229399, 1759352048813985912
-0.30792367458343506, -0.17035681009292603, 0.5022889888825276, 1759352048843025116
0.3362380862236023, 0.6717292070388794, 0.4938567641641039, 1759352048873109101
-0.09760993719100952, -0.1816118359565735, 0.4969642115113735, 1759352048904186723
0.03684401512145996, -0.04868048429489136, 0.48807999257936163, 1759352048934331745
0.019742369651794434, 0.3974400758743286, 0.47092484763138087, 1759352048964798481
-0.14575976133346558, -0.16383206844329834, 0.46039479930130894, 1759352048997331360
-0.24325847625732422, 0.12397980690002441, 0.5547789118013179, 1759352049024495060
-0.18080943822860718, -0.14679020643234253, 0.5048954006619129, 1759352049055264270
0.4692421555519104, 0.09297466278076172, 0.5497602888750387, 1759352049084545344
-0.16305071115493774, 0.5147490501403809, 0.5097301989914573, 1759352049115251461
0.25878816843032837, -0.17133378982543945, 0.514391660151603, 1759352049145222809
0.22010934352874756, 0.02136242389678955, 0.5096002534665462, 1759352049175539471
0.06776762008666992, 0.22388571500778198, 0.5129866820168077, 1759352049205345766
-0.06175875663757324, -0.062330782413482666, 0.46384482633634166, 1759352049236908615
0.13557785749435425, 0.2587076425552368, 0.47773522590221923, 1759352049266976626
-0.3130388855934143, 0.06810784339904785, 0.529298573017389, 1759352049295439191
0.13167762756347656, -0.006072342395782471, 0.5345885533694391, 1759352049325378177
-0.07376736402511597, 0.3235398530960083, 0.5414841639103023, 1759352049355397881
0.3418661952018738, 0.1170225739479065, 0.5230569941803103, 1759352049385373799
-0.06771385669708252, -0.15662610530853271, 0.5052728201867691, 1759352049415494441
0.0825965404510498, 0.4209578037261963, 0.4959824114685488, 1759352049445555126
0.24930202960968018, 0.022887825965881348, 0.49029249149934423, 1759352049476855752
-0.47341859340667725, -0.2893304228782654, 0.4660234351768527, 1759352049508992549
0.03643345832824707, 0.33892810344696045, 0.5421411119408069, 1759352049535638823
-0.08035552501678467, 0.37260156869888306, 0.49502939390980627, 1759352049565629597
-0.006894946098327637, -0.4781331419944763, 0.5287426887190739, 1759352049595643096
0.22414064407348633, 0.0858004093170166, 0.5386076610103088, 1759352049625653697
0.0702243447303772, 0.5646076202392578, 0.5126242164007516, 1759352049655717457
-0.19912880659103394, -0.4048709273338318, 0.48776831643378327, 1759352049685838227
0.11059647798538208, -0.12644881010055542, 0.47155955540271954, 1759352049716758689
0.1053316593170166, 0.7337555289268494, 0.4641973659062454, 1759352049748776848
-0.298261821269989, -0.3692234754562378, 0.5665008172261223, 1759352049776027710
-0.1387748122215271, -0.11818408966064453, 0.5071656879969556, 1759352049805079369
0.18870806694030762, -0.039182305335998535, 0.47269792254707804, 1759352049836260241
0.07938098907470703, 0.23787921667099, 0.5244310886779675, 1759352049866225658
-0.19916003942489624, 0.007143676280975342, 0.5190849666976828, 1759352049896225995
0.3737661838531494, 0.045520246028900146, 0.5199303108920387, 1759352049926310023
-0.35404497385025024, 0.13493943214416504, 0.4686163082300598, 1759352049957774951
0.28349459171295166, 0.07499563694000244, 0.4580029806451578, 1759352049989097232
-0.2071901559829712, -0.1072893738746643, 0.5497127840560221, 1759352050016502426
-0.2692181468009949, 0.29027706384658813, 0.4963955568890479, 1759352050046497377
0.006242036819458008, 0.15227293968200684, 0.5290090714819257, 1759352050076558750
-0.10277080535888672, -0.13010817766189575, 0.5318161795121965, 1759352050106648979
0.018339872360229492, 0.14531993865966797, 0.5176245897712903, 1759352050136730955
0.40865558385849, 0.07650339603424072, 0.5292824045503774, 1759352050166807403
0.07788872718811035, -0.005224466323852539, 0.5225458900149468, 1759352050196914398
0.05966353416442871, 0.32672977447509766, 0.4743573533800863, 1759352050228773506
0.23933029174804688, 0.3003358840942383, 0.4748349003101145, 1759352050259557178
-0.6347196102142334, -0.32969748973846436, 0.5438851477129906, 1759352050286989757
0.3721129298210144, 0.3935698866844177, 0.5097578558532975, 1759352050317054376
-0.17507469654083252, 0.2099817395210266, 0.5516662260856812, 1759352050346121840
-0.052580177783966064, -0.7553480863571167, 0.4852955308073427, 1759352050377463653
0.24249064922332764, 0.5193087458610535, 0.4974763780674051, 1759352050407338341
0.0360332727432251, 0.45658737421035767, 0.49794441671333256, 1759352050437408504
-0.30263590812683105, -0.5324347615242004, 0.4649122103629658, 1759352050469182737
0.15142011642456055, 0.046986281871795654, 0.49615905833382956, 1759352050500808320
0.2672284245491028, 0.7089629173278809, 0.5449271860724978, 1759352050537803625
-0.3745427131652832, 0.4543045163154602, 0.506082258206956, 1759352050567760214
-0.2929222583770752, -0.8603160977363586, 0.510438247967591, 1759352050597829998
0.2266189455986023, -0.6285306215286255, 0.49110130942756575, 1759352050629027044
-0.11966538429260254, 0.6973272562026978, 0.4926819655442247, 1759352050661248945
0.1669139266014099, 0.18721354007720947, 0.5731056036621843, 1759352050687908842
-0.2562870979309082, -0.4011465907096863, 0.4812965866798983, 1759352050717924910
0.5413358807563782, 0.019032955169677734, 0.49593191277619586, 1759352050748000485
-0.18470895290374756, 0.36860811710357666, 0.494978228044532, 1759352050778030338
0.2139022946357727, -0.2631532549858093, 0.47940437210068343, 1759352050808085551
-0.10770666599273682, 0.15223491191864014, 0.48454022090955834, 1759352050838153356
-0.20183181762695312, 0.341014564037323, 0.488074993059134, 1759352050868998243
0.3104604482650757, -0.14543277025222778, 0.5099653171946791, 1759352050900841743
-0.20445525646209717, 0.12932109832763672, 0.580224572801442, 1759352050928451999
-0.30125969648361206, 0.12268102169036865, 0.5063621259430213, 1759352050958435792
0.04128366708755493, -0.08553791046142578, 0.49554437804226775, 1759352050988515740
0.7560213208198547, 0.19653761386871338, 0.4990304438298666, 1759352051018570575
-0.16823774576187134, 0.1357833743095398, 0.5094284731957759, 1759352051048599254
-0.14491617679595947, -0.22179299592971802, 0.5057924972141408, 1759352051078712057
0.06528306007385254, 0.04901164770126343, 0.47385616306739814, 1759352051109297745
-0.17625212669372559, 0.17397356033325195, 0.45976238706530964, 1759352051140128138
-0.2543331980705261, -0.024457216262817383, 0.5265216940903085, 1759352051169006336
0.2720370888710022, -0.11553490161895752, 0.5448367480123133, 1759352051198909733
0.5048556327819824, 0.39858800172805786, 0.5189010894668266, 1759352051229031273
-0.24753981828689575, -0.49802738428115845, 0.43363343621011047, 1759352051251486362
0.36567366123199463, -0.5368402004241943, 0.5280915050363585, 1759352051288109454
-0.05239945650100708, 0.6020290851593018, 0.4826893717808911, 1759352051318188158
-0.47301918268203735, 0.11979824304580688, 0.49032633632575656, 1759352051349260797
0.1312045454978943, -0.6768819093704224, 0.48800966888378644, 1759352051380855005
0.4829851984977722, 0.9753708839416504, 0.4817064953065933, 1759352051411816189
0.21998077630996704, 0.9476297497749329, 0.5574293017120934, 1759352051439521103
-0.03663671016693115, -0.3493587374687195, 0.49564985112343746, 1759352051469767912
0.2514156699180603, -0.5229215025901794, 0.5065600705360296, 1759352051499677361
0.11694008111953735, 0.818313717842102, 0.5349861928725078, 1759352051529623389
-0.16035151481628418, 0.19702202081680298, 0.482579602542968, 1759352051559670671
0.080402672290802, -0.4215576648712158, 0.4636703524708656, 1759352051590435026
0.039784371852874756, 0.17238277196884155, 0.47616067928119193, 1759352051621310379
-0.2829040288925171, 0.21561789512634277, 0.4809313373688834, 1759352051653047821
0.19168239831924438, -0.2047519087791443, 0.5805173987230063, 1759352051680478782
-0.2555791139602661, 0.09291768074035645, 0.5178526924762641, 1759352051710547682
0.4283236265182495, 0.07683545351028442, 0.5086720765963078, 1759352051740523766
-0.34035295248031616, 0.02844405174255371, 0.5117364420880398, 1759352051770563927
0.1393471360206604, 0.012105822563171387, 0.4988318314220339, 1759352051800616009
-0.13356828689575195, 0.15944170951843262, 0.5150614036732772, 1759352051830323357
-0.03988683223724365, -0.2652829885482788, 0.46234530039082083, 1759352051861810947
-0.012063264846801758, 0.046533942222595215, 0.4638621869749941, 1759352051893047079
-0.08893579244613647, 0.13828831911087036, 0.5561218600569612, 1759352051920520921
-0.3277137875556946, -0.04878568649291992, 0.5100451678319565, 1759352051950528908
0.10877203941345215, 0.08848881721496582, 0.5190138133914818, 1759352051980592288
0.271364688873291, 0.0502171516418457, 0.5191816034464405, 1759352052010694450
-0.4469307065010071, -0.10594767332077026, 0.5099364094790416, 1759352052040710289
0.3186376690864563, -0.104880690574646, 0.514617312081589, 1759352052070742345
0.17643296718597412, 0.3525860905647278, 0.5111486022858721, 1759352052100861199
-0.32941073179244995, 0.13179391622543335, 0.4415236598006864, 1759352052133750014
-0.0971221923828125, -0.4947602152824402, 0.47769609582222705, 1759352052162910625
0.6558077335357666, 0.44005078077316284, 0.5252637520772775, 1759352052191050162
-0.24286848306655884, 0.8905778527259827, 0.518568543417076, 1759352052220194906
0.05234944820404053, -0.542320191860199, 0.4862684230086614, 1759352052251156421
-0.06821918487548828, -0.20618337392807007, 0.5106717125226741, 1759352052281178710
0.536849319934845, 0.6883798241615295, 0.49773728061785616, 1759352052311275641
-0.3583601713180542, -0.2693004608154297, 0.49983474277446527, 1759352052341307648
0.04544466733932495, -0.4262341856956482, 0.47368805610031567, 1759352052373090773
-0.133986234664917, 0.6296895146369934, 0.489223922504439, 1759352052404091710
-0.11202490329742432, 0.2878161072731018, 0.5407742405322319, 1759352052431556915
-0.1877179741859436, -0.37263554334640503, 0.5036322780038106, 1759352052461586428
0.5323302745819092, -0.05881154537200928, 0.5440684375905132, 1759352052491658283
0.3251895308494568, 0.2522655129432678, 0.5302029847580209, 1759352052521751029
-0.8042715787887573, -0.12195980548858643, 0.507321283483542, 1759352052551753356
0.3551632761955261, 0.002969086170196533, 0.48628328254574854, 1759352052581905891
-0.17631793022155762, 0.16474437713623047, 0.46287262883434444, 1759352052613236427
0.14433813095092773, -0.05596119165420532, 0.4485188225908273, 1759352052645706688
-0.12925595045089722, 0.02593088150024414, 0.5809301257413269, 1759352052672062930
-0.1963179111480713, 0.11284679174423218, 0.5096442467790762, 1759352052702062405
-0.18658661842346191, -0.09370291233062744, 0.49752982183253874, 1759352052732171356
0.03951537609100342, 0.15399283170700073, 0.5014111803568152, 1759352052762187269
-0.06928712129592896, 0.051754772663116455, 0.5242424010649853, 1759352052792278273
-0.07897335290908813, -0.08410787582397461, 0.5146226427897566, 1759352052822329324
0.2615853548049927, 0.10813069343566895, 0.4888982868062732, 1759352052852131126
0.02264028787612915, 0.11056983470916748, 0.44021273620656093, 1759352052885081127
0.018190741539001465, -0.21395587921142578, 0.5418700510940913, 1759352052912589446
-0.4582695960998535, -0.05528467893600464, 0.5249365516968796, 1759352052942570601
0.4508267641067505, 0.551125705242157, 0.5127440721546591, 1759352052972688025
-0.7186394929885864, 0.5798194408416748, 0.49178904033493254, 1759352053002988500
0.40347152948379517, -0.40621113777160645, 0.5028289811429972, 1759352053032839867
-0.38003939390182495, -0.15260297060012817, 0.5154207528295712, 1759352053062812867
0.7019761800765991, 0.8313376903533936, 0.5075237626985097, 1759352053093829125
-0.6029423475265503, -0.6733245849609375, 0.4790737551704578, 1759352053125088517
-0.1408226490020752, -0.4633967876434326, 0.4737720278635556, 1759352053155062022
0.38870447874069214, 1.0758801698684692, 0.5320407203876869, 1759352053183055737
-0.727199912071228, -0.390508770942688, 0.5108615783955969, 1759352053212140764
0.4870203733444214, -0.6536445617675781, 0.5011412083050126, 1759352053243192120
0.22451496124267578, 0.8926264643669128, 0.5626876926738795, 1759352053273282263
-0.05189913511276245, 0.07200044393539429, 0.5069310276922584, 1759352053303307213
-0.4186115860939026, -0.5702551603317261, 0.48783693802280137, 1759352053333480780
1.0585700273513794, 0.2904353141784668, 0.47978571962565697, 1759352053365189088
-0.4200339913368225, 0.22162091732025146, 0.4956508264410621, 1759352053396113634
0.3171480894088745, -0.23758786916732788, 0.5515046765037164, 1759352053423633851
-0.34693652391433716, 0.23613238334655762, 0.48795449087514736, 1759352053453665795
0.08943217992782593, 0.15760284662246704, 0.48477567906843394, 1759352053483696532
-0.2955467104911804, -0.23487627506256104, 0.498697042607887, 1759352053513778536
-0.11903810501098633, 0.0030708909034729004, 0.5103612108474652, 1759352053543882923
-0.08500552177429199, 0.37343132495880127, 0.5370746764429097, 1759352053573958937
0.01247107982635498, -0.21764975786209106, 0.4861874042744949, 1759352053605517212
-0.05677342414855957, -0.053904831409454346, 0.4623581111182199, 1759352053636957470
0.21310311555862427, 0.1076279878616333, 0.5893926805396932, 1759352053663098199
-0.04491448402404785, -0.08884304761886597, 0.49967608906659866, 1759352053693110658
-0.5406474471092224, 0.12999922037124634, 0.45131785668035346, 1759352053724363082
0.519902765750885, 0.20694106817245483, 0.492925176777756, 1759352053754272735
-0.6814196109771729, -0.364188551902771, 0.4970738079793209, 1759352053784474324
-0.0569835901260376, -0.43805956840515137, 0.5016202970964779, 1759352053814487642
-0.12570339441299438, 0.05379354953765869, 0.5167668898141264, 1759352053845148140
0.2604668140411377, 0.9781113266944885, 0.4798992425112031, 1759352053877229975
-0.4280551075935364, -0.7126268148422241, 0.5266776697891561, 1759352053904578475
0.3670496344566345, -0.36596477031707764, 0.4958395118168048, 1759352053934691544
0.10329669713973999, 1.0686405897140503, 0.5071089781240328, 1759352053964745043
-0.5776023864746094, -0.6026820540428162, 0.5080046309146313, 1759352053994758997
0.03106832504272461, -0.3971313238143921, 0.4921033686428242, 1759352054025554889
-0.10681051015853882, 0.7524831295013428, 0.517251770629892, 1759352054055565336
-0.20695406198501587, -0.21310275793075562, 0.5171470969381254, 1759352054085615840
0.278980553150177, -0.5041584968566895, 0.47342415297432355, 1759352054117468571
-0.16851365566253662, 0.5659626722335815, 0.5262177813927617, 1759352054147084621
-0.15326035022735596, 0.19694548845291138, 0.5205929703844732, 1759352054175611685
-0.17436093091964722, -0.2654153108596802, 0.4691151354258801, 1759352054205650316
0.019029557704925537, -0.07421576976776123, 0.48894989706073366, 1759352054235645372
-0.2583020329475403, 0.4130660891532898, 0.5038840847925399, 1759352054265720857
-0.1353365182876587, -0.3456277847290039, 0.5145825262648968, 1759352054295696691
-0.05033683776855469, -0.004356741905212402, 0.5031654933924944, 1759352054325789787
0.11635684967041016, 0.20211690664291382, 0.4987199222115301, 1759352054357045373
-0.041104793548583984, 0.04237908124923706, 0.5109977167289175, 1759352054388536734
-0.07783514261245728, 0.048053860664367676, 0.5631699288504247, 1759352054415867163
-0.34649592638015747, 0.08384746313095093, 0.5116020366869608, 1759352054445886703
-0.08889877796173096, -0.038188815116882324, 0.4915034732798059, 1759352054475887421
0.13480496406555176, 0.1077234148979187, 0.47719009205203294, 1759352054505950892
-0.18508630990982056, 0.02652108669281006, 0.5170373319418026, 1759352054535953770
-0.6429958939552307, -0.1007729172706604, 0.5125049120194608, 1759352054566079555
0.007723331451416016, -0.1431347131729126, 0.49152162867841837, 1759352054597022141
0.05143481492996216, -0.13950222730636597, 0.45543356589329176, 1759352054629703958
-0.04519397020339966, 0.47623753547668457, 0.5584205189563336, 1759352054656253553
-0.0631401538848877, -0.2638965845108032, 0.5270622250741351, 1759352054686195435
0.3670753240585327, -0.04773736000061035, 0.5083341269311636, 1759352054716228262
-0.36368173360824585, 0.5462964177131653, 0.48159087143380375, 1759352054746325792
0.1165781021118164, -0.400851845741272, 0.4801690998241452, 1759352054776389322
-0.38783085346221924, -0.23637038469314575, 0.49137026036980463, 1759352054806473565
-0.16271650791168213, 0.7253472805023193, 0.5159190091418345, 1759352054837047699
-0.36846113204956055, -0.46952974796295166, 0.4997289405494653, 1759352054869073146
0.3600471615791321, -0.298866331577301, 0.5575665823143382, 1759352054896644933
-0.0408247709274292, 0.6716194748878479, 0.5258862921040293, 1759352054926720526
-0.43974119424819946, -0.15467000007629395, 0.4995257929767306, 1759352054956730493
0.18947672843933105, -0.38392704725265503, 0.4920757647674006, 1759352054986935135
3.045797348022461e-05, 0.47786515951156616, 0.5283467548579593, 1759352055016880695
-0.2949512004852295, 0.2435060739517212, 0.4795240431395586, 1759352055047007996
-0.05303311347961426, -0.28114938735961914, 0.46933685895524785, 1759352055077483226
0.4065515398979187, -0.03956031799316406, 0.4649160949028434, 1759352055109416218
-0.46371036767959595, 0.21275115013122559, 0.5248334929630575, 1759352055139027064
0.12520956993103027, -0.005879580974578857, 0.5506124582036116, 1759352055177222110
-0.14354312419891357, 0.046564579010009766, 0.48133305026328976, 1759352055207268741
0.2947051525115967, -0.019240140914916992, 0.48982578168034263, 1759352055237383464
0.037233591079711914, -0.18768525123596191, 0.4845682403659905, 1759352055269519591
0.1574499011039734, 0.18059152364730835, 0.5144915228908835, 1759352055299185381
-0.282615602016449, 0.12352854013442993, 0.5186000170275448, 1759352055327577679
0.14995801448822021, -0.14862918853759766, 0.4883788280622895, 1759352055357649167
-0.3280544877052307, 0.16729027032852173, 0.4961600442014537, 1759352055387928553
0.24465256929397583, -0.12734806537628174, 0.522041900305094, 1759352055417725984
-0.18188339471817017, 0.3256787657737732, 0.5158738462188494, 1759352055447759356
-0.04348331689834595, 0.18795782327651978, 0.4822686938633504, 1759352055478009719
-0.12545228004455566, -0.2225906252861023, 0.48036343059674336, 1759352055508107862
0.1154090166091919, 0.26215600967407227, 0.440210422148595, 1759352055541556703
-0.3351265788078308, 0.08791613578796387, 0.5627058520848005, 1759352055568076982
-0.02362149953842163, -0.3637655973434448, 0.5138910676723136, 1759352055597111081
0.18911677598953247, 0.48769432306289673, 0.474035144319108, 1759352055628181518
0.09013587236404419, 0.1750195026397705, 0.5113784581552754, 1759352055658204942
-0.17583847045898438, -0.5083609819412231, 0.5153913252916371, 1759352055688263313
-0.19017338752746582, 0.13875120878219604, 0.51213700298801, 1759352055718326063
0.20635414123535156, 0.5768845677375793, 0.5247485302503796, 1759352055747127135
-0.19451028108596802, -0.33158212900161743, 0.42137708590571904, 1759352055781804558
0.15255284309387207, -0.22742384672164917, 0.5577563723752568, 1759352055808595072
-0.19366908073425293, 0.7263399362564087, 0.5027430791913817, 1759352055838613717
-0.4062058925628662, -0.4144100546836853, 0.49481119420024994, 1759352055868685580
-0.04339432716369629, -0.2000422477722168, 0.5034759307504877, 1759352055898724729
-0.094318687915802, 0.6789084672927856, 0.5165402828513211, 1759352055928788234
0.16976624727249146, -0.1772947907447815, 0.5314162170182816, 1759352055958853676
0.32791221141815186, -0.2565906047821045, 0.5226209559414958, 1759352055988141219
-0.13200390338897705, 0.3963882327079773, 0.45278804687086177, 1759352056021391592
0.043084800243377686, -0.05327749252319336, 0.5407643318779823, 1759352056049043317
-0.028681397438049316, -0.012039661407470703, 0.4714013404111512, 1759352056079225515
-0.20844632387161255, -0.08528310060501099, 0.49220015726917477, 1759352056109163810
0.19024908542633057, 0.1232907772064209, 0.49601657920724046, 1759352056139266563
-0.33894193172454834, 0.22197777032852173, 0.5112849355665103, 1759352056169433245
0.06452637910842896, 0.01232224702835083, 0.5313100628094608, 1759352056199394827
-0.24584197998046875, 0.08613371849060059, 0.5056420123648964, 1759352056229830563
0.2514963150024414, 0.1108407974243164, 0.503640299678491, 1759352056260139366
-0.06876158714294434, -0.13289713859558105, 0.5095863982271773, 1759352056291125116
-0.2848415970802307, 0.41432029008865356, 0.5232011985246656, 1759352056319817082
0.11981427669525146, 0.24492287635803223, 0.48817687547544103, 1759352056349714920
0.3093172311782837, -0.01776111125946045, 0.425279482800108, 1759352056372504931
0.07370012998580933, 0.4448036551475525, 0.533594818434393, 1759352056399820177
-0.37229204177856445, -0.44276273250579834, 0.5250752764740131, 1759352056429986364
0.25350141525268555, -0.08324497938156128, 0.5400185301956839, 1759352056459918210
-0.3406134843826294, 0.8625781536102295, 0.5148396265835845, 1759352056489959481
0.7299908399581909, -0.4891776442527771, 0.4992700406710059, 1759352056520025454
-0.3056349754333496, -0.22017979621887207, 0.4961397821419211, 1759352056550080516
0.5902920365333557, 0.7984362840652466, 0.48953824472210955, 1759352056581234593
-0.3412597179412842, -0.5441641807556152, 0.45737427998872887, 1759352056613731114
-0.1259250044822693, -0.5588050484657288, 0.5167908274291044, 1759352056650348996
0.3914891481399536, 0.09592020511627197, 0.4881986001891438, 1759352056680378329
-0.6312224268913269, 0.688934862613678, 0.4949932596617857, 1759352056710428862
-0.06131184101104736, -0.5080689191818237, 0.5489995060262859, 1759352056740567916
-0.12152677774429321, 0.02899312973022461, 0.5199800306831389, 1759352056773323359
-0.1762649416923523, 0.7282232642173767, 0.5512148671117953, 1759352056800672154
-0.14114880561828613, -0.28532588481903076, 0.5057333955652032, 1759352056830702659
0.17323178052902222, -0.44462019205093384, 0.5094839702071794, 1759352056860796616
-0.4383554458618164, 0.7245180010795593, 0.4954893994021028, 1759352056890804539
0.0009648799896240234, 0.23131710290908813, 0.4780991742037186, 1759352056920897696
-0.33085793256759644, -0.19339483976364136, 0.4897175315260804, 1759352056950973291
-0.571510910987854, -0.018603265285491943, 0.5055314450849916, 1759352056981439904
0.32977163791656494, -0.15226638317108154, 0.4877858649454125, 1759352057013976053
0.10278445482254028, 0.3502890467643738, 0.563597581434008, 1759352057041161198
-0.31878888607025146, 0.028342902660369873, 0.507159710830488, 1759352057070130571
0.24153649806976318, -0.10222560167312622, 0.46558210257436966, 1759352057101239449
0.09555697441101074, 0.20678699016571045, 0.4403858870295093, 1759352057123343225
-0.5780479311943054, -0.04184746742248535, 0.5234261154351916, 1759352057161374278
-0.2350374460220337, 0.3679572343826294, 0.5041443491152446, 1759352057191405311
0.33957910537719727, 0.2200155258178711, 0.5220790610808319, 1759352057220531692
-0.3600749969482422, -0.347395658493042, 0.48215135956620253, 1759352057252776604
0.18149453401565552, 0.3957429528236389, 0.4794313863115227, 1759352057284366913
-0.46849775314331055, 0.3471779227256775, 0.5628879981516194, 1759352057311718243
-0.17214137315750122, -0.4543612599372864, 0.5126025270521852, 1759352057341745252
-0.02040344476699829, 0.3057144284248352, 0.493509101293014, 1759352057371815788
-0.10937213897705078, 0.20376646518707275, 0.47974021216701784, 1759352057401895240
0.0649833083152771, -0.35519152879714966, 0.48789365758705566, 1759352057431934019
-0.06189894676208496, 0.24525558948516846, 0.4935470970287426, 1759352057462017453
-0.24712252616882324, 0.4098321795463562, 0.4801097257458798, 1759352057493383372
-0.05256974697113037, -0.29837971925735474, 0.466717468687997, 1759352057526178197
-0.30483096837997437, -0.2213243842124939, 0.5896015453835237, 1759352057552191510
-0.3118084669113159, 0.7777368426322937, 0.49041306111127, 1759352057582248648
0.2528216242790222, -0.23786133527755737, 0.5110872789228994, 1759352057612290808
-0.2173965573310852, -0.18934667110443115, 0.5144253218164331, 1759352057642385088
-0.15112030506134033, 0.5039334297180176, 0.48956811869152034, 1759352057672448219
-0.18800193071365356, 0.09130388498306274, 0.5064016691471135, 1759352057702522021
-0.15305328369140625, -0.15565049648284912, 0.4909968665138862, 1759352057733533931
-0.3238729238510132, 0.17281830310821533, 0.48344169383039204, 1759352057765730661
0.11677122116088867, 0.3302932381629944, 0.5700708426840443, 1759352057792915428
-0.18918001651763916, 0.32317352294921875, 0.4933130244231356, 1759352057822752152
-0.10152167081832886, 0.0450708270072937, 0.5067132236839417, 1759352057852832180
0.29201436042785645, -0.025901734828948975, 0.500810774484582, 1759352057882902905
-0.2594470977783203, 0.13939905166625977, 0.48750803648046215, 1759352057912986436
0.3539862632751465, 0.14628714323043823, 0.4843264476094156, 1759352057943057219
-0.4718472957611084, -0.060098886489868164, 0.4628329345109467, 1759352057973533978
0.2367541790008545, 0.06548744440078735, 0.46523830708262587, 1759352058005572532
-0.16200822591781616, -0.04309970140457153, 0.5413574811553529, 1759352058035212785
-0.10947650671005249, 0.3673466444015503, 0.5538668067406116, 1759352058063229486
0.013875603675842285, 0.36766690015792847, 0.5214908651043733, 1759352058093282265
0.09620553255081177, -0.3238583207130432, 0.5082940333619098, 1759352058123371298
0.11514800786972046, 0.1252555251121521, 0.49839871576332756, 1759352058153448012
0.11086982488632202, 0.35126399993896484, 0.5094221016984862, 1759352058183491917
-0.2787429094314575, -0.34694886207580566, 0.49700295915526504, 1759352058212839553
-0.0027703046798706055, 0.39235907793045044, 0.44177121721129925, 1759352058245634993
0.14697760343551636, 0.4004146456718445, 0.47607129296968276, 1759352058276583380
-0.5630768537521362, -0.544291615486145, 0.5626521292574514, 1759352058303787010
0.23414307832717896, 0.1948583722114563, 0.537379218668967, 1759352058333796181
-0.3694782257080078, 0.6159952878952026, 0.5273739890733932, 1759352058363868449
0.1193091869354248, -0.4537421464920044, 0.502377293281214, 1759352058393918956
0.105629563331604, -0.20231175422668457, 0.501010952090349, 1759352058424000776
0.16857969760894775, 0.6467638611793518, 0.5100357346874019, 1759352058454070445
-0.24263650178909302, -0.1340382695198059, 0.4939108343612438, 1759352058485351385
0.004162490367889404, -0.19184839725494385, 0.4734945687168303, 1759352058517309178
-0.2034032940864563, 0.35069459676742554, 0.5458846192709568, 1759352058544374294
-0.302048921585083, 0.4105970859527588, 0.48722871657866534, 1759352058574495742
-0.04987442493438721, -0.25313395261764526, 0.539982613266059, 1759352058604361773
-0.14566540718078613, 0.3174722194671631, 0.5417770372091265, 1759352058634423888
-0.04864704608917236, 0.06633645296096802, 0.49053589096088057, 1759352058664589729
0.3405616283416748, 0.06418699026107788, 0.4929239202537312, 1759352058693639934
0.16864055395126343, 0.1454816460609436, 0.4567951726090889, 1759352058725791786
-0.21855998039245605, -0.1134943962097168, 0.4755951169675186, 1759352058757291495
0.3758201003074646, 0.3683454990386963, 0.5661017152329969, 1759352058784854432
-0.44825708866119385, 0.10374343395233154, 0.5169768451700079, 1759352058814780923
0.651124894618988, -0.2233092188835144, 0.5186337660184362, 1759352058844887835
-0.006332457065582275, 0.4521270990371704, 0.5083461299636258, 1759352058874987109
0.26144784688949585, -0.030223965644836426, 0.515094077204923, 1759352058904143274
-0.1173088550567627, 0.12884849309921265, 0.49018366267534325, 1759352058935096211
0.14556312561035156, 0.43215781450271606, 0.46340904374833997, 1759352058965842866
-0.22783708572387695, -0.3286007046699524, 0.4561955044254198, 1759352058997382426
0.24878764152526855, 0.4344879388809204, 0.4820547172560091, 1759352059027395047
-0.5819180607795715, 0.21337461471557617, 0.5223565154246588, 1759352059055878389
-0.26313328742980957, -0.5706987977027893, 0.5190903887874665, 1759352059085891535
0.7781254649162292, 0.5763325691223145, 0.5185705570226372, 1759352059115956780
-0.09572446346282959, 0.3224642872810364, 0.5185767189415517, 1759352059145921010
-0.073089599609375, -0.5908302068710327, 0.5072164600005288, 1759352059175990457
0.06956744194030762, 0.25854891538619995, 0.5146008388677968, 1759352059205285340
0.21716660261154175, 0.561674952507019, 0.4594141817086234, 1759352059237854990
-0.21440041065216064, -0.3708340525627136, 0.47796354871746055, 1759352059268385324
0.3042961359024048, -0.08620578050613403, 0.5346614072120489, 1759352059295989117
-0.26127493381500244, 0.724059522151947, 0.5081977776781962, 1759352059325126899
-0.3836090564727783, 0.5826213359832764, 0.48837156970154016, 1759352059356456492
0.008652806282043457, -0.4945265054702759, 0.5300566744132171, 1759352059386287799
-0.19856798648834229, 0.0730554461479187, 0.5079497505019934, 1759352059416286329
0.4472525715827942, 0.5231050252914429, 0.5132531218100852, 1759352059446266539
-0.2208816409111023, -0.21116513013839722, 0.4817784126854792, 1759352059477540347
-0.25232887268066406, 0.09303802251815796, 0.46643760679401386, 1759352059509564179
0.17582780122756958, 0.3743172287940979, 0.5542360757520274, 1759352059536373700
-0.1256871223449707, 0.05882376432418823, 0.4840487326418466, 1759352059566352474
-0.43582695722579956, -0.0002320408821105957, 0.5057949089225294, 1759352059596397088
-0.22451335191726685, 0.06402641534805298, 0.5279631675970745, 1759352059626466942
0.07424342632293701, 0.1891409158706665, 0.5316575738426427, 1759352059656559978
-0.14495670795440674, 0.094562828540802, 0.5302212557935998, 1759352059685687589
-0.08843237161636353, -0.09487223625183105, 0.4716513813060564, 1759352059717380201
0.019388139247894287, 0.11929589509963989, 0.4583106227429524, 1759352059749772536
0.16301220655441284, 0.022237539291381836, 0.5602523498235725, 1759352059776884731
-0.32824259996414185, 0.3946133255958557, 0.5019913253079253, 1759352059806860610
0.1646357774734497, 0.3763996958732605, 0.47791705758346453, 1759352059836912512
-0.08507698774337769, -0.35315752029418945, 0.48667514239046133, 1759352059866970741
0.12560898065567017, 0.4064841866493225, 0.5072446631663282, 1759352059897072101
0.06044626235961914, 0.293853223323822, 0.5420766278853121, 1759352059927156928
-0.19900447130203247, -0.5553313493728638, 0.49875119277717705, 1759352059957332133
-0.01379305124282837, 0.48230642080307007, 0.44694564434973233, 1759352059989367683
0.19694912433624268, 0.4179690480232239, 0.49166778950097495, 1759352060019334949
-0.23940855264663696, -0.5936874747276306, 0.529461137388569, 1759352060047376634
0.13836431503295898, 0.21329337358474731, 0.4986408102350712, 1759352060077419592
-0.45248258113861084, 0.35486871004104614, 0.5076114991178018, 1759352060107455215
-0.018744230270385742, -0.18175756931304932, 0.5025524947786542, 1759352060137613086
-0.36808913946151733, -0.6567224264144897, 0.5100759946484942, 1759352060167651252
0.42640697956085205, 0.17823022603988647, 0.5360486266824946, 1759352060197774636
-0.2938234210014343, 0.7589787244796753, 0.5017773603151839, 1759352060229383569
-0.23752140998840332, -0.36523377895355225, 0.480128524096973, 1759352060260337548
-0.18575841188430786, -0.09280359745025635, 0.5162985712344964, 1759352060287927528
0.4075033664703369, 0.48585599660873413, 0.47979678743474696, 1759352060317946020
-0.31561094522476196, -0.08595973253250122, 0.502729899662707, 1759352060347989194
-0.3784818649291992, 0.19447720050811768, 0.5149490322765741, 1759352060378053819
-0.18808263540267944, 0.19613933563232422, 0.5194475586472139, 1759352060407126517
0.07488816976547241, -0.019533753395080566, 0.4844586971759841, 1759352060438234599
-0.2073734998703003, 0.15015608072280884, 0.47959016789278064, 1759352060469348087
0.0012226104736328125, -0.12110376358032227, 0.4787803582657681, 1759352060501383167
0.39112234115600586, 0.27601879835128784, 0.5651720151792999, 1759352060528454446
0.014018476009368896, 0.2831076979637146, 0.5017648013496095, 1759352060558414589
-0.1481184959411621, -0.22190344333648682, 0.49772567974466453, 1759352060588458059
-0.04260551929473877, 0.08932292461395264, 0.4943340443787816, 1759352060618536642
-0.24118667840957642, 0.034371256828308105, 0.5169998432677787, 1759352060648594046
-0.29668712615966797, 0.40394842624664307, 0.5240043495541504, 1759352060677720804
0.5564910173416138, 0.27294212579727173, 0.47442993561860763, 1759352060709191508
-0.36244434118270874, -0.40409553050994873, 0.46537427485998384, 1759352060741414845
-0.28139352798461914, 0.4750012159347534, 0.5338137170231483, 1759352060768958613
-0.11274957656860352, 0.40389859676361084, 0.5065890593358289, 1759352060798927761
-0.3333424925804138, -0.7331506013870239, 0.49488643351555034, 1759352060828996535
0.1518431305885315, 0.34667903184890747, 0.47771498163258097, 1759352060859043344
-0.2237377166748047, 0.4081827402114868, 0.5101364478935598, 1759352060888114324
-0.07425600290298462, -0.567781388759613, 0.47476655771813886, 1759352060919262738
0.003754258155822754, -0.5610108971595764, 0.5248905029758786, 1759352060949499470
0.19772911071777344, 0.5404120087623596, 0.5012561909303471, 1759352060981425501
-0.2446635365486145, 0.4356878995895386, 0.5372202679468187, 1759352061009419171
-0.16777724027633667, -0.7077945470809937, 0.5134780268016408, 1759352061039552179
-0.06638705730438232, 0.4206540584564209, 0.5070679358269603, 1759352061069649131
0.1628296971321106, -0.43591827154159546, 0.4622833933293274, 1759352061091584975
-0.2240174412727356, -0.37555956840515137, 0.5452947142193042, 1759352061129614515
-0.21494656801223755, 0.06457579135894775, 0.48528124233639935, 1759352061159725140
0.11735457181930542, 0.2966422438621521, 0.5114072000994834, 1759352061189777309
0.06792092323303223, -0.11166930198669434, 0.4839288355846526, 1759352061222057091
-0.117215096950531, 0.10931253433227539, 0.5094272567157241, 1759352061252616137
0.36004626750946045, 0.2169063687324524, 0.5625386508301686, 1759352061279955313
0.20127469301223755, 0.22210454940795898, 0.47150790437519036, 1759352061310039544
-0.2775294780731201, -0.01773393154144287, 0.49599812781131586, 1759352061340090857
0.2824123501777649, -0.03529369831085205, 0.515472786493358, 1759352061370291004
-0.3789885640144348, 0.2165195345878601, 0.508268476368737, 1759352061400478054
-0.13015615940093994, 0.19060921669006348, 0.5079183784138526, 1759352061430348414
-0.22790569067001343, -0.1165459156036377, 0.4781077833799297, 1759352061461446771
0.4832645654678345, 0.10820901393890381, 0.4864524228496622, 1759352061493841633
-0.3849107027053833, 0.048797011375427246, 0.6182563053207161, 1759352061520478136
0.09819579124450684, 0.329142689704895, 0.5076351649071463, 1759352061550553282
-0.09033674001693726, 0.3871864080429077, 0.46285477731477453, 1759352061580576838
-0.04701775312423706, -0.39807647466659546, 0.506097414979782, 1759352061610645281
0.058048129081726074, 0.18901681900024414, 0.5100408635740348, 1759352061640699828
-0.13719677925109863, 0.40482109785079956, 0.523710796941517, 1759352061669759993
0.03673756122589111, -0.5344182848930359, 0.46299444233245196, 1759352061701713513
0.019426167011260986, 0.3651096224784851, 0.45542775607064145, 1759352061733105363
0.21479082107543945, 0.24924272298812866, 0.529782698628443, 1759352061761179146
0.011458814144134521, 0.3203049898147583, 0.5219611659354593, 1759352061791032466
0.24789386987686157, -0.4333069920539856, 0.5218556702410317, 1759352061820106026
0.022379934787750244, 0.23361343145370483, 0.47946978133544244, 1759352061851147641
0.3106113076210022, 0.5726336240768433, 0.4911339736254301, 1759352061881179590
-0.2898330092430115, -0.5352321863174438, 0.47977540338789104, 1759352061911593152
0.39395493268966675, 0.2563619017601013, 0.48846569457656863, 1759352061941778773
-0.5897001624107361, 0.6516494750976562, 0.502604887569676, 1759352061973579079
0.4304109215736389, -0.48629260063171387, 0.5809608373920289, 1759352062001538453
-0.2292124629020691, 0.13231956958770752, 0.5201507318030105, 1759352062031527508
0.544806957244873, 0.5196029543876648, 0.5036707361807556, 1759352062061565314
0.24095869064331055, -0.22160589694976807, 0.46347179508327513, 1759352062083638737
-0.19973266124725342, 0.3406226634979248, 0.5634648328841604, 1759352062111815937
0.08796429634094238, 0.20319873094558716, 0.49836518018671966, 1759352062141693096
0.13952404260635376, -0.19759905338287354, 0.4684185681836744, 1759352062171793672
-0.4641084671020508, 0.07754826545715332, 0.47757735597121226, 1759352062201821696
-0.16455519199371338, 0.18646472692489624, 0.4981332308269884, 1759352062231948766
0.2642388343811035, -0.02289903163909912, 0.5245245841534794, 1759352062262055286
-0.47671908140182495, 0.14899790287017822, 0.49276042703229006, 1759352062293625546
0.363595187664032, 0.13959836959838867, 0.47227307555317105, 1759352062325568243
-0.23376166820526123, 0.08470791578292847, 0.5332317993817373, 1759352062352291113
0.05139803886413574, -0.011847853660583496, 0.4997666286288397, 1759352062382234179
0.12379753589630127, -0.07825052738189697, 0.4471014664216873, 1759352062405696082
-0.37778377532958984, 0.1842101812362671, 0.5589554358181928, 1759352062432438426
0.03362852334976196, 0.32150977849960327, 0.48965598015213596, 1759352062462375270
-0.247239351272583, -0.33702337741851807, 0.48958209982215495, 1759352062492514796
0.10379081964492798, -0.12301141023635864, 0.5007071875633466, 1759352062522642314
0.15945106744766235, 0.047132670879364014, 0.5452768869351994, 1759352062552712413
-0.16390180587768555, 0.9725346565246582, 0.536694427148988, 1759352062582698809
-0.23398929834365845, -0.27999091148376465, 0.4741253743325873, 1759352062613933720
0.49225670099258423, -0.5242246389389038, 0.4572128357215138, 1759352062645850758
-0.15980815887451172, 0.8351169228553772, 0.5431055373707805, 1759352062672905108
-0.4605304002761841, -0.44812750816345215, 0.4889153368696003, 1759352062702870370
-0.01760941743850708, -0.3746985197067261, 0.46811402886266246, 1759352062733012063
0.016800403594970703, 0.9618346691131592, 0.5006903252509709, 1759352062763076888
-0.2922258973121643, -0.3715136647224426, 0.5460694745147029, 1759352062792140228
-0.4698496460914612, -0.6625800728797913, 0.5096016423152301, 1759352062823201874
0.6334424614906311, 0.9631832838058472, 0.5359979856506301, 1759352062853724425
-0.061515092849731445, 0.12326622009277344, 0.4687331944724427, 1759352062886057484
-0.023509502410888672, -0.44145864248275757, 0.5322193204664899, 1759352062913383703
0.465135395526886, 0.27764058113098145, 0.5154624083297121, 1759352062943393766
-0.3783004879951477, 0.10860878229141235, 0.5092131295294938, 1759352062973513966
-0.3047671914100647, -0.12078946828842163, 0.4902874745438988, 1759352063003559650
0.1642622947692871, 0.1771230697631836, 0.47338795522809696, 1759352063033620291
-0.24326568841934204, 0.05300092697143555, 0.47974696296145547, 1759352063063702121
-0.18197357654571533, -0.0034221410751342773, 0.5191898788010753, 1759352063093767294
0.056323468685150146, -0.035561203956604004, 0.5132684555436376, 1759352063125644424
-0.22475767135620117, 0.34539204835891724, 0.4999127093289794, 1759352063156744453
-0.018949508666992188, -0.08906471729278564, 0.551778008044729, 1759352063183936912
-0.30448752641677856, -0.2666095495223999, 0.4881043400575104, 1759352063213962004
0.10353362560272217, 0.2937069535255432, 0.4973537077037261, 1759352063244007514
-0.08966082334518433, -0.003204941749572754, 0.5174330758426032, 1759352063273123453
-0.02091294527053833, 0.014608502388000488, 0.4693364724454481, 1759352063304233635
-0.19338124990463257, -0.09979879856109619, 0.48766978298203756, 1759352063334370983
-0.17668592929840088, 0.14832842350006104, 0.4972225707931699, 1759352063365709805
-0.4052026867866516, -0.12961405515670776, 0.49308967345591037, 1759352063397335160
0.6484325528144836, -0.10851144790649414, 0.5615305087263711, 1759352063424429824
-0.3531208634376526, 0.6052170395851135, 0.49243941277307546, 1759352063454437552
-0.04444587230682373, -0.3222477436065674, 0.47021877704721504, 1759352063484513566
-0.16135919094085693, -0.34778255224227905, 0.4836987512647855, 1759352063514689562
0.16888129711151123, 0.9725584983825684, 0.5157934291354145, 1759352063544649206
-0.5440680384635925, -0.4409037232398987, 0.5193075456208585, 1759352063574780452
0.3539225459098816, -0.4869309663772583, 0.4976565189344169, 1759352063606252567
0.35215938091278076, 0.9979757070541382, 0.47125647750964417, 1759352063637607942
-0.5117508172988892, -0.2583233118057251, 0.5474417112124635, 1759352063664949076
0.4283609986305237, -0.395715594291687, 0.5153999195930372, 1759352063694972519
-0.12234705686569214, 0.8299790024757385, 0.5250852590707725, 1759352063725094990
-0.2936546206474304, -0.013169348239898682, 0.49028496534779853, 1759352063755093035
-0.25419342517852783, -0.1916947364807129, 0.46680307074078453, 1759352063785221162
0.8706924915313721, 0.1905573010444641, 0.4944842881315714, 1759352063815254949
-0.44617223739624023, 0.06420934200286865, 0.5218493238474601, 1759352063846373249
-0.06431549787521362, -0.20472395420074463, 0.5271228299515542, 1759352063877596229
-0.13065987825393677, 0.18291723728179932, 0.5410844156800323, 1759352063905447688
-0.12161213159561157, 0.1276702880859375, 0.4710223688021065, 1759352063936076808
-0.176214337348938, -0.04313993453979492, 0.5220646350373198, 1759352063965135584
0.09528189897537231, -0.09751540422439575, 0.49538651148342117, 1759352063996150867
0.33775508403778076, 0.327786922454834, 0.49666552004589437, 1759352064026234427
-0.11236459016799927, 0.059156715869903564, 0.49272355372377585, 1759352064056251303
-0.06266611814498901, -0.020701706409454346, 0.4775523217476496, 1759352064086343015
-0.1697900891304016, -0.09372067451477051, 0.49524730474358614, 1759352064117902511
0.20813816785812378, 0.10481691360473633, 0.5363904882779982, 1759352064147902471
-0.1610892415046692, 0.09283959865570068, 0.5130974640083952, 1759352064176198612
0.5058104395866394, -0.15122365951538086, 0.49458436324604554, 1759352064206279708
-0.20068544149398804, 0.05086517333984375, 0.5056515028269506, 1759352064236279603
-0.06261926889419556, -0.31852638721466064, 0.49374701185331205, 1759352064266406738
0.30965447425842285, 0.12444466352462769, 0.5017522704133466, 1759352064296367271
-0.1838964819908142, 0.7739161849021912, 0.47845199118895965, 1759352064326540025
-0.2101818323135376, -0.5902085900306702, 0.47565385999457777, 1759352064357122227
0.39395827054977417, -0.19564270973205566, 0.46422122471960975, 1759352064389806995
0.06295132637023926, 1.0414272546768188, 0.6024675791788234, 1759352064416519141
-0.3220111131668091, -0.3990987539291382, 0.5387571598968529, 1759352064446521933
0.2064761519432068, -0.6089593172073364, 0.4989562286141476, 1759352064476576027
-0.08432108163833618, 0.7226483225822449, 0.4881044182824546, 1759352064506640395
-0.34605342149734497, -0.3032233715057373, 0.4920096372567413, 1759352064536728434
-0.25066375732421875, -0.5603077411651611, 0.4886265429673546, 1759352064566809798
0.39889729022979736, 0.9325855374336243, 0.5114681500676986, 1759352064597595970
-0.32264286279678345, 0.0017464160919189453, 0.46490594203270097, 1759352064629898091
0.12781155109405518, -0.5607016086578369, 0.5521433793011358, 1759352064657009519
0.07717043161392212, 0.32120251655578613, 0.5349161751601913, 1759352064687057022
0.38400065898895264, 0.1599116325378418, 0.5171867892552897, 1759352064717084666
-0.19103068113327026, -0.014413714408874512, 0.4760379904280177, 1759352064747153101
0.4133622646331787, 0.04069298505783081, 0.49451697375455184, 1759352064777206009
0.21324044466018677, 0.08782356977462769, 0.5088649130921765, 1759352064807314402
-0.26651471853256226, 0.19099116325378418, 0.49193095248777163, 1759352064837798712
0.10045367479324341, -0.12382781505584717, 0.4764209836374079, 1759352064870081462
-0.3929636478424072, 0.07196545600891113, 0.5678111369076284, 1759352064897562215
0.24661993980407715, 0.019156813621520996, 0.4986544904382021, 1759352064927688902
0.09588676691055298, -0.03710198402404785, 0.5058729503458473, 1759352064957569664
0.1664290428161621, 0.2109254002571106, 0.46209433194238775, 1759352064979772860
-0.3326534032821655, -0.02375507354736328, 0.5445831174754049, 1759352065007692678
0.319050133228302, -0.01065891981124878, 0.4902070344599257, 1759352065037750128
0.19545882940292358, 0.30448752641677856, 0.41834780484729284, 1759352065059818506
-0.06549006700515747, -0.2225673794746399, 0.4890104142297807, 1759352065097874587
-0.0957263708114624, 0.011368632316589355, 0.4882232695486999, 1759352065128023238
0.08651763200759888, 0.3900824189186096, 0.5057035558017541, 1759352065158046165
-0.026381313800811768, -0.12798303365707397, 0.498852201449613, 1759352065190298445
-0.0796583890914917, -0.196361243724823, 0.4974544314321978, 1759352065221421345
0.42736220359802246, 0.3085768222808838, 0.5504437508593226, 1759352065248274391
-0.31316351890563965, -0.07435262203216553, 0.5190002720874397, 1759352065278237585
-0.48378700017929077, -0.43013185262680054, 0.5017071631134788, 1759352065308341620
-0.07658427953720093, 0.5025818943977356, 0.49743424312298085, 1759352065338434625
0.20060724020004272, 0.6598532199859619, 0.4966654927770352, 1759352065368496058
-0.4663081765174866, -0.6343112587928772, 0.4954274973125623, 1759352065398572878
0.15210425853729248, 0.13981568813323975, 0.4947383623943717, 1759352065429950844
-0.4840688705444336, 0.5329484939575195, 0.5240308896266691, 1759352065461620080
0.1618226170539856, -0.47192996740341187, 0.5732868040733478, 1759352065488765530
-0.358920156955719, 0.016008973121643066, 0.4670335931185148, 1759352065518785846
0.1659548282623291, 0.35686224699020386, 0.49029369032010206, 1759352065548805006
0.10770893096923828, -0.3581942915916443, 0.5231516249822034, 1759352065578907608
-0.5096055865287781, 0.24138998985290527, 0.5387825658116034, 1759352065607969166
0.18923300504684448, 0.4297006130218506, 0.48406778547303625, 1759352065639055858
-0.3320612907409668, -0.3322632908821106, 0.4584971055623298, 1759352065669668931
0.22900354862213135, -0.16798728704452515, 0.4797807555914589, 1759352065701126393
-0.169439435005188, 0.03080618381500244, 0.576856013577434, 1759352065729392934
0.42785465717315674, 0.40779560804367065, 0.5177219697722357, 1759352065759290054
-0.15099644660949707, -0.14334547519683838, 0.5134607785031575, 1759352065789316720
0.15911543369293213, -0.20991849899291992, 0.4950526616656592, 1759352065819435041
-0.1637815237045288, 0.3208892345428467, 0.49439707560272406, 1759352065849456236
0.15835964679718018, -0.05784326791763306, 0.5129591967914855, 1759352065879533732
-0.25712770223617554, 0.04968225955963135, 0.48618929961503266, 1759352065909961553
0.6015601754188538, 0.41603565216064453, 0.46352678386889146, 1759352065942369083
-0.2977921962738037, -0.3743457794189453, 0.5794451017804635, 1759352065969859833
-0.1972838044166565, -0.1939418911933899, 0.5223334281902149, 1759352065999770978
0.6401758193969727, 0.7040556073188782, 0.5144304129269279, 1759352066029828220
-0.343725323677063, -0.6660720109939575, 0.44235643664410434, 1759352066051968523
0.5627707242965698, -0.5331841111183167, 0.49359844520464063, 1759352066089937230
-0.09259665012359619, 0.5665269494056702, 0.5192850596452401, 1759352066118157089
-0.07162922620773315, 0.30503368377685547, 0.4808393708411585, 1759352066149175734
-0.17315614223480225, -0.5177607536315918, 0.46958752946886023, 1759352066181975077
0.12908542156219482, 0.5430377721786499, 0.4816354018465414, 1759352066212962844
-0.33720648288726807, 0.35827237367630005, 0.5556165347042918, 1759352066240336840
-0.0032516121864318848, -0.7455477118492126, 0.5355268954491746, 1759352066270340209
0.010494589805603027, 0.22947996854782104, 0.530335626744587, 1759352066300406424
0.24589616060256958, 0.6681244373321533, 0.517624588864307, 1759352066330447716
-0.061912715435028076, -0.6128756403923035, 0.5104973424401158, 1759352066360543309
-0.28072869777679443, -0.10600769519805908, 0.4950406173457584, 1759352066390599847
0.28256356716156006, 0.741515040397644, 0.46670927419608, 1759352066421966615
-0.4499990940093994, -0.32684993743896484, 0.47402457617337673, 1759352066453939063
-0.1729118824005127, -0.054203569889068604, 0.5608805372050131, 1759352066480924132
-0.0825079083442688, -0.027323544025421143, 0.4804532509579179, 1759352066511806221
0.4256362318992615, 0.1768990159034729, 0.4997077971970988, 1759352066541466196
-0.3003246784210205, 0.16251146793365479, 0.5099672727644112, 1759352066571347270
0.4285048246383667, -0.2010541558265686, 0.5034753013992633, 1759352066601416991
-0.1234898567199707, 0.1962537169456482, 0.5004955770082244, 1759352066631379868
0.20500975847244263, 0.11112648248672485, 0.4693933556806229, 1759352066662179953
-0.21209567785263062, -0.13317126035690308, 0.4510842675471326, 1759352066693984349
-0.3116166591644287, 0.2993319034576416, 0.5467932477499166, 1759352066721555549
-0.2818892002105713, -0.13581687211990356, 0.5322364847436802, 1759352066751528701
0.1762586236000061, 0.03184551000595093, 0.5311550208978689, 1759352066781627170
0.01255875825881958, 0.31636494398117065, 0.49692975952980106, 1759352066811842201
0.2091515064239502, -0.3164364695549011, 0.5178941745428104, 1759352066841744838
0.14860302209854126, -0.01016300916671753, 0.515131575706864, 1759352066871637238
-0.06258922815322876, 0.5159876346588135, 0.5013370470779859, 1759352066901756156
0.02834498882293701, -0.08461672067642212, 0.44932973789560343, 1759352066933926506
-0.25354671478271484, -0.21254348754882812, 0.49265690602138407, 1759352066961888157
0.3713276982307434, 0.3282368779182434, 0.46836877007436517, 1759352066991854920
-0.22759771347045898, 0.08631038665771484, 0.5203689970259764, 1759352067021896795
0.046466052532196045, -0.4817770719528198, 0.5274908384815081, 1759352067051981007
0.06080222129821777, 0.4801751971244812, 0.530429433067257, 1759352067081015593
-0.011464953422546387, 0.5894705653190613, 0.4713004676452978, 1759352067112097717
-0.17667973041534424, -0.5852819681167603, 0.4984593948661599, 1759352067142225682
0.060727477073669434, 0.21748512983322144, 0.48563823413682533, 1759352067174368028
-0.2715224623680115, 0.5307692289352417, 0.5164024226552125, 1759352067204996714
0.029334068298339844, -0.3760986328125, 0.5498413645584078, 1759352067232463602
0.17773520946502686, -0.06509906053543091, 0.48676161028788545, 1759352067262439923
-0.07022839784622192, 0.19528454542160034, 0.5202367078090816, 1759352067292526308
-0.19118732213974, 0.17966997623443604, 0.5411234894930453, 1759352067322614690
-0.22174203395843506, -0.10230708122253418, 0.5236802607968163, 1759352067352594096
0.17783957719802856, 0.1763477325439453, 0.4903086680343417, 1759352067382676178
-0.25644510984420776, -0.021688997745513916, 0.44765481056523554, 1759352067413840522
0.05495983362197876, 0.053031742572784424, 0.4620863596131032, 1759352067445774200
-0.45863860845565796, 0.010375440120697021, 0.5590582985026157, 1759352067472942053
-0.3389444947242737, -0.008763551712036133, 0.48892898869778756, 1759352067502925317
0.30283206701278687, 0.16493266820907593, 0.5122695989520308, 1759352067533009065
-0.3786054253578186, -0.039472341537475586, 0.5058380606293889, 1759352067563005021
0.0184175968170166, -0.027861177921295166, 0.5454124475550521, 1759352067591098130
0.19539874792099, 0.15976083278656006, 0.49811587557965287, 1759352067623173955
-0.1240009069442749, 0.15120989084243774, 0.47846698014541716, 1759352067654169137
0.1811215877532959, 0.08295464515686035, 0.4506146267445279, 1759352067686509636
0.0024192333221435547, -0.18004024028778076, 0.5694301491749472, 1759352067713424835
-0.4776776432991028, 0.02464956045150757, 0.4986272190888698, 1759352067743405229
0.4899798035621643, 0.7069847583770752, 0.5040507125164889, 1759352067773493694
-0.6751087307929993, -0.2982913851737976, 0.5050311429490233, 1759352067803524983
0.38972580432891846, -0.41382908821105957, 0.49392145382165464, 1759352067833582863
-0.18616002798080444, 0.6024410128593445, 0.5146973763998615, 1759352067863661464
-0.08660846948623657, 0.18082976341247559, 0.49437742308830723, 1759352067893950207
-0.0834154486656189, -0.42007917165756226, 0.455023652543794, 1759352067926065217
-0.2557442784309387, 0.3768364191055298, 0.4977301410639785, 1759352067955894161
-0.008491158485412598, 0.5378152132034302, 0.5407777314498172, 1759352067983929153
0.035319745540618896, -0.3940173387527466, 0.49606067154060096, 1759352068013999227
0.31044477224349976, 0.07029551267623901, 0.5069718349494619, 1759352068044031006
-0.47671061754226685, 0.36735111474990845, 0.5480868144371173, 1759352068073083209
-0.13010406494140625, 0.13257735967636108, 0.4796017765290039, 1759352068104466409
-0.3284327983856201, -0.24020522832870483, 0.4991478327445776, 1759352068134463944
0.08017033338546753, 0.08612757921218872, 0.4810924986954152, 1759352068165944129
-0.18176865577697754, -0.037916600704193115, 0.49377766025695036, 1759352068197286398
-0.2525874972343445, 0.011942028999328613, 0.5514463634238945, 1759352068224616536
-0.41554224491119385, -0.06941759586334229, 0.48138679258480754, 1759352068254481359
0.3497388958930969, 0.1267428994178772, 0.479528144044678, 1759352068284544812
-0.47090041637420654, 0.3186759948730469, 0.5043414629616677, 1759352068314583669
0.07937729358673096, -0.15691685676574707, 0.5314294285088341, 1759352068344627169
-0.07551318407058716, 0.20963436365127563, 0.5342251208713793, 1759352068374725109
-0.24277102947235107, 0.12901932001113892, 0.46540075602187214, 1759352068406350527
-0.366894006729126, -0.04224950075149536, 0.46407756213989265, 1759352068437126553
0.4273926019668579, 0.1494629979133606, 0.5373337142372759, 1759352068464976729
-0.34450310468673706, -0.028699517250061035, 0.5107665142143708, 1759352068494201600
-0.32763636112213135, 0.03496110439300537, 0.4616121085169021, 1759352068525428049
0.0911514163017273, 0.4343545436859131, 0.4871928006397218, 1759352068554127767
-0.5327017903327942, -0.3608474135398865, 0.502238934058432, 1759352068584561632
-0.07920229434967041, -0.12551391124725342, 0.5237359928224717, 1759352068615218465
-0.20081216096878052, 0.6832050085067749, 0.5210580409319278, 1759352068646372829
0.12755918502807617, -0.16833233833312988, 0.48176784846517207, 1759352068677798262
-0.19228976964950562, -0.4066386818885803, 0.5014720305151188, 1759352068705448736
0.2059118151664734, 0.49436408281326294, 0.4948309388746846, 1759352068735471780
-0.1289806365966797, 0.30625659227371216, 0.5124974412380541, 1759352068765543104
-0.3284727931022644, -0.6715362668037415, 0.49614298111096106, 1759352068795607829
-0.19525176286697388, 0.6760939955711365, 0.4774537478525101, 1759352068825714625
-0.2211177945137024, 0.4575471878051758, 0.47022407348753265, 1759352068856474714
-0.18505674600601196, -0.8155021071434021, 0.5259612300782057, 1759352068886457692
-0.03954964876174927, -0.6018840074539185, 0.5065790329236123, 1759352068917914037
-0.014692366123199463, 0.8654686212539673, 0.5329107422171994, 1759352068947814401
0.21905416250228882, -0.04525101184844971, 0.5342573354941241, 1759352068976470811
-0.32496047019958496, -0.26831120252609253, 0.4860518366780457, 1759352069006466012
0.07956212759017944, 0.3861698508262634, 0.4966562575248951, 1759352069036581218
0.41445988416671753, 0.27012020349502563, 0.5151429138780892, 1759352069066524946
-0.5564103722572327, 0.024730563163757324, 0.5140605364156101, 1759352069096591709
0.07536566257476807, 0.0903978943824768, 0.522226238951979, 1759352069126589657
-0.3303222060203552, 0.07913315296173096, 0.48198112828505363, 1759352069158318420
-0.4752020239830017, 0.09945851564407349, 0.49219913160263024, 1759352069189838424
-0.1550615429878235, -0.03922319412231445, 0.5939401553009805, 1759352069216725838
-0.06929075717926025, 0.1492798924446106, 0.5021665822689855, 1759352069246655977
-0.22117090225219727, 0.017140626907348633, 0.4816790519497288, 1759352069276792595
-0.3494003415107727, -0.1249997615814209, 0.48019724226780597, 1759352069306728372
-0.17721515893936157, 0.3239327073097229, 0.4879400283864665, 1759352069336792039
-0.039346516132354736, 0.1039963960647583, 0.5197360164601778, 1759352069366875390
-0.29268527030944824, -0.14640909433364868, 0.48077200897035666, 1759352069397820171
0.24355953931808472, 0.20884764194488525, 0.46795327366755696, 1759352069429883742
0.07664591073989868, -0.10938185453414917, 0.5824449717063375, 1759352069457030799
-0.23434966802597046, -0.026116907596588135, 0.5004237135585392, 1759352069487042021
0.22987550497055054, 0.5511988401412964, 0.5302761263128708, 1759352069516115299
-0.28531455993652344, -0.2881285548210144, 0.5024819612378933, 1759352069547168445
-0.5447611808776855, -0.2151145339012146, 0.46250111323212023, 1759352069577227583
-0.16624706983566284, 0.5168910026550293, 0.48373583143825094, 1759352069607288162
-0.0050511956214904785, 0.09522789716720581, 0.5037598287904199, 1759352069637853469
-0.4628499150276184, -0.37691402435302734, 0.47552667082200617, 1759352069670683414
-0.1471933126449585, 0.4243089556694031, 0.5764225067819609, 1759352069697601880
0.3538045883178711, 0.7626091837882996, 0.5034954695521195, 1759352069727645627
-0.13765323162078857, 0.002302825450897217, 0.49965523812011026, 1759352069757649057
0.1999804973602295, -0.4782780408859253, 0.5061815421178368, 1759352069787663979
0.05204629898071289, 0.808789074420929, 0.5065414898176961, 1759352069817744729
-0.17634159326553345, 0.27163827419281006, 0.46957939877237626, 1759352069847777126
-0.14323168992996216, -0.21993809938430786, 0.4658861213558122, 1759352069877885191
0.3006616234779358, 0.08310937881469727, 0.4581417924916952, 1759352069910009866
-0.2792230248451233, -0.05429571866989136, 0.5497103119668372, 1759352069940036708
0.2906064987182617, 0.050883948802948, 0.5853739656617022, 1759352069968041716
-0.05425238609313965, 0.04784733057022095, 0.5228726175525683, 1759352069997109130
0.5907047986984253, 0.07394391298294067, 0.46570396194994246, 1759352070028164388
-0.13259661197662354, 0.19488555192947388, 0.4933740200869053, 1759352070058236890
0.07274812459945679, -0.1208353042602539, 0.5052050992343776, 1759352070088279534
0.03786599636077881, 0.22694987058639526, 0.48989857569696144, 1759352070119046858
0.12100714445114136, 0.20507711172103882, 0.4584170908406343, 1759352070149916330
-0.05508542060852051, -0.12444514036178589, 0.459073523067922, 1759352070181832305
0.20046395063400269, 0.22915101051330566, 0.5956291094970558, 1759352070208557139
-0.2702471613883972, 0.08216607570648193, 0.5294994113291907, 1759352070238613599
-0.06804972887039185, 0.09325557947158813, 0.4840528175251468, 1759352070268664407
0.22456413507461548, 0.22980910539627075, 0.4722175960237795, 1759352070298758659
-0.39887136220932007, -0.35296303033828735, 0.5083669732267907, 1759352070328813213
-0.0016711950302124023, -0.011214256286621094, 0.502757893133945, 1759352070358886839
-0.10744690895080566, 0.8062161207199097, 0.4939243943499012, 1759352070389931318
-0.09033811092376709, -0.07077842950820923, 0.4653294024986369, 1759352070421921566
-0.1644553542137146, -0.4874691963195801, 0.5573404844892142, 1759352070448111347
0.6800642013549805, 0.6286357045173645, 0.5089003440505588, 1759352070479158806
0.05452913045883179, 1.150364637374878, 0.5224286247240782, 1759352070509322071
-0.12951719760894775, -0.3237628936767578, 0.5186873542468776, 1759352070538276136
-0.14105087518692017, -0.5548171401023865, 0.4833539231146843, 1759352070569333038
-0.12899404764175415, 0.9840613007545471, 0.4810016735351082, 1759352070599586023
-0.16938096284866333, 0.03266572952270508, 0.4899500213642463, 1759352070630541555
-0.3273509740829468, -0.7037403583526611, 0.49141007823793303, 1759352070662090603
-0.09622222185134888, 0.7237151861190796, 0.5760773466297426, 1759352070689562660
0.19977295398712158, 0.07032507658004761, 0.5210709686591509, 1759352070719661587
0.09964853525161743, -0.45601701736450195, 0.49658271933329107, 1759352070749668001
0.2819511294364929, 0.33880650997161865, 0.5052107353296957, 1759352070779836421
0.2866353988647461, 0.12459081411361694, 0.5230203855524999, 1759352070809801652
-0.22983843088150024, -0.09246045351028442, 0.5031626348707171, 1759352070839893118
0.320149302482605, 0.2804085612297058, 0.49437132226119007, 1759352070869944016
-0.09898853302001953, 0.04707103967666626, 0.44893614375544577, 1759352070902238776
0.1906818151473999, 0.08410173654556274, 0.5500103592969963, 1759352070929188114
-0.10455155372619629, 0.0901908278465271, 0.5172041276584728, 1759352070959161849
-0.21570390462875366, 0.22368580102920532, 0.4924845670752458, 1759352070990281441
-0.0006232261657714844, -0.004034936428070068, 0.4594142874447424, 1759352071012897955
-0.22889554500579834, 0.1392732858657837, 0.5734846758744975, 1759352071040317201
0.19819319248199463, 0.07243597507476807, 0.502392132206456, 1759352071070352259
-0.2252976894378662, 0.06191694736480713, 0.498405471038095, 1759352071100430931
-0.2676011919975281, 0.14882290363311768, 0.5129784776578038, 1759352071130484824
-0.032901108264923096, 0.28745925426483154, 0.4850475759190307, 1759352071160514894
-0.058101534843444824, -0.23259896039962769, 0.4823276078274271, 1759352071190583333
-0.14950984716415405, 0.0032201409339904785, 0.4817130881715455, 1759352071222036834
-0.14334982633590698, 0.4437037706375122, 0.4766999367034959, 1759352071254088206
-0.30992674827575684, -0.5116864442825317, 0.5673858089374448, 1759352071280829956
0.228976309299469, -0.2674415111541748, 0.4714715529776028, 1759352071311922686
-0.03765136003494263, 0.3068903088569641, 0.49801737244959643, 1759352071341467159
0.23614561557769775, -0.01294863224029541, 0.507399040834586, 1759352071371180994
-0.3041383624076843, -0.06707680225372314, 0.4984677960147231, 1759352071401018581
-0.14131015539169312, 0.40476858615875244, 0.5187564073840305, 1759352071430102380
0.13198786973953247, 0.4621274471282959, 0.4686298062469196, 1759352071462633990
-0.46227383613586426, -0.6187838912010193, 0.4946763321337065, 1759352071493112730
0.9858741760253906, 0.15080666542053223, 0.5635424312851702, 1759352071521350109
-0.2597343325614929, 0.8118492960929871, 0.5215613824120457, 1759352071551370658
0.13268160820007324, -0.5390356779098511, 0.4780210987693959, 1759352071581389692
-0.15127402544021606, -0.18039709329605103, 0.484051998452839, 1759352071611521927
0.11340862512588501, 0.7135537266731262, 0.4942727243383966, 1759352071641526048
-0.00827932357788086, -0.13237464427947998, 0.49194130276621245, 1759352071671617371
0.02323925495147705, 0.013364315032958984, 0.48651354781092365, 1759352071702497305
-0.1759575605392456, 0.45295584201812744, 0.4529205708712195, 1759352071734275987
0.3092835545539856, -0.06454819440841675, 0.5378487875332552, 1759352071761869396
-0.5255063772201538, 0.056246399879455566, 0.5238391609994839, 1759352071791841614
0.08134782314300537, 0.08139151334762573, 0.526324357562761, 1759352071821925027
0.02258598804473877, 0.013669312000274658, 0.5083866793462032, 1759352071851989446
-0.12314659357070923, 0.11603760719299316, 0.47418399564463876, 1759352071882039259
0.20630162954330444, -0.011801600456237793, 0.5064878161336577, 1759352071911152704
-0.11011683940887451, 0.1521916389465332, 0.48713714841053396, 1759352071942188527
0.30623823404312134, -0.005142390727996826, 0.4748697901658215, 1759352071974599473
-0.08665680885314941, 0.263397753238678, 0.5027134480284703, 1759352072003856516
0.031404316425323486, 0.26946479082107544, 0.496871577564584, 1759352072032435738
-0.13575541973114014, -0.267183780670166, 0.520119314744719, 1759352072062396116
0.6027344465255737, 0.2924882769584656, 0.5166172745129487, 1759352072092569405
0.03462088108062744, 0.6049608588218689, 0.5113277322288446, 1759352072122689594
-0.5004980564117432, -0.1695818305015564, 0.4958349225329282, 1759352072152632699
-0.21184659004211426, -0.3578415513038635, 0.46797408624041953, 1759352072182674188
0.3271486163139343, 0.6392738223075867, 0.4513945798737095, 1759352072214414354
-0.37055063247680664, 0.13794052600860596, 0.46890067862358076, 1759352072245475198
0.3621114492416382, -0.5435765385627747, 0.5529134026032451, 1759352072272907053
0.2458745241165161, 0.7144668102264404, 0.5214155004197357, 1759352072302893616
0.09854817390441895, 0.5159807205200195, 0.5080272009575321, 1759352072333022598
-0.04563295841217041, -0.6228898167610168, 0.5127134164027184, 1759352072363018636
-0.04480326175689697, 0.24122732877731323, 0.517737639420273, 1759352072393147145
0.1300014853477478, 0.6542451977729797, 0.5105480977027248, 1759352072423187918
-0.030152559280395508, -0.41726887226104736, 0.4784321390600442, 1759352072454157032
-0.026700913906097412, -0.08461034297943115, 0.4566088243744369, 1759352072486785400
-0.21766936779022217, 0.5437770485877991, 0.5821738557441984, 1759352072512452731
-0.18702298402786255, -0.12275463342666626, 0.4843432282757809, 1759352072543359707
-0.14798754453659058, 0.09174591302871704, 0.4911500980773624, 1759352072573514098
-0.02266526222229004, 0.22774970531463623, 0.48848213214657715, 1759352072603546874
0.1831672191619873, 0.12370502948760986, 0.4851722373034491, 1759352072633652451
0.1438862681388855, 0.1101841926574707, 0.49333068670945107, 1759352072663716479
0.3860512971878052, -0.1839069128036499, 0.48958048943292565, 1759352072694499138
-0.05934041738510132, 0.014952600002288818, 0.493831518912533, 1759352072726206890
0.17038965225219727, 0.3043292760848999, 0.5358652858092011, 1759352072753971915
-0.13296020030975342, -0.15838879346847534, 0.4776125349284868, 1759352072783919382
0.451559841632843, 0.09454745054244995, 0.4890540834931206, 1759352072814006085
-0.09388983249664307, 0.1119074821472168, 0.5177667473516477, 1759352072844052211
0.30593031644821167, 0.03899109363555908, 0.5190978588876731, 1759352072874172251
-0.1389128565788269, 0.21561145782470703, 0.4892540418925079, 1759352072904342928
0.12570232152938843, -0.1864137053489685, 0.48131201331757273, 1759352072934702338
0.11207437515258789, 0.13365113735198975, 0.484691097088299, 1759352072965102151
-0.04317086935043335, 0.5416857600212097, 0.4672721297447823, 1759352072995849209
-0.291831374168396, -0.06930297613143921, 0.49738681595644546, 1759352073024464554
-0.3721614480018616, -0.1940772533416748, 0.47399614797716894, 1759352073054447329
-0.15581464767456055, 0.3472862243652344, 0.5029648821802746, 1759352073084525962
-0.05431240797042847, 0.33255261182785034, 0.5352270458425246, 1759352073114606001
-0.10946863889694214, -0.37388861179351807, 0.529791691345682, 1759352073144664186
-0.0789441466331482, 0.39531654119491577, 0.4865015918275632, 1759352073174765352
0.03730541467666626, 0.6239139437675476, 0.46295219889924893, 1759352073206522106
-0.055154263973236084, -0.44173598289489746, 0.477990414206135, 1759352073238095044
0.16340625286102295, -0.029705405235290527, 0.5410462609701262, 1759352073264914963
-0.7806466221809387, 0.5489301085472107, 0.46950165213552547, 1759352073294947384
-0.04561084508895874, -0.06262588500976562, 0.4049930151033818, 1759352073318573847
-0.1296117901802063, 0.23176229000091553, 0.5953752146168343, 1759352073344109862
-0.09543007612228394, 0.06817924976348877, 0.5181622891085158, 1759352073374142668
0.15856671333312988, -0.2264135479927063, 0.5117515910007968, 1759352073405205476
0.06966376304626465, 0.3337748050689697, 0.49012629871602553, 1759352073435291616
0.5823251605033875, 0.09452146291732788, 0.4803184877198926, 1759352073465347692
-0.09804385900497437, -0.06586003303527832, 0.48969042977144517, 1759352073495468080
0.24360722303390503, -0.10371750593185425, 0.5104746148743979, 1759352073525345832
0.13314288854599, 0.24247974157333374, 0.47842858614254874, 1759352073558418535
0.11505597829818726, 0.18894845247268677, 0.548560290648544, 1759352073585600320
0.022022008895874023, -0.028557240962982178, 0.5076707971964266, 1759352073615686303
0.29946887493133545, 0.08357888460159302, 0.5211559357131217, 1759352073645882466
-0.17776000499725342, 0.45382237434387207, 0.5007915933185575, 1759352073675828746
0.3083531856536865, -0.08316582441329956, 0.5308359762289697, 1759352073705978706
0.014976978302001953, 0.25107085704803467, 0.5066487598203011, 1759352073735924016
-0.10642588138580322, 0.17934495210647583, 0.46580404746582177, 1759352073766699509
0.18290871381759644, -0.015679478645324707, 0.5011783860328325, 1759352073797163823
0.03297388553619385, 0.23972952365875244, 0.4965984377195081, 1759352073828070475
-0.44556868076324463, 0.249811589717865, 0.5540848929598907, 1759352073856762830
0.06505125761032104, -0.4065300226211548, 0.539936244477228, 1759352073886756293
0.2120416760444641, 0.5655561685562134, 0.48169771803125516, 1759352073908371793
-0.04757416248321533, 0.5059080719947815, 0.531036765714396, 1759352073946767666
0.010730266571044922, -0.43621718883514404, 0.5154364940684578, 1759352073976803148
0.08666473627090454, 0.11690115928649902, 0.4989010402210455, 1759352074006845711
-0.021928787231445312, 0.41082727909088135, 0.4868478647143661, 1759352074038461044
-0.6736371517181396, -0.5869333744049072, 0.469545826949729, 1759352074069289077
0.1723085641860962, 0.04722404479980469, 0.5240532537332249, 1759352074097016634
0.06825309991836548, 0.6759784817695618, 0.5288447346633111, 1759352074126928315
-0.272006630897522, -0.40632957220077515, 0.5268790149238879, 1759352074156948860
0.257790207862854, -0.029775619506835938, 0.5373759018545805, 1759352074187008930
0.46054959297180176, 0.32208120822906494, 0.5062276192663162, 1759352074217056005
-0.22152769565582275, 0.047498345375061035, 0.4954302166521668, 1759352074246122558
-0.011099040508270264, -0.18067139387130737, 0.4752239147761926, 1759352074278558350
0.11679071187973022, 0.08378124237060547, 0.4980011679771593, 1759352074310256984
-0.245577871799469, 0.2595420479774475, 0.5483302105068403, 1759352074337231347
0.17328745126724243, 0.08701533079147339, 0.4790511879963328, 1759352074367219739
-0.16567909717559814, -0.12330907583236694, 0.4952876928553546, 1759352074397260768
0.0889081358909607, 0.2805577516555786, 0.5041387615102683, 1759352074427359287
-0.3277410864830017, -0.10623818635940552, 0.5207427649920384, 1759352074457424314
-0.02960669994354248, 0.2395196557044983, 0.5062619613558003, 1759352074487538875
-0.19447064399719238, -0.13166409730911255, 0.4744939434490371, 1759352074518743139
0.339164137840271, 0.009034991264343262, 0.4800383519576412, 1759352074550328805
-0.10151845216751099, 0.20687228441238403, 0.5582928359973898, 1759352074577663490
-0.3843543529510498, 0.14811617136001587, 0.4986799277002572, 1759352074607712234
-0.15149223804473877, 0.27585601806640625, 0.4775912584238463, 1759352074637748943
0.1781194806098938, -0.2824781537055969, 0.5011926561982569, 1759352074667851062
-0.10203683376312256, 0.03126406669616699, 0.5400033114083128, 1759352074697892895
0.005918622016906738, 0.3714548349380493, 0.5236631259705523, 1759352074728017335
-0.271354079246521, -0.4831237196922302, 0.49770836171544985, 1759352074758189187
0.23184698820114136, 0.3228759765625, 0.4604848049310134, 1759352074790592900
-0.2878073453903198, 0.6036924123764038, 0.503340246060567, 1759352074820311142
0.3637527823448181, -0.00725102424621582, 0.5449967587224915, 1759352074858184866
-0.42819857597351074, -0.41431283950805664, 0.5033358324403877, 1759352074888286638
0.21293675899505615, 0.48487865924835205, 0.5117035957457627, 1759352074918590697
0.02393108606338501, 0.5620463490486145, 0.4832187335302626, 1759352074950261119
-0.44141870737075806, -0.6337129473686218, 0.5138263705328138, 1759352074980308310
0.3822525143623352, -0.018748342990875244, 0.5604276124327497, 1759352075008540920
-0.1917470097541809, 0.5966027975082397, 0.5028170411136789, 1759352075038545003
0.35290658473968506, -0.3887476921081543, 0.47133443314681245, 1759352075068663887
-0.3467811346054077, -0.15663057565689087, 0.4873067139026761, 1759352075098706892
0.3213425278663635, 0.5914509296417236, 0.49982347543857203, 1759352075128794454
-0.1509302258491516, -0.12299859523773193, 0.5210659641521342, 1759352075158893738
-0.08476358652114868, -0.08665323257446289, 0.4839257893864125, 1759352075190290694
-0.07987892627716064, 0.4696112275123596, 0.4567207666599588, 1759352075222480755
0.5123910307884216, -0.08900749683380127, 0.5612464093111883, 1759352075249084715
-0.3764820694923401, -0.07771414518356323, 0.5138838396286494, 1759352075279153119
0.03363192081451416, -0.058275580406188965, 0.5286952169732912, 1759352075309187094
-0.12869632244110107, 0.0706070065498352, 0.5098779863892682, 1759352075339213821
0.3185165524482727, 0.08173799514770508, 0.4906980425867776, 1759352075369284857
0.23112142086029053, 0.02178293466567993, 0.4855749773279261, 1759352075399366544
-0.4502320885658264, 0.09841698408126831, 0.4654749901532092, 1759352075430633565
0.29067617654800415, -0.07789087295532227, 0.5035453822531848, 1759352075462289050
-0.37751466035842896, 0.03833276033401489, 0.5730630599572897, 1759352075489667444
0.5585293173789978, 0.388266921043396, 0.47996516265183725, 1759352075519630945
-0.20038503408432007, -0.3108018636703491, 0.49414470046274805, 1759352075549656826
0.2759143114089966, -0.1875309944152832, 0.49163320918482506, 1759352075579700801
-0.015591859817504883, 0.7123922109603882, 0.500394708223908, 1759352075609776380
-0.31080305576324463, -0.09147858619689941, 0.4799284333446042, 1759352075639888204
-0.07176166772842407, -0.41011500358581543, 0.46087207321182494, 1759352075670331601
0.3154173493385315, 0.6348291635513306, 0.4699065555894422, 1759352075702197493
-0.3690032958984375, -0.06961369514465332, 0.5813295330817564, 1759352075729194216
0.18923801183700562, -0.6580729484558105, 0.5467833429687402, 1759352075759175258
0.5648987889289856, 0.7320089936256409, 0.521260200463328, 1759352075790223714
-0.01277858018875122, 0.44379568099975586, 0.5038189221662063, 1759352075820305516
0.2069271206855774, -0.7625841498374939, 0.501326608246678, 1759352075850293128
0.08247971534729004, 0.10309946537017822, 0.523828340970846, 1759352075880357894
0.047041356563568115, 0.8021451830863953, 0.5107334543755594, 1759352075910450110
0.02248692512512207, -0.4132976531982422, 0.44113277111070914, 1759352075942872101
0.07960665225982666, -0.36089205741882324, 0.48681024121322136, 1759352075972592889
0.015220999717712402, 0.2902299761772156, 0.5234742102491308, 1759352076010661638
-0.03968620300292969, 0.15722131729125977, 0.5237202237626928, 1759352076040720344
-0.03231996297836304, -0.04658830165863037, 0.49989469492948246, 1759352076071095781
0.24464315176010132, -0.0841292142868042, 0.4681717989016674, 1759352076102245697
-0.10576218366622925, -0.20680081844329834, 0.47860953703088555, 1759352076132808643
-0.1508004069328308, 0.32611238956451416, 0.526965489673108, 1759352076160993105
-0.2015957236289978, 0.06166726350784302, 0.49642357419982214, 1759352076191041647
0.10623681545257568, 0.19295734167099, 0.4282930939193908, 1759352076214428756
-0.12999534606933594, 0.1937953233718872, 0.5532921873693586, 1759352076241800920
-0.21149462461471558, -0.19365525245666504, 0.516684536539717, 1759352076271785635
0.08587944507598877, 0.22433006763458252, 0.5195031194114355, 1759352076301874936
-0.1792953610420227, 0.08374613523483276, 0.5096582669879621, 1759352076331865825
0.12958252429962158, -0.19390225410461426, 0.4941876062528766, 1759352076361948406
-0.1329176425933838, 0.1916908621788025, 0.47980318315443654, 1759352076391904095
-0.17363733053207397, -0.10682404041290283, 0.47843203916753535, 1759352076422272284
0.135306715965271, -0.0780264139175415, 0.4487382081315975, 1759352076454975983
-0.19171273708343506, 0.573192298412323, 0.5366798523576426, 1759352076481683935
-0.33491647243499756, -0.2096121907234192, 0.48430373990701947, 1759352076511954481
0.2881779670715332, -0.30330491065979004, 0.5029677330221521, 1759352076541749370
0.002466440200805664, 0.6559218168258667, 0.5140484116523301, 1759352076571798174
0.25672125816345215, 0.1040998101234436, 0.5087028452995073, 1759352076601837606
0.10578709840774536, -0.5456743240356445, 0.48735812474953566, 1759352076631942382
-0.10476547479629517, 0.5900131464004517, 0.46931605344367977, 1759352076662306460
-0.07981634140014648, 0.5100781321525574, 0.43927269912523603, 1759352076694510346
-0.24337232112884521, -0.5378008484840393, 0.551222140682125, 1759352076722170737
0.32747334241867065, 0.04440438747406006, 0.5174383821341212, 1759352076752202368
-0.7629928588867188, 0.3848596215248108, 0.5263655050887178, 1759352076782242246
0.2515332102775574, -0.5329574346542358, 0.5338425438217624, 1759352076812309000
0.0365067720413208, -0.03694218397140503, 0.4985837442293968, 1759352076842346367
0.125238299369812, 0.31773704290390015, 0.48799480201452333, 1759352076872780706
-0.14432185888290405, 0.14454299211502075, 0.5118705802209682, 1759352076901691872
-0.4760162830352783, 0.07261693477630615, 0.42037297690867637, 1759352076934525405
-0.12563949823379517, 0.07321321964263916, 0.5299397857053447, 1759352076961636356
0.15043306350708008, 0.009766995906829834, 0.4732801216181425, 1759352076992744600
-0.3378068804740906, 0.0719488263130188, 0.5207536699991524, 1759352077022750688
-0.11904585361480713, -0.029619038105010986, 0.5264587830183032, 1759352077052825673
-0.3321545720100403, 0.27553021907806396, 0.5156258447324317, 1759352077082866437
0.424747109413147, -0.012672603130340576, 0.5246003160330264, 1759352077112948802
-0.17130649089813232, -0.1841753125190735, 0.49674847981618664, 1759352077143008642
0.2087157964706421, -0.03269684314727783, 0.4597075812943108, 1759352077175062018
0.18048334121704102, 0.08716827630996704, 0.48973288662338016, 1759352077206456414
-0.31600165367126465, -0.024875342845916748, 0.5416146724387715, 1759352077233247108
0.33348143100738525, 0.2889379858970642, 0.4712014101533462, 1759352077263270332
-0.28156429529190063, -0.2957369089126587, 0.4988197136860252, 1759352077293332905
-0.4800693988800049, -0.19961267709732056, 0.5130462988376622, 1759352077323394648
-0.08362293243408203, 0.7909548282623291, 0.5372598971791108, 1759352077353436101
-0.007536113262176514, -0.08489590883255005, 0.5344364079649234, 1759352077383513732
-0.25939029455184937, -0.5416312217712402, 0.47591384695998346, 1759352077414978717
0.1783595085144043, 0.4160540699958801, 0.4635719643613561, 1759352077446474530
-0.26533347368240356, 0.10014265775680542, 0.5618806051862347, 1759352077473779215
-0.07772934436798096, -0.3344188928604126, 0.5079248212813297, 1759352077503766925
-0.11747437715530396, 0.5755914449691772, 0.4234663450975019, 1759352077527697666
-0.34384870529174805, -0.721278727054596, 0.5599301262330602, 1759352077554661066
0.05161583423614502, -0.004287660121917725, 0.5228171157506959, 1759352077583915683
-0.10757023096084595, 0.6317793130874634, 0.5261020696240338, 1759352077614002768
-0.1461564302444458, -0.27065885066986084, 0.5168866210020024, 1759352077644025376
-0.026548683643341064, -0.042101144790649414, 0.48500071547515977, 1759352077674152361
-0.5355932712554932, -0.4197975993156433, 0.4859846208696505, 1759352077704244612
-0.09457802772521973, 0.4640340805053711, 0.47795753458076523, 1759352077735481464
-0.14543098211288452, -0.0694473385810852, 0.4836426696363826, 1759352077766509343
-0.3637245297431946, -0.06124597787857056, 0.49728332903732964, 1759352077797629707
0.027332186698913574, -0.13232803344726562, 0.5446655709973167, 1759352077834430768
0.005565643310546875, -0.14257729053497314, 0.5083955732585551, 1759352077864506114
0.44794005155563354, 0.2747069001197815, 0.523124430933728, 1759352077894526966
-0.3233775496482849, 0.012944698333740234, 0.4868089786321849, 1759352077926121515
0.4938013553619385, 0.131353497505188, 0.4936645502497611, 1759352077957213738
-0.30019664764404297, 0.11385369300842285, 0.5242690596676643, 1759352077984808559
-0.05412358045578003, -0.18251723051071167, 0.48236808322731106, 1759352078014162302
-0.042937397956848145, 0.23746377229690552, 0.4713865095376941, 1759352078044878731
-0.5013266801834106, -0.07225322723388672, 0.5047422312517695, 1759352078074958961
0.13553917407989502, -0.19546014070510864, 0.5181982461887997, 1759352078105039204
-0.10568201541900635, 0.3214624524116516, 0.5151970528605352, 1759352078135460813
0.2792508006095886, -0.21303731203079224, 0.5151270532376977, 1759352078166487467
-0.17632246017456055, -0.18620920181274414, 0.47552426819895355, 1759352078198383226
0.46744632720947266, 0.5120438933372498, 0.5537807975381097, 1759352078225259842
-0.36265432834625244, -0.06716537475585938, 0.501140536764592, 1759352078255299581
0.16781795024871826, -0.46044230461120605, 0.4682765016823352, 1759352078285420500
0.10710698366165161, 0.5675843954086304, 0.4987781672248653, 1759352078315443128
0.06116950511932373, 0.21910911798477173, 0.4966743230542061, 1759352078345537323
-0.12939387559890747, -0.7341700196266174, 0.5191644799579681, 1759352078375569239
0.10293066501617432, 0.7281909584999084, 0.5148287660694367, 1759352078406793955
0.1886499524116516, 0.5755699872970581, 0.47690147526621424, 1759352078438773372
-0.37797224521636963, -0.863335907459259, 0.5701509045543675, 1759352078465806390
0.27008193731307983, -0.6621491312980652, 0.5131992327056619, 1759352078495973661
-0.3589869737625122, 1.0614711046218872, 0.5119444795222542, 1759352078525922400
0.31913870573043823, 0.2729344367980957, 0.4989548336150829, 1759352078555934409
-0.6746194362640381, -0.5425692796707153, 0.48514785045649644, 1759352078586012353
0.8093505501747131, 0.21764272451400757, 0.497967835648813, 1759352078616081330
-0.17508381605148315, -0.02759242057800293, 0.5499003353657177, 1759352078646505989
0.10581737756729126, -0.32393473386764526, 0.5035155373044221, 1759352078678424083
-0.027251899242401123, 0.3951590061187744, 0.5346328466168512, 1759352078706222981
0.1913781762123108, 0.10746270418167114, 0.48330385803624987, 1759352078736940851
-0.18279767036437988, -0.08919858932495117, 0.5049167001501588, 1759352078766905469
0.1045798659324646, 0.10193866491317749, 0.5082027173608918, 1759352078796991037
-0.3052062392234802, 0.25880932807922363, 0.4965362941973157, 1759352078826977008
0.05257827043533325, -0.04276466369628906, 0.4859570392885356, 1759352078857059081
0.3361789584159851, -0.23919415473937988, 0.49227448295443155, 1759352078887281104
-0.31860417127609253, 0.12931746244430542, 0.48997333294838824, 1759352078918434230
0.2579590678215027, 0.10828900337219238, 0.5269363282341892, 1759352078948600451
-0.1157461404800415, -0.19154047966003418, 0.5339210675937073, 1759352078977164149
0.41272515058517456, 0.4137784242630005, 0.4714651972195333, 1759352079007097472
-0.4076060652732849, -0.29292595386505127, 0.5094448410362573, 1759352079037157127
0.27706587314605713, -0.3175531029701233, 0.5184194355583605, 1759352079067189839
-0.07685232162475586, 0.9672220349311829, 0.5010705101007542, 1759352079097246114
-0.268490195274353, -0.021126210689544678, 0.48790720380854274, 1759352079127291532
-0.26020288467407227, -0.6481640338897705, 0.45519693042402276, 1759352079158437131
0.2929621934890747, 0.6453017592430115, 0.4559194827838619, 1759352079191006590
-0.19618701934814453, 0.08139562606811523, 0.6143240183579763, 1759352079217369241
-0.035160064697265625, -0.5503413677215576, 0.5217985055152878, 1759352079247375987
0.38668370246887207, 0.38753271102905273, 0.4997411065620752, 1759352079277490290
0.4595407247543335, 0.7537897825241089, 0.488041389028072, 1759352079307614381
-0.3318948745727539, 0.18305498361587524, 0.482184921514019, 1759352079337608603
-0.0871918797492981, -0.7306467294692993, 0.492857103705432, 1759352079367692056
-0.12965434789657593, 0.7697274088859558, 0.49047359849786537, 1759352079398942675
-0.14062607288360596, 0.1215938925743103, 0.49454723623810426, 1759352079430432644
-0.06650978326797485, -0.41938841342926025, 0.5724999180636241, 1759352079457833710
-0.17663192749023438, 0.13317930698394775, 0.5022658695381501, 1759352079487850728
0.005101501941680908, 0.07095885276794434, 0.5069821446939978, 1759352079517945921
0.01616114377975464, 0.07160264253616333, 0.5080815840830204, 1759352079547987110
-0.38180577754974365, 0.15910470485687256, 0.49811187213411434, 1759352079578070870
0.09137541055679321, -0.1362883448600769, 0.48721620277594013, 1759352079608422189
0.08214229345321655, 0.2779885530471802, 0.4977539856843123, 1759352079638753372
-0.25712937116622925, -0.03342032432556152, 0.48764083116248536, 1759352079670488127
0.09442138671875, -0.03805917501449585, 0.5680300543510631, 1759352079698345679
-0.10716569423675537, 0.16396409273147583, 0.4986816614261686, 1759352079728343149
-0.21020346879959106, -0.03652298450469971, 0.49956240087312503, 1759352079758426847
0.21349811553955078, -0.05236494541168213, 0.4461001197443864, 1759352079780605713
-0.038481175899505615, 0.024337708950042725, 0.5364553802609928, 1759352079808522996
0.27954596281051636, 0.17753809690475464, 0.5170711448529748, 1759352079838583413
-0.296877920627594, 0.2539498805999756, 0.4860562542951616, 1759352079868645979
0.329708993434906, -0.23643511533737183, 0.4946829009956893, 1759352079898723715
-0.07209879159927368, 0.2403489351272583, 0.5167845858787745, 1759352079927823099
-0.19879299402236938, 0.33301830291748047, 0.5065024922699235, 1759352079958843435
-0.10910135507583618, -0.57753986120224, 0.5038627799481941, 1759352079990424922
-0.06055581569671631, 0.2904750108718872, 0.460041817782692, 1759352080022278415
0.17733705043792725, 0.5392330884933472, 0.549197703886299, 1759352080049077385
-0.24153441190719604, -0.6324385404586792, 0.5134520974256944, 1759352080079176474
0.005532562732696533, -0.34902411699295044, 0.49556409051683775, 1759352080109350708
-0.09556049108505249, 0.5656552314758301, 0.5172273730719223, 1759352080139253805
0.06156128644943237, 0.501505434513092, 0.48748414648617594, 1759352080169310138
-0.2272404432296753, -0.623367428779602, 0.5013750320763924, 1759352080199358075
0.3963804841041565, -0.0007312297821044922, 0.5070025347154361, 1759352080231058627
-0.901299238204956, 0.5717059969902039, 0.4915341364724619, 1759352080262566746
0.3884131908416748, -0.3419307470321655, 0.5586806300972406, 1759352080289564168
-0.18749284744262695, -0.10765069723129272, 0.49383199661355015, 1759352080319625426
-0.09136903285980225, 0.32936203479766846, 0.4906451629671428, 1759352080349667457
-0.1936260461807251, -0.15587514638900757, 0.526653426883069, 1759352080379751610
-0.09739702939987183, 0.13820356130599976, 0.5294239922908178, 1759352080409856080
0.1358831524848938, 0.3162314295768738, 0.4953507522726691, 1759352080439857598
-0.0768204927444458, -0.21547842025756836, 0.46322758601116143, 1759352080470627160
0.002565443515777588, -0.027304351329803467, 0.46973997069482953, 1759352080502733339
-0.22565007209777832, 0.11271357536315918, 0.569545014769068, 1759352080540071808
0.01574045419692993, 0.020973265171051025, 0.5056939023888636, 1759352080570201103
-0.03198695182800293, 0.13731276988983154, 0.4668578102199372, 1759352080600264772
-0.07133370637893677, -0.18988460302352905, 0.49279380309974347, 1759352080630523067
-0.41639113426208496, 0.046607911586761475, 0.4820811327161006, 1759352080662516851
-0.10319823026657104, 0.2317342758178711, 0.533239600106672, 1759352080690429539
0.219723641872406, -0.19550102949142456, 0.4863170255500812, 1759352080720465253
-0.1498321294784546, 0.3229798674583435, 0.4853301343168122, 1759352080750494567
-0.1401159167289734, -0.10685741901397705, 0.5135550062879913, 1759352080780619103
0.12943315505981445, -0.29543536901474, 0.5171703469412777, 1759352080810648006
-0.2181077003479004, 0.9168199300765991, 0.5032900003937077, 1759352080840733526
-0.004638552665710449, -0.2048054337501526, 0.49478329110198616, 1759352080871177236
-0.5917002558708191, -0.1933475136756897, 0.4411054182629266, 1759352080902503251
-0.2643865942955017, -0.4506635069847107, 0.4683761137065078, 1759352080933040235
0.0577048659324646, 0.18535995483398438, 0.5498953596581979, 1759352080970925331
0.038299381732940674, 0.8009449243545532, 0.5236719281781892, 1759352081000987268
-0.218325674533844, -0.5843555331230164, 0.5311382963700302, 1759352081030125377
0.32713133096694946, -0.05740886926651001, 0.4601079348048015, 1759352081062949521
-0.22195672988891602, 0.6683095693588257, 0.4862762678443675, 1759352081094555314
-0.2962679862976074, -0.3599984645843506, 0.58213039808875, 1759352081121288722
0.04404735565185547, -0.2143532633781433, 0.5173823867916525, 1759352081151158737
-0.15753519535064697, 0.3922632336616516, 0.45987439417390746, 1759352081182027412
0.16429376602172852, 0.06387525796890259, 0.4665148443744831, 1759352081212097791
-0.23603075742721558, -0.11948531866073608, 0.4877564239383677, 1759352081242029795
0.4125925302505493, -0.0010491013526916504, 0.5367218650918638, 1759352081271628856
-0.26834046840667725, 0.2801715135574341, 0.5062751241130344, 1759352081302525344
0.40660470724105835, -0.04244035482406616, 0.45846719123842894, 1759352081334965139
-0.1421489715576172, -0.13442391157150269, 0.5521661945753329, 1759352081361130056
0.6167163848876953, 0.33684444427490234, 0.49735937320907636, 1759352081390905223
-0.09519964456558228, -0.031042158603668213, 0.49707433668924067, 1759352081421890617
-0.09202313423156738, 0.24096834659576416, 0.4955615765964051, 1759352081451978773
-0.14218223094940186, 0.28952473402023315, 0.49417228009212366, 1759352081481983318
-0.24127817153930664, -0.16989636421203613, 0.4980941720522569, 1759352081511102550
0.1688947081565857, -0.04562520980834961, 0.4776804831337636, 1759352081542900278
-0.4634029269218445, 0.32069307565689087, 0.49578131578542634, 1759352081575234920
0.48937755823135376, 0.06420445442199707, 0.5446360569652102, 1759352081602338361
0.09395813941955566, 0.02388817071914673, 0.5036808479749627, 1759352081632387836
0.3920906186103821, 0.05107903480529785, 0.5121557327392616, 1759352081662457595
-0.5322386026382446, 0.447715699672699, 0.49724137512965877, 1759352081692555303
0.04555833339691162, -0.37877756357192993, 0.4950326929826654, 1759352081722523604
-0.21775919198989868, 0.36540454626083374, 0.47419039824496184, 1759352081752595847
0.28741455078125, 0.4550759196281433, 0.4944651735954124, 1759352081782662692
-0.4442339539527893, -0.7270426750183105, 0.4988812813901495, 1759352081814959490
-0.38880443572998047, 0.22610479593276978, 0.523311477000309, 1759352081844721481
-0.012470901012420654, 0.7671126127243042, 0.5594483439902082, 1759352081872898716
-0.3382940888404846, -0.58100426197052, 0.5291558135651714, 1759352081901883027
0.2404358983039856, -0.166556715965271, 0.47496404815095045, 1759352081933015209
0.15193188190460205, 0.8052045106887817, 0.5192960113391397, 1759352081963020915
-0.15198642015457153, -0.30573737621307373, 0.5226089893797058, 1759352081992115625
-0.1586073637008667, -0.1386791467666626, 0.4866155125549468, 1759352082023149125
0.3298419117927551, 0.4493287205696106, 0.49027079674135254, 1759352082054799378
-0.49365532398223877, -0.10066646337509155, 0.4751884796879877, 1759352082086828769
0.07018548250198364, -0.10581034421920776, 0.5955638480156147, 1759352082113414357
-0.07882624864578247, 0.29857075214385986, 0.5298142840090176, 1759352082143399576
0.11784160137176514, 0.18573719263076782, 0.4696131885462993, 1759352082173502644
-0.3223416209220886, -0.06397444009780884, 0.47313491477559894, 1759352082203609016
0.10608619451522827, -0.055049359798431396, 0.5085488053051331, 1759352082233620587
-0.14319878816604614, 0.4332835078239441, 0.5100278405572668, 1759352082263640451
-0.07538223266601562, 0.09226149320602417, 0.481721305178166, 1759352082294825225
-0.16463321447372437, -0.08860558271408081, 0.45809666257539555, 1759352082326898537
0.12832576036453247, 0.27927887439727783, 0.5479555634415155, 1759352082353885146
0.33309268951416016, 0.035371482372283936, 0.5214398206522417, 1759352082383882227
0.048009395599365234, 0.18686729669570923, 0.5234862501093699, 1759352082414006171
0.16222822666168213, 0.2371160387992859, 0.508663774365989, 1759352082444030480
-0.19045758247375488, 0.08130919933319092, 0.4853682198297544, 1759352082474585120
-0.07264924049377441, 0.11013174057006836, 0.4886073453844424, 1759352082504243667
0.120181143283844, 0.1349601149559021, 0.46722408221038875, 1759352082536221186
-0.38051557540893555, 0.3236021399497986, 0.518397738120542, 1759352082566723276
-0.4528723359107971, -0.6666387915611267, 0.5855832739355298, 1759352082594391074
0.40351158380508423, 0.1416614055633545, 0.503539917033594, 1759352082624603959
0.0372961163520813, 0.7416887879371643, 0.4746590127878635, 1759352082654444867
-0.19871217012405396, -0.5822710990905762, 0.5069755625856588, 1759352082684551392
0.25783634185791016, 0.05688077211380005, 0.517880556282844, 1759352082714598790
0.12636065483093262, 0.8360095024108887, 0.512035216163397, 1759352082744656010
-0.42715126276016235, -0.42144936323165894, 0.4904213021250852, 1759352082775208845
0.30403977632522583, -0.017487168312072754, 0.4613918257248114, 1759352082806764157
0.0932321548461914, 0.7959081530570984, 0.5095012716932699, 1759352082836104355
-0.6060972213745117, -0.4674484133720398, 0.5366307820598497, 1759352082864952451
0.17617791891098022, -0.1358489990234375, 0.5225245420227023, 1759352082894948092
0.09230989217758179, 0.4744858741760254, 0.4443307567403722, 1759352082917898488
-0.07953077554702759, -0.46770960092544556, 0.5629162061630524, 1759352082944141261
0.18643438816070557, 0.1672830581665039, 0.4949484406389887, 1759352082974137962
0.13763093948364258, 0.2568897008895874, 0.500566377407539, 1759352083005182528
-0.41097158193588257, -0.02108520269393921, 0.49019210728223905, 1759352083035210166
-0.04717439413070679, 0.19127023220062256, 0.4810134966906958, 1759352083065287738
0.04855227470397949, -0.0003167390823364258, 0.4776307735205389, 1759352083095377401
-0.1651012897491455, 0.10763806104660034, 0.4769771907555834, 1759352083126694542
0.22944939136505127, 0.041683733463287354, 0.49603105190180063, 1759352083158561170
-0.4313904643058777, 0.15873706340789795, 0.565654369261466, 1759352083185646640
0.44351738691329956, 0.11488497257232666, 0.4745551679601345, 1759352083215649525
-0.09729665517807007, -0.0754820704460144, 0.4677624130324746, 1759352083245772528
0.1661604642868042, 0.11691939830780029, 0.4716428770475144, 1759352083275912424
-0.25395381450653076, 0.4072904586791992, 0.5057211616262395, 1759352083305792059
0.1645485758781433, 0.02032548189163208, 0.47902585515021484, 1759352083335879385
-0.27576422691345215, -0.03894466161727905, 0.4805101277542868, 1759352083367188536
-0.23551779985427856, 0.17338556051254272, 0.497321747971807, 1759352083399376382
-0.2867727279663086, -0.03731858730316162, 0.6001905155752255, 1759352083426441953
0.2211574912071228, -0.010268747806549072, 0.5426489249572684, 1759352083456308409
0.1538028120994568, 0.6184616684913635, 0.5082837329623255, 1759352083486238584
0.1568460464477539, -0.2585015892982483, 0.47126645823362134, 1759352083516361589
0.15558123588562012, -0.2642635703086853, 0.495628060205326, 1759352083546332878
-0.16610991954803467, 0.8872149586677551, 0.4905791017712978, 1759352083576372067
-0.019758522510528564, -0.11323177814483643, 0.4721282684372403, 1759352083607435445
-0.2214464545249939, -0.47831445932388306, 0.45865879487327244, 1759352083638969709
0.3606632351875305, 0.8053748607635498, 0.5252633769437585, 1759352083666663654
-0.44126468896865845, 0.09882515668869019, 0.5148549436203086, 1759352083697168818
0.4984060525894165, -0.8954156041145325, 0.5227913706979297, 1759352083727295584
-0.4416748881340027, 0.7883898615837097, 0.4989651253197307, 1759352083757276744
-0.011629998683929443, 0.4678816795349121, 0.48503805806064776, 1759352083787324761
-0.1106683611869812, -0.23098993301391602, 0.4907014111048596, 1759352083817277271
0.2957632541656494, 0.13939428329467773, 0.48214576680818616, 1759352083847470448
-0.21954506635665894, 0.04169297218322754, 0.47732665207168873, 1759352083879087242
0.39911949634552, 0.2864808440208435, 0.48541624849855164, 1759352083909841172
-0.23859459161758423, 0.09288305044174194, 0.5338376539350935, 1759352083937356411
0.1485612988471985, -0.3800959587097168, 0.518025212687324, 1759352083967461931
0.3791622519493103, 0.5898417234420776, 0.5345408811094133, 1759352083997462431
-0.33999961614608765, 0.07953077554702759, 0.4957114682543186, 1759352084027629988
0.05802696943283081, 0.23450642824172974, 0.4986704179973492, 1759352084057859128
-0.10771673917770386, 0.3713834285736084, 0.504116094910308, 1759352084087703086
0.07034558057785034, -0.22404766082763672, 0.48024558670217954, 1759352084118927263
-0.3939293622970581, 0.08448326587677002, 0.47524555333462304, 1759352084150853376
0.10183322429656982, 0.24839121103286743, 0.5654495159102011, 1759352084177674575
-0.06233423948287964, -0.12215769290924072, 0.5136596859574959, 1759352084207730240
0.12555480003356934, 0.1398000717163086, 0.48702256193777116, 1759352084237764560
0.17546194791793823, 0.20387041568756104, 0.5138668694780075, 1759352084267890960
-0.4114786386489868, -0.02678447961807251, 0.5294537302602819, 1759352084297887888
-0.20277541875839233, 0.19959068298339844, 0.5072895296093768, 1759352084327965631
0.15029728412628174, 0.616082489490509, 0.4962352405797942, 1759352084357719139
-0.33947640657424927, -0.16995859146118164, 0.4299617438532242, 1759352084391382237
-0.2072567343711853, -0.4726663827896118, 0.5361252860944119, 1759352084418150545
0.01883840560913086, 0.6713628768920898, 0.5394812086874502, 1759352084448239254
-0.4543856978416443, -0.02749776840209961, 0.5607589403008556, 1759352084478263695
0.2349858283996582, -0.6992038488388062, 0.517999186482, 1759352084508415922
0.0027860403060913086, 0.6480646729469299, 0.48538586101723447, 1759352084538376237
-0.07831752300262451, 0.2928735017776489, 0.4864529915716284, 1759352084568473430
0.22549808025360107, -0.5919498801231384, 0.49360627827077874, 1759352084598936653
-0.33416247367858887, 0.6983347535133362, 0.47879881280928066, 1759352084630701408
0.28487932682037354, 0.6011419296264648, 0.5333080893327413, 1759352084658648567
-0.2620376944541931, -0.4378047585487366, 0.4831708392255473, 1759352084688792144
0.15089446306228638, 0.18079251050949097, 0.514002327013956, 1759352084718766205
-0.14795219898223877, 0.22576290369033813, 0.5620237583983312, 1759352084748835613
-0.04810166358947754, -0.03792679309844971, 0.5105111420294027, 1759352084778879564
-0.12960070371627808, 0.20703309774398804, 0.49024602822610436, 1759352084808970976
0.20732450485229492, -0.03920269012451172, 0.4827740746077462, 1759352084839160668
0.12112963199615479, 0.21786868572235107, 0.4753932764927495, 1759352084870747247
-0.1984958052635193, 0.11910808086395264, 0.5136714418450796, 1759352084901633905
-0.042214810848236084, 0.1673240065574646, 0.555458966237442, 1759352084929207107
0.19587337970733643, 0.2133299708366394, 0.49241187030954053, 1759352084959281782
-0.3375277519226074, -0.21941077709197998, 0.5011061473746394, 1759352084989326112
0.29736512899398804, 0.15936219692230225, 0.5139677751353048, 1759352085019408688
-0.2030971646308899, 0.43204498291015625, 0.5244250924045922, 1759352085049470907
-0.25140804052352905, -0.07721781730651855, 0.48691359112943006, 1759352085079549168
-0.15577208995819092, 0.04395073652267456, 0.46127077206338946, 1759352085110689131
0.2553282380104065, 0.2485675811767578, 0.4748805162239087, 1759352085142736328
-0.637168288230896, -0.06837600469589233, 0.5625884551413887, 1759352085169762205
0.2513476014137268, -0.10107254981994629, 0.5055117109173994, 1759352085199797401
-0.2056899070739746, 0.4810272455215454, 0.5070304914498298, 1759352085229855543
-0.042067885398864746, -0.06250619888305664, 0.5033039118398542, 1759352085259904461
-0.3000947833061218, -0.17685002088546753, 0.5316666582348649, 1759352085289977644
0.509000837802887, 0.4961298704147339, 0.5281835650205527, 1759352085320033205
0.023178160190582275, 0.07876461744308472, 0.4948664707822625, 1759352085350408257
-0.1758301854133606, -0.5042935013771057, 0.468862223460209, 1759352085382761524
0.3812054991722107, 0.4778394103050232, 0.5450137001620258, 1759352085410284444
-0.21253591775894165, 0.43974030017852783, 0.4909996610849829, 1759352085440304948
-0.4882190227508545, -0.5206565260887146, 0.49387174724047445, 1759352085470347386
-0.2707798480987549, 0.45758873224258423, 0.5105355061601757, 1759352085500410203
0.4374431371688843, 0.4089896082878113, 0.49585377161372773, 1759352085530478512
-0.5407660603523254, -0.3274679183959961, 0.5039614557398254, 1759352085560521837
0.38486772775650024, 0.14501094818115234, 0.49786946895252215, 1759352085591041795
-0.39593786001205444, 0.2126041054725647, 0.48017870401459967, 1759352085622768017
0.4071109890937805, 0.19065570831298828, 0.5304824521943586, 1759352085650844503
-0.11490499973297119, 0.37488049268722534, 0.4831682169692519, 1759352085680722246
0.23160415887832642, -0.10665911436080933, 0.47394020838295375, 1759352085710844727
-0.14791059494018555, 0.0687403678894043, 0.4997195743843475, 1759352085740896403
-0.10164570808410645, 0.1391715407371521, 0.5217830669980593, 1759352085770945182
0.058904945850372314, 0.08733713626861572, 0.5239995449340331, 1759352085800996869
-0.10522693395614624, 0.20822298526763916, 0.5393983218656567, 1759352085829123784
0.23976528644561768, -0.2189542055130005, 0.434207142093593, 1759352085863331077
-0.137481689453125, 0.029187560081481934, 0.5020481762754939, 1759352085893455885
0.2555220127105713, 0.44964373111724854, 0.5272749881872589, 1759352085921621705
-0.13331466913223267, -0.22385543584823608, 0.48895276348468913, 1759352085951299143
0.16383004188537598, 0.11130982637405396, 0.4585189002555518, 1759352085981386847
-0.0431862473487854, 0.31404048204421997, 0.49154007162697494, 1759352086011515342
-0.2563243508338928, -0.36847710609436035, 0.5298282748662247, 1759352086041541738
0.10283774137496948, 0.183721125125885, 0.5287658260467365, 1759352086071607369
0.6884472370147705, 0.768546462059021, 0.4808033927966265, 1759352086102816022
-0.2373775839805603, -0.3262253403663635, 0.4471960442067674, 1759352086135000901
-0.05029875040054321, -0.22408819198608398, 0.5874802847296491, 1759352086161762284
0.47045814990997314, 0.7530295252799988, 0.5312933111239349, 1759352086191782335
-0.14987915754318237, -0.512706458568573, 0.42957968723433065, 1759352086215051745
-0.08233219385147095, 0.5661861896514893, 0.5701390486676923, 1759352086241970098
-0.3594328761100769, 0.43033260107040405, 0.49542584955287977, 1759352086272001586
-0.15409666299819946, -0.14939916133880615, 0.44556906071251823, 1759352086294114500
0.007605612277984619, 0.17645126581192017, 0.6071713534007914, 1759352086330105168
-0.3585326075553894, 0.5864096283912659, 0.4999870115788161, 1759352086362188045
0.09324181079864502, -0.3603999614715576, 0.48987147666871034, 1759352086392235196
-0.3330329656600952, -0.24614465236663818, 0.49057733982712515, 1759352086422130397
0.05357140302658081, 0.14748334884643555, 0.44208961011385567, 1759352086455278973
0.2596803903579712, 0.3009580373764038, 0.5614423089526583, 1759352086482512721
0.04436600208282471, 0.05472457408905029, 0.4890221875905776, 1759352086512774814
-0.38095712661743164, 0.1203453540802002, 0.5013194115710784, 1759352086542560108
0.5210812091827393, -0.07821828126907349, 0.5187102452909556, 1759352086572651433
-0.2983928918838501, 0.1442609429359436, 0.5113998367999227, 1759352086602997263
-0.24601006507873535, 0.10479015111923218, 0.5248339988628193, 1759352086632947544
-0.16919171810150146, -0.045770466327667236, 0.5103506918855484, 1759352086663089339
0.498897910118103, 0.06279820203781128, 0.4458460078898582, 1759352086695692102
-0.20059800148010254, 0.09099429845809937, 0.5110523768133785, 1759352086725287198
-0.2687823176383972, 0.031242191791534424, 0.5490441231451171, 1759352086753162830
0.006423234939575195, 0.11326199769973755, 0.5132750422102638, 1759352086783055262
0.25217658281326294, -0.19071084260940552, 0.5173403716851335, 1759352086812173079
-0.3362414240837097, 0.13839298486709595, 0.47680418745802955, 1759352086843209684
0.2136172652244568, 0.015105605125427246, 0.5207872391705346, 1759352086873264672
0.4444735646247864, -0.28646349906921387, 0.5086960557346693, 1759352086903345590
-0.3233075737953186, 0.6769322752952576, 0.49198136939710857, 1759352086934129562
-0.03688037395477295, 0.1092911958694458, 0.46652784391494484, 1759352086966726947
-0.10246986150741577, -0.708560049533844, 0.5353666421525901, 1759352086993592958
-0.10825324058532715, 0.6792984008789062, 0.4791070377200979, 1759352087023556044
-0.07934057712554932, 0.2596471905708313, 0.5046303652843268, 1759352087053642239
0.08073997497558594, -0.6736804246902466, 0.5050603683050292, 1759352087083684274
-0.3310500979423523, 0.5686140656471252, 0.5116355046905907, 1759352087113765857
-0.01610475778579712, 0.3665282130241394, 0.5166255053177119, 1759352087143820316
-0.11029332876205444, -0.568641722202301, 0.48655679373016186, 1759352087175083627
0.40489882230758667, 0.0393519401550293, 0.4663220008992062, 1759352087207379008
-0.2536463737487793, 0.34885168075561523, 0.583311406619953, 1759352087234093211
0.4501139521598816, 0.5652865171432495, 0.4893685827037639, 1759352087264179678
-0.4097220301628113, -0.43998652696609497, 0.49412496580263865, 1759352087293125523
0.1236124038696289, 0.13149160146713257, 0.4739471707465619, 1759352087324181454
-0.23897451162338257, 0.10385805368423462, 0.5115780481209451, 1759352087354235875
-0.08536398410797119, -0.13155585527420044, 0.5211173119037206, 1759352087384558988
0.3361855149269104, 0.17604756355285645, 0.4836567736488649, 1759352087415153104
0.15848076343536377, -0.11736834049224854, 0.44915484046957, 1759352087447203393
0.3872174620628357, 0.09436172246932983, 0.5599128659232449, 1759352087474509358
-0.1405838131904602, 0.18705755472183228, 0.49026378178477614, 1759352087504597188
0.0014244914054870605, -0.025084853172302246, 0.47341964554275584, 1759352087534604185
0.06300240755081177, 0.30964231491088867, 0.46505532934937627, 1759352087564705205
0.008724987506866455, -0.0547490119934082, 0.4865424420102914, 1759352087594725629
-0.22355306148529053, 0.00544363260269165, 0.5348733030583307, 1759352087624856966
0.1970403790473938, 0.18089568614959717, 0.5373723700885922, 1759352087655524867
-0.05358731746673584, -0.2022600769996643, 0.4853082173463201, 1759352087687007280
-0.28661322593688965, 0.18221724033355713, 0.476055624328698, 1759352087716817148
0.2738949656486511, 0.09301060438156128, 0.5109131000072483, 1759352087745187277
-0.34025341272354126, -0.2851336598396301, 0.48678313846769666, 1759352087775095522
0.3627113103866577, 0.41397911310195923, 0.4861324728875515, 1759352087804255058
-0.2726406455039978, -0.00430607795715332, 0.45977502605872095, 1759352087835234399
0.1916831135749817, -0.5996715426445007, 0.4590649335616331, 1759352087865330205
-0.008228302001953125, 0.4177809953689575, 0.5030697288543967, 1759352087895404526
0.07171469926834106, 0.33109110593795776, 0.4843381946869065, 1759352087927194637
-0.0641096830368042, -0.41819775104522705, 0.48203022312389776, 1759352087958877025
0.5859899520874023, 0.27799665927886963, 0.5706326411972588, 1759352087985658809
-0.2501971125602722, 0.5280987024307251, 0.4737569892245581, 1759352088015668839
-0.26435601711273193, 0.03749173879623413, 0.48007992458629956, 1759352088045828715
-0.20285600423812866, -0.4224148392677307, 0.5121851544503996, 1759352088075763903
0.007006227970123291, 0.4967527985572815, 0.5145632526119857, 1759352088105808095
0.057863712310791016, 0.2444794774055481, 0.5024059255634369, 1759352088135888805
0.02418464422225952, -0.1398293375968933, 0.4623675369017614, 1759352088167664467
0.4802665710449219, 0.09541434049606323, 0.49344622022398976, 1759352088198843402
0.01821058988571167, 0.03613746166229248, 0.5950186170152272, 1759352088226089617
0.09897863864898682, 0.042629122734069824, 0.528303665991889, 1759352088255110483
-0.09278297424316406, 0.1497560739517212, 0.47946122235692173, 1759352088286232393
0.30814820528030396, -0.05997377634048462, 0.5106864319201445, 1759352088315240459
-0.5491088032722473, 0.1851758360862732, 0.4778113985133037, 1759352088346369497
0.3534538745880127, 0.0410151481628418, 0.5402764656822923, 1759352088376375187
-0.4548489451408386, -0.027820289134979248, 0.52849067261431, 1759352088407232364
-0.05102115869522095, -0.07548731565475464, 0.49061654659222287, 1759352088438933128
-0.15763145685195923, 0.08602231740951538, 0.5503340869506735, 1759352088466597251
0.22791898250579834, 0.20748847723007202, 0.49938851671055995, 1759352088496656893
-0.19910651445388794, -0.03478938341140747, 0.5173503232660249, 1759352088526653922
0.24655932188034058, -0.19968003034591675, 0.5102664420350473, 1759352088557422193
0.41655105352401733, 0.39284569025039673, 0.49027401823488737, 1759352088587444951
-0.40252959728240967, -0.14860296249389648, 0.4884439331903926, 1759352088617630115
0.38145560026168823, -0.39363914728164673, 0.5207023193841813, 1759352088647566642
-0.09530377388000488, 0.8612129092216492, 0.5027051377413932, 1759352088679636358
0.019408226013183594, 0.0008165240287780762, 0.5259345736848026, 1759352088709054704
-0.42080485820770264, -0.7615428566932678, 0.5204215473204558, 1759352088737548439
0.7472242116928101, 0.49963122606277466, 0.5017258085157666, 1759352088767584178
-0.3159392476081848, 0.228593647480011, 0.5058334488990062, 1759352088797641698
0.050837814807891846, -0.5278143882751465, 0.5011947456973732, 1759352088827675330
-0.05364334583282471, -0.44645100831985474, 0.492207103053362, 1759352088857811627
0.18849152326583862, 0.5114249587059021, 0.48646290604316383, 1759352088887791657
-0.2823154330253601, 0.1926039457321167, 0.47999518357555826, 1759352088918982710
0.34963423013687134, -0.6517655253410339, 0.49723047423556516, 1759352088950956100
-0.31433945894241333, 0.7845141291618347, 0.6181609193029232, 1759352088977848376
0.5228512287139893, 0.27547353506088257, 0.5081220649602257, 1759352089007809172
-0.2733412981033325, -0.6636570692062378, 0.48999814260843927, 1759352089037862480
0.15729331970214844, 0.30407845973968506, 0.5152811454917918, 1759352089067832299
-0.13438552618026733, 0.4871821999549866, 0.5026495560610065, 1759352089097895346
-0.1892290711402893, -0.43347835540771484, 0.49644767076641183, 1759352089127962418
0.13393086194992065, 0.10044759511947632, 0.46595997876103534, 1759352089159204866
-0.5441309809684753, -0.16868501901626587, 0.4522535978354251, 1759352089191480407
0.10427886247634888, 0.02808976173400879, 0.5913512103326272, 1759352089218156691
0.046227097511291504, 0.30817437171936035, 0.5599896596682283, 1759352089247136572
-0.02117246389389038, -0.16348999738693237, 0.5148983559937661, 1759352089277212970
0.07163512706756592, 0.04052150249481201, 0.46510057872751137, 1759352089308274021
0.3403216600418091, 0.11806237697601318, 0.5019043984136303, 1759352089338375424
-0.05205410718917847, 0.04663646221160889, 0.5253367788269581, 1759352089368525634
0.021940112113952637, -0.08942914009094238, 0.5062552760663299, 1759352089398947730
0.21187865734100342, 0.12884169816970825, 0.4397706256786207, 1759352089430966638
-0.5664284825325012, 0.18971103429794312, 0.5170079492283133, 1759352089458657030
0.21491974592208862, -0.22564011812210083, 0.5074694780253236, 1759352089488796131
-0.30652087926864624, -0.234838604927063, 0.5222724518884588, 1759352089518708557
0.6445592045783997, 0.537109911441803, 0.5033307970412155, 1759352089548763410
-0.5461628437042236, -0.17696446180343628, 0.4991928275046087, 1759352089578878660
-0.23009097576141357, -0.6099572777748108, 0.4824682971795181, 1759352089608146315
-0.25711750984191895, -0.43127304315567017, 0.48595099589425805, 1759352089639420590
0.4701716899871826, 0.7117688655853271, 0.4984247264410995, 1759352089670981550
-0.44915956258773804, -0.2736054062843323, 0.512891475871325, 1759352089700105969
-0.14392858743667603, -0.6695215106010437, 0.5283154646830491, 1759352089729159319
-0.2554274797439575, 0.7803502678871155, 0.5029212037516386, 1759352089759217835
0.3058777451515198, 0.1588563323020935, 0.5213629828064338, 1759352089788268179
-0.1928057074546814, -0.7411269545555115, 0.5050151492295089, 1759352089819367301
-0.3193294405937195, 0.7444635033607483, 0.5083637816221491, 1759352089849420470
0.07074242830276489, 0.30232590436935425, 0.47942506669559515, 1759352089879553880
-0.2895781993865967, -0.6516249775886536, 0.4594257989006586, 1759352089910988073
0.38641154766082764, 0.08830153942108154, 0.4591318131550897, 1759352089943310279
-0.42913055419921875, 0.13162976503372192, 0.5919070973755001, 1759352089969736038
0.3563724756240845, -0.33463943004608154, 0.5037813336305887, 1759352089999750449
-0.24018943309783936, 0.2830474376678467, 0.505683835839788, 1759352090029770891
0.26293879747390747, 0.1505233645439148, 0.5169654351968773, 1759352090059861442
0.29638671875, -0.029832899570465088, 0.5143068615184841, 1759352090089901223
-0.3975381851196289, 0.03494751453399658, 0.5076241893390252, 1759352090120011667
-0.3661794662475586, 0.08259934186935425, 0.4919382162791639, 1759352090151395873
0.35975080728530884, 0.1349165439605713, 0.45804987496509864, 1759352090182980632
-0.3955673575401306, 0.021788179874420166, 0.5099719636880184, 1759352090210336906
-0.27466779947280884, -0.3108311891555786, 0.48970444231880145, 1759352090240284178
-0.1355360746383667, 0.2526039481163025, 0.5067515486611422, 1759352090270362850
0.020572543144226074, -0.015330076217651367, 0.5015695035078455, 1759352090300366193
-0.03484231233596802, -0.05796158313751221, 0.4971848926339857, 1759352090330429759
-0.66263747215271, -0.06795978546142578, 0.48762725360940645, 1759352090360505809
0.40331512689590454, -0.29748964309692383, 0.4962409484199546, 1759352090391326989
0.17660003900527954, 0.6627606749534607, 0.4917060750740391, 1759352090422997185
0.1286352276802063, 0.6779614686965942, 0.5297927241385426, 1759352090450998841
-0.5173009037971497, -0.45831185579299927, 0.4964578879981488, 1759352090480774605
-0.2762002944946289, -0.3890664577484131, 0.5095355321908489, 1759352090510818060
0.12617409229278564, 0.6372048854827881, 0.5369347849511455, 1759352090540885713
-0.17035448551177979, -0.13710683584213257, 0.5349310630521972, 1759352090570894450
-0.2716386914253235, -0.48303574323654175, 0.515663589285341, 1759352090600182228
0.35200852155685425, 0.33640068769454956, 0.4842631288093104, 1759352090631180409
-0.18104654550552368, 0.31547659635543823, 0.4636673368713008, 1759352090663570362
0.25332921743392944, -0.5422222018241882, 0.5021917837296791, 1759352090693241251
-0.2556605339050293, 0.3798449635505676, 0.5445205926710405, 1759352090721270233
0.1925041675567627, 0.33236318826675415, 0.47565672073398746, 1759352090751293485
-0.06704002618789673, -0.5395771861076355, 0.5096487053482102, 1759352090780355472
-0.15868401527404785, 0.18373262882232666, 0.5109816157675636, 1759352090811422489
0.2697409987449646, 0.5110504031181335, 0.5183108252879393, 1759352090841538674
-0.1500173807144165, -0.3472867012023926, 0.49139465222704726, 1759352090871568271
-0.4347195029258728, -0.0646178126335144, 0.45190041433446826, 1759352090903040138
0.07996141910552979, 0.13061624765396118, 0.47277492412846905, 1759352090934319655
-0.010269403457641602, 0.001515507698059082, 0.5532661301280682, 1759352090961812048
-0.1941555142402649, -0.007258176803588867, 0.5126897177362675, 1759352090991798893
-0.19476258754730225, 0.018441319465637207, 0.4877838463061625, 1759352091021864503
-0.06168407201766968, 0.1304941177368164, 0.4720720284215827, 1759352091051926619
0.014686346054077148, -0.020801663398742676, 0.5180219598016156, 1759352091081967496
-0.33849191665649414, 0.1060602068901062, 0.5247038131475946, 1759352091112083853
0.1527177095413208, -0.00540393590927124, 0.4956440102236509, 1759352091143062628
0.38281941413879395, -0.19019311666488647, 0.45688275753665536, 1759352091175835449
-0.4154214859008789, 0.29678207635879517, 0.5178111588981974, 1759352091202294451
0.046992361545562744, 0.23307615518569946, 0.4856314562120214, 1759352091232514517
-0.593562126159668, -0.29506146907806396, 0.511351583430408, 1759352091262444715
0.5376906394958496, -0.13248074054718018, 0.5045900291560386, 1759352091292419869
-0.12468528747558594, 0.6323351263999939, 0.5078998271310952, 1759352091322489575
-0.09260493516921997, -0.3500813841819763, 0.4939966572622071, 1759352091352574484
0.1804637908935547, -0.49432873725891113, 0.5284560323700733, 1759352091383060387
0.28279101848602295, 0.7391219139099121, 0.49765460088352415, 1759352091415174836
-0.4202905297279358, 0.03132307529449463, 0.5575066973929722, 1759352091442780282
0.1628018617630005, -0.5899065136909485, 0.5161412525760838, 1759352091472865066
0.07412761449813843, 0.5088557004928589, 0.5099215538823956, 1759352091502867623
-0.06433063745498657, 0.3852950930595398, 0.5023659913248646, 1759352091532958199
0.07775330543518066, -0.885384202003479, 0.5223510544027973, 1759352091562957719
-0.32880741357803345, 0.5991786122322083, 0.5178895009726434, 1759352091593071637
0.09914165735244751, 0.4789910912513733, 0.4896346145936616, 1759352091623976902
-0.39860403537750244, -0.6743679046630859, 0.48775385325642967, 1759352091655193030
0.6728271245956421, 0.08017110824584961, 0.5236248847830042, 1759352091684116626
-0.3840335011482239, 0.3410191535949707, 0.5374805971362694, 1759352091713426979
0.6600317358970642, -0.2994377017021179, 0.5344115330869147, 1759352091742385169
-0.1759260892868042, 0.22945117950439453, 0.4608548505842221, 1759352091773467028
0.11113375425338745, -0.058038175106048584, 0.4798295898466742, 1759352091803477843
-0.19812685251235962, -0.010231971740722656, 0.5133875907072563, 1759352091833576908
0.07015621662139893, 0.1986464262008667, 0.5297972599385197, 1759352091863653713
-0.2962450385093689, 0.10485053062438965, 0.5010572214902129, 1759352091895158252
0.5463353395462036, 0.09357678890228271, 0.48248402704431254, 1759352091926812831
-0.44929981231689453, 0.06203252077102661, 0.5433938595962006, 1759352091953949634
-0.16793251037597656, -0.2459757924079895, 0.5108851225895173, 1759352091983910399
-0.05701321363449097, 0.14030742645263672, 0.5136060668709362, 1759352092014024968
0.10916590690612793, -0.08738458156585693, 0.4771895451423135, 1759352092044035577
-0.007032454013824463, -0.011825978755950928, 0.46773567846172537, 1759352092074059230
-0.2927359938621521, 0.3503945469856262, 0.5070448739402599, 1759352092103121290
-0.02952033281326294, -0.31302589178085327, 0.492328066011401, 1759352092135768753
-0.200749933719635, 0.08865100145339966, 0.5050706019482699, 1759352092167456828
0.2933700680732727, 0.6327478289604187, 0.5483845320757029, 1759352092194391800
-0.560303807258606, -0.5767746567726135, 0.4737035973267322, 1759352092224372468
0.4046263098716736, -0.16093575954437256, 0.495305904568619, 1759352092254463969
-0.2612084150314331, 0.6557939648628235, 0.5071433273831846, 1759352092284486902
-0.287484347820282, -0.12243127822875977, 0.4987835491378582, 1759352092314559411
-0.05681884288787842, -0.33387523889541626, 0.4891115992688267, 1759352092344916787
0.18635421991348267, 0.4726100564002991, 0.509634748593198, 1759352092375186857
-0.4424935579299927, 0.03119581937789917, 0.504689934299764, 1759352092407405865
0.44987815618515015, -0.5001239776611328, 0.5832069736848349, 1759352092434903359
0.10089993476867676, 0.5913259983062744, 0.508863212303435, 1759352092465441941
0.057614028453826904, 0.22577697038650513, 0.49902236202750333, 1759352092494979465
0.0411757230758667, -0.3515778183937073, 0.498725134111612, 1759352092525026503
-0.4539527893066406, 0.28469759225845337, 0.5087785726893982, 1759352092555081896
0.12709873914718628, 0.2740139961242676, 0.5124779114409818, 1759352092584131886
-0.43917572498321533, -0.2504141926765442, 0.4623802953636314, 1759352092615330985
0.37470418214797974, 0.07262110710144043, 0.4505939993053765, 1759352092647673351
-0.12637841701507568, 0.0854073166847229, 0.5287040592811957, 1759352092677228247
-0.10954266786575317, 0.1331438422203064, 0.5468237583827364, 1759352092705529132
-0.39857131242752075, 0.08332490921020508, 0.5297016968461609, 1759352092734424728
0.0032999515533447266, -0.16794490814208984, 0.510145606795232, 1759352092765492416
-0.15242737531661987, 0.14985328912734985, 0.4857116197226658, 1759352092795662099
0.10627573728561401, 0.021929442882537842, 0.5036237411729694, 1759352092825800004
-0.4701778292655945, 0.1325274109840393, 0.5228148957848976, 1759352092855717419
0.30205053091049194, 0.22124511003494263, 0.49422187217852975, 1759352092887245548
-0.31027722358703613, -0.16617727279663086, 0.47126989737585506, 1759352092919214351
-0.45148420333862305, 0.04745125770568848, 0.5604765657996351, 1759352092945902192
0.07767695188522339, 0.3735753893852234, 0.5158252579487491, 1759352092975946534
-0.3358002305030823, -0.44447457790374756, 0.5167975765441545, 1759352093006016549
0.2382291555404663, -0.07897454500198364, 0.4911470126053237, 1759352093036072234
-0.6322013735771179, 0.7722087502479553, 0.4917085227074374, 1759352093066145168
0.036420345306396484, -0.27530354261398315, 0.47517798253507826, 1759352093096211351
-0.031196117401123047, -0.20011860132217407, 0.4769874402072834, 1759352093127615764
0.17242348194122314, 0.6558776497840881, 0.48889255391874675, 1759352093159573380
-0.17564553022384644, -0.26958662271499634, 0.587010638253847, 1759352093186383123
-0.05119431018829346, -0.3666822910308838, 0.5152907854536948, 1759352093216416919
0.16587823629379272, 0.6487734913825989, 0.5192229254906225, 1759352093245492656
-0.28900885581970215, 0.009309470653533936, 0.4881076578386614, 1759352093276543677
0.10307562351226807, -0.5668227672576904, 0.5155910759142501, 1759352093306634197
-0.2939884662628174, 0.6668551564216614, 0.5364174902212191, 1759352093336704039
0.06234633922576904, 0.38226455450057983, 0.4722780800163549, 1759352093367240680
-0.4641512632369995, -0.5587676763534546, 0.43756360026768215, 1759352093399161903
0.5634980201721191, 0.049097537994384766, 0.5569555322474785, 1759352093426910465
-0.6694601774215698, 0.5912761092185974, 0.5284975685689084, 1759352093457041971
0.2438521385192871, -0.2896171808242798, 0.5032140842353002, 1759352093487679966
0.002715170383453369, 0.15819281339645386, 0.4806119312769298, 1759352093517729056
0.02525562047958374, 0.20042896270751953, 0.4851446441011997, 1759352093547683700
0.0975881814956665, -0.11185681819915771, 0.49625721346982427, 1759352093577837411
0.14553743600845337, 0.12663137912750244, 0.494605406045187, 1759352093607938258
-0.32741671800613403, 0.017705142498016357, 0.46652221480491396, 1759352093639560458
0.2162073850631714, 0.26726531982421875, 0.47899118064023377, 1759352093670332706
-0.4431019425392151, 0.04686236381530762, 0.5439190642519033, 1759352093697815101
0.09668272733688354, -0.0051302313804626465, 0.5325998869677095, 1759352093727819404
-0.018214821815490723, 0.4465962052345276, 0.5182408738851453, 1759352093757856839
0.27172547578811646, -0.2385166883468628, 0.4803213244484156, 1759352093787928381
-0.2696201801300049, -0.16491073369979858, 0.4980306887838371, 1759352093817947819
-0.23218107223510742, 0.6056301593780518, 0.5012435637232084, 1759352093848035348
0.13749289512634277, -0.231908917427063, 0.4791396502618717, 1759352093879199058
-0.20339351892471313, -0.09620201587677002, 0.4624467978021255, 1759352093911210352
-0.03639030456542969, 0.7999412417411804, 0.5361968643163966, 1759352093938231280
-0.2433704137802124, -0.48633819818496704, 0.5281059576663713, 1759352093967125460
-0.477971613407135, -0.23662400245666504, 0.5111354502672022, 1759352093998082629
0.05110746622085571, 0.8054125905036926, 0.5453899296619337, 1759352094027127387
-0.0587233304977417, -0.24504506587982178, 0.48976245027195375, 1759352094058182540
-0.21144556999206543, -0.338481068611145, 0.48701027220923293, 1759352094088297513
-0.06794565916061401, 0.6898698806762695, 0.47438322463269983, 1759352094119627421
-0.29220718145370483, 0.15440493822097778, 0.4687856636878147, 1759352094151385898
0.13677978515625, -0.46890920400619507, 0.5715381394274456, 1759352094178442041
-0.06132024526596069, 0.34350425004959106, 0.5287813438422743, 1759352094208473294
-0.3822175860404968, 0.2503994107246399, 0.5050243953687646, 1759352094238568490
0.3247932195663452, -0.3073565363883972, 0.5141865248622998, 1759352094268728521
-0.14288794994354248, 0.1627441644668579, 0.506707895004628, 1759352094298713948
-0.003516972064971924, 0.2530142664909363, 0.5120877387118021, 1759352094328799150
0.050437211990356445, -0.1907362937927246, 0.49141653529996954, 1759352094359239147
-0.5285854339599609, 0.19726240634918213, 0.44530712723390875, 1759352094391242093
-0.1090095043182373, 0.004993081092834473, 0.5300900206869723, 1759352094419237191
0.1658393144607544, 0.021364688873291016, 0.5000256692949975, 1759352094449043830
-0.29928284883499146, 0.10953277349472046, 0.5085155467472937, 1759352094479060144
-0.010802984237670898, 0.0425754189491272, 0.5311484787743462, 1759352094508135962
-0.055856406688690186, 0.3609156608581543, 0.46966024642414583, 1759352094539248253
0.4468473792076111, 0.07955294847488403, 0.5141890252540551, 1759352094569471252
-0.23056459426879883, -0.12129980325698853, 0.5384077629729757, 1759352094599354911
0.5050718188285828, 0.22868430614471436, 0.4662436920812755, 1759352094631789425
0.11648887395858765, 0.07831162214279175, 0.4688271769286526, 1759352094662026399
-0.5321683287620544, 0.08705669641494751, 0.5037210748305772, 1759352094689458847
0.3963831067085266, 0.4039454460144043, 0.5080891127849679, 1759352094718542372
-0.45192450284957886, -0.4108228087425232, 0.5132654933658427, 1759352094749702122
-0.49200326204299927, -0.08509773015975952, 0.524243325938125, 1759352094779681629
-0.141687273979187, 0.9193916320800781, 0.5188435420121449, 1759352094809763071
0.24674129486083984, -0.3879237771034241, 0.4970757903723049, 1759352094839854486
-0.19062477350234985, -0.37470370531082153, 0.46652310351226045, 1759352094871473795
0.11681967973709106, 0.735378623008728, 0.49019423744983187, 1759352094903218870
-0.29717445373535156, -0.08538758754730225, 0.5654018447479946, 1759352094930078809
0.15862667560577393, -0.40997278690338135, 0.4787661730666342, 1759352094960040190
-0.1316407322883606, 0.44773364067077637, 0.513025253782075, 1759352094989187585
0.07123684883117676, 0.12901300191879272, 0.4868342851767642, 1759352095020252956
0.17815691232681274, -0.5742325186729431, 0.5115591382622574, 1759352095050311998
-0.4974479675292969, 0.47521811723709106, 0.5293538242142416, 1759352095080330967
0.5977331399917603, 0.5330271124839783, 0.47591575192825486, 1759352095111246542
-0.5165327787399292, -0.4377032518386841, 0.44513498751599534, 1759352095143640155
0.15901511907577515, -0.019031643867492676, 0.5562536820525918, 1759352095170630242
-0.276961088180542, 0.5768054127693176, 0.5054599720977949, 1759352095200647117
0.29872018098831177, 0.04422801733016968, 0.48675598663287095, 1759352095230796571
-0.36988234519958496, 0.17383527755737305, 0.48277763868155094, 1759352095260700602
0.3846510052680969, -0.22827047109603882, 0.4985964575901164, 1759352095290764775
-0.22019773721694946, 0.22636258602142334, 0.5490289954387413, 1759352095320856705
0.46757858991622925, 0.013229787349700928, 0.5200888176057156, 1759352095351536287
-0.3088313341140747, 0.025596976280212402, 0.46311610712504914, 1759352095383399169
0.14383834600448608, 0.3695995807647705, 0.5191960210225001, 1759352095411077262
-0.2431163191795349, 0.16687750816345215, 0.47838914173206065, 1759352095441077636
0.051297903060913086, -0.08153802156448364, 0.5021265914407769, 1759352095470106232
-0.4586334228515625, 0.3712095618247986, 0.46309135406458435, 1759352095501187303
-0.11806327104568481, -0.11324465274810791, 0.47300674486277094, 1759352095531243629
0.02538508176803589, -0.021741747856140137, 0.5009743695949187, 1759352095561475925
-0.03647691011428833, 0.5847368240356445, 0.5319405843874234, 1759352095591702560
0.09308648109436035, -0.4064585566520691, 0.5092403081693462, 1759352095623255016
-0.1665005087852478, -0.03170210123062134, 0.5366558001799088, 1759352095651547608
0.5234620571136475, 0.8599441051483154, 0.5029590623597251, 1759352095681539919
-0.5189521908760071, -0.30479007959365845, 0.5037031763530375, 1759352095710633038
0.2722795009613037, -0.2704375982284546, 0.47655717862515956, 1759352095741695896
0.15903222560882568, 0.7428266406059265, 0.5131801822070008, 1759352095771738176
-0.691093921661377, -0.18835997581481934, 0.4813440780351402, 1759352095801883310
-0.1332969069480896, -0.5193753242492676, 0.5002271436375689, 1759352095831968770
0.05249220132827759, 0.8351367712020874, 0.4893216090157928, 1759352095863322995
-0.059461236000061035, 0.3190060257911682, 0.48673860587397116, 1759352095895303436
0.17974966764450073, -0.6660876870155334, 0.5962943620622013, 1759352095922073489
0.1642356514930725, 0.4694039225578308, 0.4980418870019529, 1759352095952170772
-0.18920272588729858, 0.5505814552307129, 0.46492211003080813, 1759352095982899566
-0.12012946605682373, 0.056024134159088135, 0.4881789202604009, 1759352096013081684
-0.1984347701072693, -0.155259907245636, 0.49391550385787364, 1759352096042861924
0.0465661883354187, 0.30307137966156006, 0.5138566543481347, 1759352096073041222
-0.45557355880737305, 0.15387600660324097, 0.49533425950183085, 1759352096103962554
0.20469361543655396, 0.05076545476913452, 0.4758196458397724, 1759352096135612331
-0.2999876141548157, -0.22083443403244019, 0.5743721069926003, 1759352096162931129
-0.013134360313415527, 0.22666317224502563, 0.49933704438954035, 1759352096193025170
0.2542368769645691, 0.23987364768981934, 0.5015067088938887, 1759352096223036320
-0.3247409462928772, 0.11076217889785767, 0.4938716455086291, 1759352096253053578
0.044542908668518066, 0.19654756784439087, 0.4690852135214199, 1759352096283070610
-0.04488503932952881, 0.1266375184059143, 0.5005240406290173, 1759352096312125673
-0.27399396896362305, 0.014931917190551758, 0.4884662757648002, 1759352096343327282
-0.12404656410217285, 0.3648853898048401, 0.49089052706567937, 1759352096375550113
-0.11720216274261475, 0.01867443323135376, 0.5778911954702332, 1759352096403280645
0.2362591028213501, 0.08529561758041382, 0.5053022762900464, 1759352096433237460
-0.06250351667404175, 0.30794161558151245, 0.4979329549561443, 1759352096463208293
-0.51935875415802, -0.3784216046333313, 0.5259469329376923, 1759352096493241398
0.3544216752052307, 0.09760290384292603, 0.49910779941927147, 1759352096523330598
-0.6371936202049255, 0.7965669631958008, 0.45500972693474895, 1759352096553393265
-0.008124947547912598, -0.3776744604110718, 0.4554422178930645, 1759352096583462276
0.04490029811859131, -0.13398730754852295, 0.4667886109522081, 1759352096616024837
-0.08453893661499023, 0.9020975828170776, 0.5344138379659987, 1759352096645450362
-0.25587040185928345, -0.23315119743347168, 0.5886509697567723, 1759352096673642786
0.21614843606948853, -0.4580773115158081, 0.5064112732951717, 1759352096703701261
0.192846417427063, 0.5107038021087646, 0.4911111461082048, 1759352096733740972
-0.17030197381973267, 0.17728620767593384, 0.5057806971303539, 1759352096763842227
0.07815080881118774, -0.4629020690917969, 0.49749866655647423, 1759352096793964436
-0.08535689115524292, -0.3770853281021118, 0.5268999853377654, 1759352096823112175
-0.13580423593521118, 0.7292846441268921, 0.45225517900418566, 1759352096855620218
-0.13329386711120605, -0.14294010400772095, 0.4941031710304384, 1759352096886284406
-0.23643583059310913, -0.1951172947883606, 0.5663016335652312, 1759352096914280862
-0.3169684410095215, 0.41389673948287964, 0.525684744235266, 1759352096944178598
0.7538089156150818, -0.13799691200256348, 0.49814021713988615, 1759352096974252921
-0.2551225423812866, 0.11790096759796143, 0.477517086589045, 1759352097004305943
0.1569104790687561, 0.11157047748565674, 0.4792464962320141, 1759352097034383669
0.1922488808631897, 0.16423749923706055, 0.49816622604555955, 1759352097064464528
-0.30249470472335815, 0.11523681879043579, 0.48049744074499134, 1759352097095585672
-0.3083891272544861, -0.024150192737579346, 0.46266596235236396, 1759352097127871387
0.36541181802749634, 0.3677704334259033, 0.5848960530506447, 1759352097154706406
-0.28595006465911865, 0.21700310707092285, 0.5365110031500788, 1759352097183688985
0.09425234794616699, -0.1679840087890625, 0.5018664227983798, 1759352097214706811
-0.15903347730636597, 0.3898155689239502, 0.4908695555305135, 1759352097244801865
0.2763984799385071, -0.05296856164932251, 0.48675061455208796, 1759352097274852483
-0.27313685417175293, -0.12483179569244385, 0.48190879563038236, 1759352097305263166
-0.14558231830596924, 0.45526671409606934, 0.4773533896132563, 1759352097336231362
0.21507292985916138, -0.26527905464172363, 0.4938164930920085, 1759352097367451296
-0.34980010986328125, -0.036392390727996826, 0.5546329531770424, 1759352097395202598
0.46677494049072266, 0.8735789060592651, 0.5122196374315975, 1759352097425236545
-0.1583942174911499, -0.3125811219215393, 0.4960567001770098, 1759352097455219577
0.04401421546936035, -0.330313503742218, 0.49761008510377974, 1759352097485292721
0.22336351871490479, 0.7196008563041687, 0.5169810836277979, 1759352097515341504
-0.028732240200042725, -0.06420063972473145, 0.49582620337192734, 1759352097545477337
-0.16126972436904907, -0.326038122177124, 0.49234350667422255, 1759352097575894270
0.14182031154632568, -0.2562384605407715, 0.4699140475844856, 1759352097607486784
-0.04886162281036377, 0.9541453719139099, 0.5002648731449472, 1759352097637580700
0.1099511981010437, -0.299943745136261, 0.5710679624372493, 1759352097665728341
-0.3892338275909424, -0.11204999685287476, 0.5343252376510993, 1759352097695749308
-0.06377536058425903, 0.4088950753211975, 0.4437537190175315, 1759352097718622957
0.4683074951171875, -0.1961991786956787, 0.5560256321468762, 1759352097745888959
-0.11591613292694092, -0.03054136037826538, 0.5110995272758025, 1759352097775887357
-0.0677262544631958, 0.23836123943328857, 0.5020130000968064, 1759352097806005243
0.07415354251861572, -0.028429150581359863, 0.4913633615844867, 1759352097836047973
-0.15490543842315674, 0.23057395219802856, 0.46947134700830423, 1759352097866399569
0.13272619247436523, 0.22602421045303345, 0.47998425953828167, 1759352097896232575
0.2229067087173462, -0.07708293199539185, 0.4811804927080198, 1759352097927839993
-0.36581355333328247, 0.10571044683456421, 0.48696900886472244, 1759352097959862842
-0.05803489685058594, 0.21006560325622559, 0.5998554731371153, 1759352097986367387
0.03735476732254028, 0.1310994029045105, 0.4799699326618016, 1759352098016397215
-0.12143206596374512, 0.04597562551498413, 0.4714683467883237, 1759352098046508761
0.2609853744506836, -0.13395649194717407, 0.5256297916473459, 1759352098076519908
-0.5255903601646423, 0.14055979251861572, 0.5162164954904194, 1759352098106613717
0.5077337026596069, 0.014219462871551514, 0.4739210633410052, 1759352098136711530
-0.04868590831756592, -0.11166268587112427, 0.4762098599724284, 1759352098166522785
-0.3372166156768799, 0.13838684558868408, 0.45185366121068005, 1759352098199404259
0.09981000423431396, -0.05018627643585205, 0.5819253773695019, 1759352098226915458
-0.028339862823486328, 0.4341679811477661, 0.5397980117851298, 1759352098257013851
-0.2725069522857666, 0.24850153923034668, 0.5074709844394477, 1759352098287010574
0.38635319471359253, -0.6057210564613342, 0.47159636201648486, 1759352098317088070
0.0103684663772583, 0.37885552644729614, 0.4834301055379358, 1759352098347180307
0.0001990795135498047, 0.5396386384963989, 0.4863349695474164, 1759352098377256916
-0.1660136580467224, -0.2646528482437134, 0.46642440583417927, 1759352098408025451
0.2173459529876709, -0.5372713208198547, 0.4395635025784716, 1759352098439554092
-0.02565014362335205, 0.6339923143386841, 0.48840965013946375, 1759352098470670488
0.05858367681503296, 0.30403637886047363, 0.5724825433744043, 1759352098497972060
0.32589787244796753, -0.5863657593727112, 0.5386167048100213, 1759352098528043803
-0.2647255063056946, 0.4569389820098877, 0.5719111609681702, 1759352098558043917
0.3512061834335327, 0.3196049928665161, 0.5293838138836113, 1759352098588077068
0.016176819801330566, -0.32135170698165894, 0.5102521427611901, 1759352098617110769
0.2213953733444214, -0.055024147033691406, 0.49924137026026727, 1759352098647143116
-0.5826640725135803, 0.32764047384262085, 0.4659261020494554, 1759352098679799137
0.47728073596954346, -0.19331562519073486, 0.49944366044925875, 1759352098710592183
-0.7346166968345642, 0.14838218688964844, 0.5520065156296053, 1759352098738214952
0.6094212532043457, 0.028615057468414307, 0.5070697294002704, 1759352098768229160
-0.21546775102615356, 0.0028032660484313965, 0.42651665644057446, 1759352098791342939
0.390217661857605, 0.12357980012893677, 0.534468661216635, 1759352098828265069
-0.30300259590148926, 0.04159194231033325, 0.5074347640220622, 1759352098858307086
0.2025299072265625, 0.11217421293258667, 0.48659267709260795, 1759352098888392948
0.31718218326568604, 0.09702038764953613, 0.4592941495795798, 1759352098919845797
-0.3646640181541443, -0.20231527090072632, 0.4776183383453346, 1759352098951609120
-0.21972155570983887, 0.09197646379470825, 0.571963215738529, 1759352098978504422
0.23647385835647583, 0.16710638999938965, 0.5233759175703034, 1759352099008470295
-0.08728599548339844, 0.05606400966644287, 0.5039891576179117, 1759352099038531841
-0.4454052448272705, -0.038035035133361816, 0.5069048411249641, 1759352099068653285
0.5015144348144531, -0.1428799033164978, 0.5368175043425845, 1759352099098654683
-0.13220733404159546, 0.49470949172973633, 0.5133192874596719, 1759352099128753464
-0.37354862689971924, -0.01465916633605957, 0.48056753881547615, 1759352099159457038
-0.30728453397750854, -0.3548614978790283, 0.44336558473459825, 1759352099191476169
0.4135826826095581, -0.28464120626449585, 0.5273179141279881, 1759352099219015348
0.22467148303985596, 0.7433527708053589, 0.5473617479778351, 1759352099248980158
-0.17290157079696655, -0.21650946140289307, 0.5261067802464147, 1759352099279064775
-0.22873789072036743, -0.4535312056541443, 0.5094591782570888, 1759352099309075581
0.2722814083099365, 0.6241428852081299, 0.5219179092636536, 1759352099339175322
-0.0061522722244262695, 0.09686481952667236, 0.4960028486261031, 1759352099369237322
0.057642340660095215, -0.45867955684661865, 0.49768426837915625, 1759352099399488470
0.12378698587417603, 0.4810580611228943, 0.4764750526506249, 1759352099432023243
-0.232374906539917, 0.28244805335998535, 0.48461915047427806, 1759352099461514273
0.25339436531066895, -0.32021158933639526, 0.5293886531187127, 1759352099489567795
-0.25602447986602783, -0.038030803203582764, 0.5123410220068103, 1759352099519598091
0.18128561973571777, 0.3703920245170593, 0.5136752914905758, 1759352099549601479
-0.08910727500915527, -0.01340019702911377, 0.516903774236629, 1759352099579648342
0.4561649560928345, 0.023545920848846436, 0.4954879158805018, 1759352099609767543
-0.035081565380096436, 0.1866544485092163, 0.5094372368032739, 1759352099638838612
0.23779910802841187, -0.10975301265716553, 0.4740756778545469, 1759352099671508487
-0.20115357637405396, 0.12937581539154053, 0.49726416998124723, 1759352099702681858
-0.3309880495071411, 0.24261993169784546, 0.5387317284221218, 1759352099730043337
0.2997865676879883, -0.17141276597976685, 0.48233044611849785, 1759352099760229740
-0.27244138717651367, 0.12192881107330322, 0.5107350839833709, 1759352099789165460
0.16342204809188843, -0.09710121154785156, 0.5025920141991224, 1759352099820241277
-0.23102974891662598, -0.0317956805229187, 0.5182348832648604, 1759352099850290620
0.41192156076431274, 0.06522870063781738, 0.4774796224168493, 1759352099880354906
-0.2663254737854004, -0.11517411470413208, 0.45846828366753145, 1759352099911774047
0.1357479691505432, 0.054873764514923096, 0.46536166677188545, 1759352099943929827
-0.023059844970703125, 0.10955238342285156, 0.5764205866207666, 1759352099970612623
0.5652444362640381, -0.21212631464004517, 0.5116786206586315, 1759352100000637677
-0.4770817160606384, 0.9239019751548767, 0.49965761430313155, 1759352100030607410
0.227786123752594, -0.25184082984924316, 0.4955229570855987, 1759352100060663947
-0.18315529823303223, -0.3137366771697998, 0.5257070530677447, 1759352100090708407
0.5303168892860413, 0.6888109445571899, 0.5147926754877649, 1759352100120809720
-0.37744492292404175, -0.4675195813179016, 0.5228868810773771, 1759352100150713669
0.15126687288284302, -0.4454578757286072, 0.46009743528488234, 1759352100183641836
0.16823667287826538, 0.6724444627761841, 0.5234887424751045, 1759352100211055056
-0.21901047229766846, -0.04604184627532959, 0.49155823917049085, 1759352100240109429
0.48069310188293457, -0.4846791625022888, 0.49982905343354034, 1759352100270123009
-0.42027509212493896, 0.6766712665557861, 0.523415001456952, 1759352100301181079
0.5629653930664062, 0.340237557888031, 0.5087410106848008, 1759352100331211431
-0.6777986884117126, -0.4497859477996826, 0.4804845417858506, 1759352100361313342
1.14504873752594, -0.018149077892303467, 0.49946576504902185, 1759352100391953598
-0.3972201347351074, 0.3911621570587158, 0.4862913376754288, 1759352100423804662
-0.17497307062149048, -0.3536835312843323, 0.5468641026735611, 1759352100451525475
-0.2715132236480713, 0.14433574676513672, 0.4800059402987331, 1759352100481555625
0.19829440116882324, 0.15396654605865479, 0.4836735907895033, 1759352100511589393
-0.08125454187393188, -0.19234204292297363, 0.5127009100258098, 1759352100541691360
0.061356544494628906, 0.14001554250717163, 0.5192038228985935, 1759352100571700365
0.0162314772605896, 0.34793370962142944, 0.518100954738791, 1759352100601791146
-0.01631706953048706, -0.15960770845413208, 0.5097225171113589, 1759352100630865217
0.2952415943145752, -0.058280766010284424, 0.43964757263471343, 1759352100663507905
-0.1293621063232422, -0.028649985790252686, 0.49166638144479063, 1759352100694378567
-0.2135348916053772, 0.4105573296546936, 0.513953233701719, 1759352100732091079
-0.008291244506835938, -0.17086297273635864, 0.4811557113481695, 1759352100762213617
-0.29454338550567627, -0.38769739866256714, 0.48076655495014275, 1759352100792263513
0.5438644289970398, 0.25336945056915283, 0.4864083900745751, 1759352100823546271
-0.30716532468795776, 0.3518124222755432, 0.5156608909877176, 1759352100855033531
-0.49788200855255127, -0.5031160712242126, 0.5937766384397513, 1759352100882365213
0.7143110036849976, 0.29207754135131836, 0.5180288062295638, 1759352100913255447
0.015951573848724365, 0.39867502450942993, 0.5341738552171932, 1759352100942494495
-0.22523033618927002, -0.6215904951095581, 0.5047378786956782, 1759352100972576145
-0.3035101890563965, 0.005092740058898926, 0.5138714368583719, 1759352101002651705
0.24700111150741577, 0.8819497227668762, 0.49535467243143516, 1759352101032717543
-0.45336437225341797, -0.5916550755500793, 0.4668789807093072, 1759352101063742294
0.26373612880706787, -0.4787794351577759, 0.4693972733812859, 1759352101095098641
-0.15659141540527344, 1.0556299686431885, 0.5778979990226569, 1759352101121914887
0.121005117893219, -0.2576640844345093, 0.5232714206098397, 1759352101152938575
-0.28454577922821045, -0.4409372806549072, 0.5370847073669128, 1759352101183014981
0.4842103123664856, 0.6194931268692017, 0.495678584809833, 1759352101213095313
0.3350295424461365, -0.11041265726089478, 0.5097617246145278, 1759352101243142459
-0.30853283405303955, -0.27572643756866455, 0.5010527157945589, 1759352101273219372
0.08741605281829834, 0.3903595209121704, 0.48764798021611544, 1759352101303709525
-0.006380438804626465, -0.03379899263381958, 0.46308189700336805, 1759352101335721196
-0.12043052911758423, -0.060105085372924805, 0.5274538301748382, 1759352101363376201
-0.5666266679763794, -0.05425053834915161, 0.49920076741259084, 1759352101393449945
0.6020085215568542, -0.062074363231658936, 0.5306147038395634, 1759352101423459946
-0.20775794982910156, 0.24896931648254395, 0.51896593031097, 1759352101453600126
-0.03641229867935181, -0.09850877523422241, 0.5020360823791888, 1759352101483649703
0.014079868793487549, 0.03660780191421509, 0.4802315556229952, 1759352101513722303
0.3394264578819275, 0.2365437150001526, 0.48177440530774646, 1759352101544074336
-0.09572404623031616, -0.20932704210281372, 0.48590913196516083, 1759352101575102707
-0.16100972890853882, 0.4752083420753479, 0.5353107429960781, 1759352101602933056
-0.2470107078552246, 0.23797231912612915, 0.4722011346754839, 1759352101633982637
-0.060646653175354004, -0.40862852334976196, 0.5111752715433069, 1759352101663967371
0.4166172742843628, 0.20009714365005493, 0.5303987632370377, 1759352101693114689
-0.038609087467193604, 0.1418246626853943, 0.5144662940655064, 1759352101724149824
-0.2649678587913513, -0.43430590629577637, 0.5117569448033116, 1759352101754257137
-0.22789764404296875, 0.3238576054573059, 0.4881804572505634, 1759352101784307810
0.6096451878547668, 0.43775492906570435, 0.4502273363600148, 1759352101816012493
-0.5435537695884705, -0.5095598697662354, 0.4630844253577766, 1759352101847924740
0.4497793912887573, -0.16934502124786377, 0.5737030000841755, 1759352101874535878
-0.15783125162124634, 0.7457925081253052, 0.550054429242443, 1759352101904443843
0.3277207016944885, -0.3794587254524231, 0.5232269202964143, 1759352101934551942
-0.06702560186386108, -0.2520437240600586, 0.49257329806898237, 1759352101964618194
0.26458436250686646, 0.8168693780899048, 0.4984733747042474, 1759352101994703960
-0.5743348002433777, -0.28889745473861694, 0.5238967469692148, 1759352102024751354
-0.3156425356864929, -0.2800878882408142, 0.5212745708923338, 1759352102055136023
0.1862512230873108, 0.4586893320083618, 0.4480547606000054, 1759352102087769635
-0.1927189826965332, -0.30019670724868774, 0.540614623900705, 1759352102114008701
-0.11124014854431152, -0.3622337579727173, 0.4659156814230861, 1759352102144983947
-0.553246796131134, 0.5562326908111572, 0.5191165477194136, 1759352102175044029
0.6281502842903137, 0.20709651708602905, 0.528685047488328, 1759352102204132853
-0.5474661588668823, -0.18023043870925903, 0.46918260221103913, 1759352102235199641
0.45021647214889526, -0.15762639045715332, 0.5152719034206226, 1759352102265304030
0.14180219173431396, 0.025484681129455566, 0.5115004320472386, 1759352102295716353
0.2679763436317444, 0.08642160892486572, 0.46322148148529063, 1759352102327617835
-0.16092103719711304, 0.21967506408691406, 0.5280223949065269, 1759352102355574646
-0.269939124584198, 0.055471956729888916, 0.47345149999014713, 1759352102385579211
-0.037979304790496826, -0.011313199996948242, 0.5284361848976075, 1759352102415541476
-0.18221408128738403, -0.23456847667694092, 0.5515509180764823, 1759352102445592817
0.10639768838882446, 0.3660893440246582, 0.5221454501410234, 1759352102475709599
0.1489793062210083, 0.21186399459838867, 0.4987659413998742, 1759352102505783685
-0.09370094537734985, -0.3086095452308655, 0.4874676110451009, 1759352102535891531
0.38183528184890747, 0.27422577142715454, 0.4588811307641294, 1759352102568513579
0.04842698574066162, 0.38058704137802124, 0.5183469782342964, 1759352102598464324
-0.7036664485931396, -0.5568668246269226, 0.5400319779593784, 1759352102626079078
0.6243073344230652, 0.19540858268737793, 0.48658529441708104, 1759352102656034081
-0.5463294982910156, 0.360660195350647, 0.5182316632860378, 1759352102685135666
0.2726364731788635, -0.4036409258842468, 0.48534114557731417, 1759352102716199804
-0.1276940107345581, 0.10409283638000488, 0.5233834459541382, 1759352102746258915
0.13159704208374023, 0.4621051549911499, 0.5160528342065366, 1759352102776390748
-0.26793980598449707, -0.29639458656311035, 0.4713697128786632, 1759352102807729423
-0.08089661598205566, -0.31569188833236694, 0.4764080866017455, 1759352102839845183
0.29250437021255493, 0.6398897171020508, 0.5892287412585236, 1759352102866515421
-0.28574734926223755, -0.07301706075668335, 0.506842710027823, 1759352102896536985
0.0266801118850708, -0.45645201206207275, 0.5038372529812348, 1759352102926583265
0.11495012044906616, 0.4302183985710144, 0.4971305246600351, 1759352102956725894
0.019269704818725586, 0.09117430448532104, 0.501448769398368, 1759352102986726675
-0.1579163670539856, -0.2384634017944336, 0.507882582326701, 1759352103016874837
0.35449862480163574, 0.3049917221069336, 0.4782417260998565, 1759352103047997434
-0.43787533044815063, -0.11990344524383545, 0.4653609573683986, 1759352103079190374
0.19704997539520264, -0.0030750632286071777, 0.5296931792229931, 1759352103106030427
-0.29270291328430176, 0.21542620658874512, 0.47388914833920787, 1759352103137225110
0.4815734028816223, -0.11920994520187378, 0.5092855334961927, 1759352103167448304
-0.23361307382583618, 0.19004064798355103, 0.5198915572695091, 1759352103197388570
0.1506090760231018, -0.16592168807983398, 0.5255631304431151, 1759352103227271141
-0.012327611446380615, 0.2115657925605774, 0.4976045781296674, 1759352103257342239
0.06867951154708862, 0.12210524082183838, 0.4825465409954515, 1759352103287879260
-0.17179453372955322, -0.24308598041534424, 0.4809248606297366, 1759352103319894643
0.3715474009513855, 0.5025977492332458, 0.5501467371541059, 1759352103347540126
-0.22497153282165527, 0.45152604579925537, 0.4646399184157128, 1759352103378295041
-0.3880067467689514, -0.6813529133796692, 0.4935783486994389, 1759352103408211140
0.23527562618255615, 0.20092767477035522, 0.4949194919922364, 1759352103438210623
-0.4854898452758789, 0.34754157066345215, 0.5280760378907577, 1759352103468294529
-0.10999161005020142, -0.629942774772644, 0.5112113059891423, 1759352103498373036
-0.3546651601791382, 0.2591175436973572, 0.49047431065508995, 1759352103528895319
0.4805834889411926, 0.4099675416946411, 0.4898727244388144, 1759352103559785659
-0.3158579468727112, -0.5833997130393982, 0.4760947932083596, 1759352103591229505
0.013673901557922363, -0.6494156718254089, 0.5577661837686827, 1759352103628355459
-0.09060800075531006, 0.6580075621604919, 0.5028260897549995, 1759352103658420398
0.033448100090026855, 0.5518094301223755, 0.4933070250058579, 1759352103688455297
-0.4648752808570862, -0.9582785367965698, 0.4629819391016783, 1759352103720490507
0.5488702654838562, 0.2880482077598572, 0.4922814009029342, 1759352103751987863
-0.502599835395813, 0.6881152987480164, 0.6327024382413207, 1759352103778611242
-0.039711177349090576, -0.5880664587020874, 0.5232477800659697, 1759352103808547275
-0.13696247339248657, 0.06147503852844238, 0.47108693780397515, 1759352103838593632
0.2640566825866699, 0.2362511157989502, 0.4974773986007078, 1759352103868603989
-0.32603394985198975, -0.1673506498336792, 0.4958189815018861, 1759352103898645870
-0.17153900861740112, 0.10208147764205933, 0.4994358772304628, 1759352103928719034
0.38844752311706543, 0.30623555183410645, 0.4685100908381047, 1759352103959719111
-0.1785900592803955, 0.12617629766464233, 0.45680864322386333, 1759352103991712953
0.12123054265975952, -0.20900899171829224, 0.5793201727828308, 1759352104018961567
-0.34057819843292236, 0.1863303780555725, 0.5170955121720195, 1759352104048967038
-0.003663778305053711, 0.015294492244720459, 0.45875002292071676, 1759352104071130212
-0.4515037536621094, -0.349013090133667, 0.5361289833081198, 1759352104109093249
0.5156123042106628, -0.05229640007019043, 0.49116721481985975, 1759352104139156877
-0.2904765009880066, 0.2973991632461548, 0.5011464296493313, 1759352104169282161
-0.18215352296829224, -0.17302805185317993, 0.49019618650868113, 1759352104199746100
0.10149842500686646, -0.06749773025512695, 0.4482244115632766, 1759352104232355174
0.40174955129623413, 0.28832584619522095, 0.5638633547695028, 1759352104259430636
-0.5043917894363403, -0.04033613204956055, 0.5159605321977129, 1759352104289548616
0.3905254602432251, -0.27133452892303467, 0.5296047746740256, 1759352104319557349
-0.10526955127716064, 0.3584168553352356, 0.5309167698270029, 1759352104349599919
-0.37398815155029297, 0.1779307723045349, 0.49896119054097016, 1759352104379729019
0.06680572032928467, -0.5057671070098877, 0.48428513140882096, 1759352104409746896
0.14409369230270386, 0.19825100898742676, 0.49219851848196067, 1759352104439983750
0.013635456562042236, 0.6443836092948914, 0.45994372295281777, 1759352104472095000
-0.6018270254135132, -0.6819940209388733, 0.469256772463316, 1759352104503630715
0.10618335008621216, -0.39007359743118286, 0.5600022203341445, 1759352104540012900
-0.28447848558425903, 0.6688894033432007, 0.5276735191517323, 1759352104569069081
0.12483423948287964, 0.026399433612823486, 0.4920007891564082, 1759352104600459453
-0.35525965690612793, -0.4257809519767761, 0.48719026597811355, 1759352104631823434
0.3933877944946289, 0.29633843898773193, 0.4867285174169298, 1759352104663530163
-0.31746208667755127, 0.2841978669166565, 0.5572004196553448, 1759352104690363943
-0.12247872352600098, -0.1218835711479187, 0.48642295352610715, 1759352104720396551
0.03610551357269287, -0.13059455156326294, 0.48645429206944213, 1759352104750523685
-0.405989408493042, 0.22594982385635376, 0.497218402157193, 1759352104780542283
-0.04623878002166748, 0.03501605987548828, 0.5040313978655582, 1759352104810604425
-0.18096846342086792, 0.07465285062789917, 0.5180626879575637, 1759352104840662422
-0.3014901876449585, 0.10809707641601562, 0.47508124768889226, 1759352104872396779
0.657866895198822, -0.17114800214767456, 0.4939648709405622, 1759352104903812893
-0.26517993211746216, 0.20255160331726074, 0.5607902630473229, 1759352104930906683
-0.4010744094848633, 0.16423320770263672, 0.5002620700235285, 1759352104960854917
-0.0793616771697998, -0.013567566871643066, 0.4631862082575192, 1759352104990914980
-0.1907680630683899, 0.1586194634437561, 0.4526156402271348, 1759352105020959548
0.10041046142578125, -0.1616101861000061, 0.5019462489077141, 1759352105051059946
-0.6694379448890686, 0.2618222236633301, 0.5698092339508087, 1759352105079118910
0.704020619392395, 0.11414557695388794, 0.45756785232883895, 1759352105111809015
-0.04112088680267334, -0.22275620698928833, 0.45106043948138336, 1759352105143980036
-0.3788139224052429, 0.27213191986083984, 0.5469682715606121, 1759352105171347938
-0.07648211717605591, -0.12349086999893188, 0.5395241241826896, 1759352105201355377
-0.229622483253479, -0.09274876117706299, 0.5161116232716121, 1759352105231426272
-0.22635650634765625, 0.652745246887207, 0.48281958171032935, 1759352105261501347
0.1219944953918457, -0.24743443727493286, 0.48438884952879374, 1759352105291574624
-0.4137537479400635, -0.34752315282821655, 0.49788536720395443, 1759352105321610454
0.0618211030960083, 0.7261567115783691, 0.5150242329887826, 1759352105351813437
-0.42877405881881714, -0.024756014347076416, 0.4732967319234556, 1759352105384241640
-0.1440754532814026, -0.2859410047531128, 0.530210118487245, 1759352105411952112
0.4098610281944275, 0.1787239909172058, 0.5188203594959936, 1759352105441891861
-0.8309963345527649, -0.050954222679138184, 0.4736206795352212, 1759352105471910469
0.6335154175758362, -0.31860673427581787, 0.4805020873371111, 1759352105502025552
0.15550565719604492, 0.5946133136749268, 0.5245098309265237, 1759352105531135254
0.22965705394744873, 0.2836127281188965, 0.45050989271693, 1759352105562397121
-0.08599233627319336, -0.21576273441314697, 0.499869731399761, 1759352105592322998
-0.335354745388031, -0.1162574291229248, 0.47887688724425287, 1759352105624095336
-0.26959770917892456, 0.2472318410873413, 0.5133323316089494, 1759352105654795633
0.3460932970046997, -0.11439937353134155, 0.5752147212528671, 1759352105682524224
-0.3264787793159485, 0.07549792528152466, 0.48771226359277675, 1759352105712449440
-0.11278200149536133, -0.08294713497161865, 0.4907372670748081, 1759352105742531228
0.06464529037475586, 0.0610123872756958, 0.5030155121475517, 1759352105772538164
0.2365303635597229, 0.2626637816429138, 0.5067023379542821, 1759352105802614359
-0.3642123341560364, 0.0751233696937561, 0.5101170790490287, 1759352105833360131
0.3211328983306885, 0.026278018951416016, 0.4863098811566938, 1759352105863789594
-0.10831111669540405, 0.02127474546432495, 0.45825107842737717, 1759352105896503671
-0.3953670859336853, -0.10112673044204712, 0.5798417816361917, 1759352105922901307
0.04972881078720093, 0.3324648141860962, 0.5006089438979235, 1759352105952973864
-0.07353299856185913, 0.12187188863754272, 0.4944880123854309, 1759352105982985937
-0.00674360990524292, -0.33613282442092896, 0.4960823534300919, 1759352106013085889
-0.42340797185897827, 0.40531980991363525, 0.4878018375198342, 1759352106043075266
-0.049923062324523926, -0.14483129978179932, 0.5085350829908379, 1759352106073181084
-0.26583319902420044, -0.23875784873962402, 0.5056826960013746, 1759352106103776816
0.14719945192337036, 0.9335156679153442, 0.4834201804082272, 1759352106135136024
-0.37226957082748413, -0.08949589729309082, 0.5406423433888459, 1759352106163456023
0.2896568179130554, -0.37901127338409424, 0.5204517857737383, 1759352106193509235
-0.1775197982788086, 0.7678121328353882, 0.522007662583326, 1759352106223472636
-0.01472407579421997, -0.23457765579223633, 0.5077233452931013, 1759352106253565493
0.1966816782951355, -0.4040365219116211, 0.4852787426503152, 1759352106283578360
-0.20081710815429688, 0.6210216283798218, 0.4773907768340525, 1759352106313718080
-0.11174285411834717, -0.04922693967819214, 0.48476144341934263, 1759352106344475293
-0.5180304050445557, 0.0434269905090332, 0.49823356471425767, 1759352106375112005
0.062461256980895996, -0.28176164627075195, 0.552905815447534, 1759352106403902806
-0.04828202724456787, 0.5389299392700195, 0.5096176893725276, 1759352106434029786
0.14201992750167847, -0.01858699321746826, 0.49564311046071885, 1759352106463983545
-0.09523242712020874, -0.25616854429244995, 0.5003593149842924, 1759352106494056788
0.18296945095062256, 0.35461193323135376, 0.5250819869927598, 1759352106523099659
-0.23994755744934082, 0.2007826566696167, 0.4788326259306758, 1759352106553170543
0.02931809425354004, 0.0474126935005188, 0.47070546275577246, 1759352106584234628
-0.2555820941925049, 0.1219901442527771, 0.48478864902672963, 1759352106615114713
0.0359150767326355, -0.049231112003326416, 0.4891002005767399, 1759352106646996825
-0.3536606431007385, 0.18238848447799683, 0.5939857994190982, 1759352106674516287
0.08215653896331787, 0.18365919589996338, 0.5255100401112418, 1759352106704534684
0.05309474468231201, 0.030362844467163086, 0.4821004215598002, 1759352106734555641
-0.019644498825073242, 0.14096879959106445, 0.4731052522574457, 1759352106764646172
-0.019623935222625732, -0.02541452646255493, 0.5095363881600046, 1759352106794670043
-0.594508171081543, 0.40244078636169434, 0.49734608339097525, 1759352106824736730
0.3933708667755127, 0.1323171854019165, 0.4429165712307827, 1759352106856808080
-0.2656315565109253, -0.25125980377197266, 0.4563369187693018, 1759352106887977837
0.17760354280471802, 0.43843305110931396, 0.5477263605499276, 1759352106915004104
-0.4302089810371399, -0.04899787902832031, 0.5585549874757868, 1759352106944993687
0.17619043588638306, -0.08557891845703125, 0.5337978164959979, 1759352106975054324
-0.04676932096481323, 0.8135795593261719, 0.49684925746412956, 1759352107005088162
0.3365134000778198, -0.3007963299751282, 0.5086256202257659, 1759352107034126000
-0.5011484026908875, -0.33971768617630005, 0.46783786395103694, 1759352107065234245
0.10230320692062378, 0.840186595916748, 0.49460183083516074, 1759352107096210115
-0.3978336453437805, -0.11191785335540771, 0.48286405817456257, 1759352107127938575
-0.11899614334106445, -0.2743571996688843, 0.5421711613810107, 1759352107155815226
-0.02353113889694214, -0.24280095100402832, 0.5383017757387021, 1759352107185573481
0.1471765637397766, 0.8261029720306396, 0.5167740460218458, 1759352107215550856
-0.2697902321815491, -0.05990666151046753, 0.5123902163912544, 1759352107245621984
-0.09017544984817505, -0.22009313106536865, 0.5130170437046714, 1759352107275661805
0.04077714681625366, 0.3022608757019043, 0.46979156637624514, 1759352107305971037
-0.3994956612586975, 0.02954918146133423, 0.4856736783205967, 1759352107336441774
0.10486423969268799, -0.08758687973022461, 0.47230838365252054, 1759352107368665040
-0.48661136627197266, 0.3364652991294861, 0.525236905541723, 1759352107397887091
0.1316574215888977, 0.1369568109512329, 0.5267338493241759, 1759352107426001163
-0.13967686891555786, 0.05756056308746338, 0.47073936886050166, 1759352107456045829
-0.04294496774673462, 0.026405274868011475, 0.5189581106372172, 1759352107485127900
0.19992417097091675, 0.030498385429382324, 0.5084898640132244, 1759352107516171209
0.013125717639923096, 0.2683976888656616, 0.5233612358939015, 1759352107545211277
-0.17773902416229248, 0.20166271924972534, 0.4831033465803454, 1759352107576264468
0.3077929615974426, -0.1437399983406067, 0.4665989071264092, 1759352107608254166
0.013068914413452148, 0.3137597441673279, 0.48012073762919305, 1759352107639143948
-0.32632339000701904, 0.03111487627029419, 0.5566412168246683, 1759352107666575094
0.09997063875198364, 0.3297617435455322, 0.5114512580733709, 1759352107696551578
-0.04044008255004883, 0.29076361656188965, 0.40433898992306644, 1759352107720218473
0.3595660924911499, 0.18821173906326294, 0.5536930411023222, 1759352107746751132
-0.2443218231201172, -0.0183907151222229, 0.5097040137235732, 1759352107776676624
0.18029582500457764, -0.033244431018829346, 0.502549892692322, 1759352107806760970
-0.11734330654144287, 0.3513510227203369, 0.5059861261017236, 1759352107836798697
-0.22557389736175537, 0.30939751863479614, 0.5014234537897985, 1759352107866959715
0.1491107940673828, -0.4333783984184265, 0.4738571542047457, 1759352107897017912
0.1345958709716797, 0.14369958639144897, 0.4766131194088158, 1759352107928020961
-0.013093352317810059, 0.879665195941925, 0.47415423474357526, 1759352107959927976
-0.059459388256073, -0.16680794954299927, 0.5735828139097023, 1759352107987263827
0.024425923824310303, -0.3805570602416992, 0.5335213009799141, 1759352108017239514
-0.14555519819259644, 0.7245374917984009, 0.5117015587418322, 1759352108047289105
0.00725632905960083, 0.058757007122039795, 0.5156484042913378, 1759352108077307918
-0.5492167472839355, -0.39070582389831543, 0.5100535048168288, 1759352108107422268
0.4076600670814514, 0.37798011302948, 0.5122997933536668, 1759352108137492570
-0.3290519118309021, 0.22130078077316284, 0.4751305475233925, 1759352108168067761
-0.37427884340286255, -0.24587255716323853, 0.4315594074682404, 1759352108200616906
0.05967193841934204, -0.02372264862060547, 0.5558850290099626, 1759352108227755534
-0.03609722852706909, 0.497996985912323, 0.5325967475667333, 1759352108257745640
0.1177632212638855, 0.07832634449005127, 0.504786389876152, 1759352108288510054
0.06549042463302612, -0.06575638055801392, 0.4807983559845469, 1759352108318471255
0.12278062105178833, 0.16807562112808228, 0.4747419008582018, 1759352108348506635
0.12815701961517334, 0.10584264993667603, 0.5058753848908237, 1759352108378624370
-0.14924895763397217, 0.0938866138458252, 0.5031167538092894, 1759352108408600611
-0.30626416206359863, 0.11648714542388916, 0.47257955912227684, 1759352108439979012
0.41306817531585693, 0.021509408950805664, 0.4722533981897328, 1759352108470730153
-0.748772144317627, 0.16891896724700928, 0.5349532904917018, 1759352108498628842
0.46942567825317383, 0.07895064353942871, 0.5501091901380222, 1759352108528641835
-0.489260733127594, 0.07360100746154785, 0.5372278974483415, 1759352108558602289
-0.08161795139312744, -0.07490414381027222, 0.49472231299793584, 1759352108588663606
0.14742261171340942, 0.2541830539703369, 0.49878178313436167, 1759352108618671329
-0.2430952787399292, -0.03270304203033447, 0.48810679639250143, 1759352108648820393
0.11015492677688599, -0.24750447273254395, 0.49234043527585597, 1759352108679990308
0.16735130548477173, 0.6559774279594421, 0.4743294871416466, 1759352108712571933
-0.17003613710403442, 0.14013344049453735, 0.5485804246853528, 1759352108738919617
-0.09102827310562134, -0.33702999353408813, 0.4871183256259, 1759352108769061154
-0.38116198778152466, -0.3698618412017822, 0.5208824998959806, 1759352108798944956
0.20144957304000854, 0.9177353978157043, 0.5268124974190694, 1759352108828901774
-0.40196967124938965, -0.24791598320007324, 0.5255738608381091, 1759352108858935940
-0.19864732027053833, -0.4463633894920349, 0.5006680279379686, 1759352108889038165
0.5477159023284912, 0.6548963189125061, 0.4899603706777762, 1759352108919977983
-0.7849899530410767, -0.16641777753829956, 0.46758013371955126, 1759352108952002464
0.5990356802940369, -0.3282942771911621, 0.5563667580064382, 1759352108979275689
0.16578394174575806, 0.7197465896606445, 0.553253637320373, 1759352109009301089
-0.3892248272895813, 0.14354252815246582, 0.5206602196311201, 1759352109039341812
-0.04917716979980469, -0.2718326449394226, 0.5118560743713003, 1759352109069441875
0.17694580554962158, 0.011742770671844482, 0.4978480207253324, 1759352109099468618
-0.1533876657485962, 0.4003102779388428, 0.4933664873152172, 1759352109129552305
-0.041032493114471436, -0.08671331405639648, 0.4854353063588777, 1759352109160390926
-0.0799376368522644, -0.07402163743972778, 0.4740540275133651, 1759352109192273649
0.05015009641647339, 0.2371620535850525, 0.5269685727888932, 1759352109219828437
-0.0980386734008789, 0.061305463314056396, 0.48441328886593715, 1759352109249772278
-0.4711263179779053, -0.14426559209823608, 0.5045485989815086, 1759352109279843683
0.0882149338722229, 0.42129963636398315, 0.5053735851113619, 1759352109309927109
-0.48890942335128784, -0.1331188678741455, 0.5019190674783219, 1759352109339973258
0.16474711894989014, -0.03774827718734741, 0.5067980498731102, 1759352109370047202
-0.13168734312057495, 0.2859097123146057, 0.5090860475024449, 1759352109400060554
0.029587864875793457, -0.17037934064865112, 0.4796982626118919, 1759352109432578412
0.07185214757919312, 0.1630381941795349, 0.4874089063918954, 1759352109462829475
-0.014270544052124023, 0.21345967054367065, 0.5209396245011803, 1759352109490324240
-0.13695132732391357, -0.11936146020889282, 0.4984975134649807, 1759352109520450755
-0.36486387252807617, -0.14403730630874634, 0.5118496515664334, 1759352109550509565
-0.10420972108840942, -0.14794707298278809, 0.5545786840563243, 1759352109580495254
0.21107792854309082, 1.1020781993865967, 0.5354322264826121, 1759352109610531431
-0.29511338472366333, -0.17670214176177979, 0.47323220946393396, 1759352109640617605
0.3059386610984802, -0.7118831872940063, 0.4718347116105268, 1759352109672438422
0.23030930757522583, 0.9201133251190186, 0.50252540907208, 1759352109703112179
-0.6071268320083618, -0.1849563717842102, 0.518194556376046, 1759352109730848317
0.635887086391449, -0.537647545337677, 0.4804456540916426, 1759352109760871575
-0.14068615436553955, 0.7986717224121094, 0.5009829733448202, 1759352109790910660
-0.14418530464172363, -0.08749604225158691, 0.5185367840580003, 1759352109820982506
0.06258755922317505, -0.4331310987472534, 0.5340404450866844, 1759352109851037274
0.10894519090652466, 0.638134241104126, 0.5401353892482925, 1759352109881094314
-0.09572625160217285, 0.2864959239959717, 0.4750788313788243, 1759352109912300817
0.04052734375, -0.3396199345588684, 0.46061976399339816, 1759352109944072597
-0.02857792377471924, 0.05521494150161743, 0.5730209929969904, 1759352109971329541
-0.28328949213027954, 0.322364866733551, 0.5196303429935929, 1759352110001369620
0.023008406162261963, -0.14694416522979736, 0.4935434424404188, 1759352110031420188
-0.06046736240386963, -0.06483650207519531, 0.4779454636125124, 1759352110061523674
0.1516643762588501, 0.26911282539367676, 0.494717861111588, 1759352110091534275
-0.2967449426651001, -0.0067751407623291016, 0.532010669829583, 1759352110121586734
0.3571532368659973, 0.043111205101013184, 0.5232317491548572, 1759352110151114559
-0.19068604707717896, 0.20215743780136108, 0.45763225629005383, 1759352110184583349
0.14867621660232544, -0.04407888650894165, 0.5462813414159585, 1759352110211877609
0.039322495460510254, 0.10048556327819824, 0.4762717884631049, 1759352110241875049
-0.03338104486465454, 0.057768046855926514, 0.5149421325445445, 1759352110271899170
-0.21188515424728394, 0.03202939033508301, 0.5042574775818254, 1759352110302061231
0.495025098323822, 0.09267950057983398, 0.48424723298666483, 1759352110332311765
-0.09187400341033936, -0.05073702335357666, 0.5193113059829558, 1759352110362160782
0.13474911451339722, 0.37273645401000977, 0.5229492499412662, 1759352110392339267
0.0049263834953308105, 0.04308360815048218, 0.522801331760336, 1759352110423135639
0.47453659772872925, -0.3510289788246155, 0.5112784382997486, 1759352110454386219
0.016965031623840332, 0.11691528558731079, 0.5149085351832191, 1759352110492350013
0.22998958826065063, 0.6985746026039124, 0.48277650708793224, 1759352110522437658
-0.5011254549026489, -0.34193259477615356, 0.4937443940545913, 1759352110552659546
0.3303520679473877, -0.09119158983230591, 0.4807946838044558, 1759352110584449135
-0.20188307762145996, 0.6018437147140503, 0.503679599754033, 1759352110615469751
-0.14376312494277954, -0.1837497353553772, 0.5649918583211155, 1759352110642672160
0.14128369092941284, -0.24334001541137695, 0.5187051975893608, 1759352110672712675
0.25632941722869873, 0.5694212913513184, 0.5212767876687964, 1759352110702779965
0.12322014570236206, -0.07211005687713623, 0.5048140464324518, 1759352110732919424
-0.3471265435218811, -0.23606562614440918, 0.516937655681776, 1759352110763229782
0.2780691385269165, 0.25355273485183716, 0.4923685982754452, 1759352110793391282
-0.1496780514717102, 0.21939247846603394, 0.4497435007359423, 1759352110824518193
0.013072669506072998, -0.24340438842773438, 0.4629887202047913, 1759352110856574574
-0.1633802056312561, 0.24544495344161987, 0.5791497813743818, 1759352110883900970
0.16314858198165894, 0.2657207250595093, 0.5218748336458159, 1759352110913231713
-0.19045895338058472, -0.1635724902153015, 0.4930754308650536, 1759352110943287279
0.15664124488830566, 0.020830094814300537, 0.5005443413023826, 1759352110973375175
0.17388617992401123, 0.1349969506263733, 0.5067789479417133, 1759352111003638131
-0.03197145462036133, 0.042912304401397705, 0.5180491699812289, 1759352111033665547
0.16403526067733765, 0.1731799840927124, 0.48238030816050115, 1759352111064698119
-0.20757466554641724, -0.11858689785003662, 0.4565582831556048, 1759352111096362049
0.31333988904953003, 0.050544023513793945, 0.538998859154068, 1759352111123828263
-0.39683717489242554, -0.14111429452896118, 0.5158171977559152, 1759352111153946991
0.3712461590766907, 0.35001927614212036, 0.5220819008339894, 1759352111183801192
-0.44682037830352783, 0.36620479822158813, 0.48895279777184947, 1759352111213881920
0.4359825849533081, -0.4302791357040405, 0.5118781730216597, 1759352111243927107
-0.4366045594215393, 0.21362966299057007, 0.5282847816850503, 1759352111273980252
-0.014131665229797363, 0.4908974766731262, 0.5312756794545705, 1759352111303100636
-0.16987395286560059, -0.6396380066871643, 0.4291279732570302, 1759352111336966691
0.3308785557746887, 0.40451937913894653, 0.48290742222221716, 1759352111366195875
0.05519586801528931, 0.5616533756256104, 0.5435368961683803, 1759352111394249908
-0.20816165208816528, -0.6363142132759094, 0.5310301484734667, 1759352111424304184
-0.011942028999328613, 0.05132561922073364, 0.5358165958749538, 1759352111454342839
0.4196626543998718, 0.613158643245697, 0.536897357508886, 1759352111483395006
-0.2639344334602356, -0.224892258644104, 0.4622907638060994, 1759352111514484329
-0.12195074558258057, -0.20637625455856323, 0.49782825775949247, 1759352111544566623
0.40301162004470825, 0.6446506381034851, 0.4834314498650299, 1759352111576290340
-0.7083128094673157, -0.03843545913696289, 0.4721754482908232, 1759352111607961459
0.6147273182868958, -0.3475087881088257, 0.5625853287513045, 1759352111634824474
-0.4589594602584839, 0.30303215980529785, 0.4901139594539461, 1759352111664774744
-0.36383676528930664, 0.005563914775848389, 0.5017337592892603, 1759352111694850387
0.11846029758453369, -0.15186554193496704, 0.520928103791937, 1759352111724948744
-0.07959425449371338, 0.3413977026939392, 0.5127254466574982, 1759352111754987941
0.33013802766799927, 0.0228116512298584, 0.49633575381085665, 1759352111785071246
-0.20225512981414795, -0.20763498544692993, 0.4717633412029504, 1759352111816270353
0.0003701448440551758, 0.18493109941482544, 0.4632283720477672, 1759352111848631973
0.5232208371162415, 0.1247742772102356, 0.57636086258684, 1759352111875344262
-0.05226045846939087, 0.08244675397872925, 0.49877235787570157, 1759352111905355028
-0.08962780237197876, -0.0082663893699646, 0.5137165736694184, 1759352111935469805
-0.11604523658752441, -0.016559064388275146, 0.5129046557023637, 1759352111965402880
0.10098278522491455, 0.20117580890655518, 0.5031901514874728, 1759352111995482147
0.15199297666549683, -0.021641433238983154, 0.5257934253295353, 1759352112025564841
-0.43244147300720215, 0.14854669570922852, 0.4921061942838677, 1759352112056493646
0.6472823023796082, 0.28731781244277954, 0.4309319696734975, 1759352112088492955
-0.11598598957061768, -0.36794018745422363, 0.5143175486292126, 1759352112115806490
-0.054978013038635254, 0.29415905475616455, 0.47791894186803124, 1759352112145811832
-0.07039070129394531, 0.605297863483429, 0.5306197629987011, 1759352112175850163
-0.458171010017395, -0.8442781567573547, 0.5322920736192635, 1759352112205918046
0.01698434352874756, 0.23125743865966797, 0.5080835561239355, 1759352112235977487
0.7246823906898499, 0.7782328724861145, 0.5109957870356941, 1759352112266062445
-0.28744906187057495, -0.7130175232887268, 0.4990385485624261, 1759352112296764640
0.07847833633422852, -0.014527380466461182, 0.48181004310846265, 1759352112328387669
-0.16084909439086914, 0.8101748824119568, 0.5184924493565981, 1759352112358244768
0.5603795647621155, 0.8697831034660339, 0.5296929132833331, 1759352112396337563
-0.41297125816345215, -0.620241105556488, 0.48082389053377883, 1759352112426402263
0.37285566329956055, -0.0798947811126709, 0.4954559185308407, 1759352112456829256
-0.15527337789535522, 0.9600408673286438, 0.5032689005643829, 1759352112488656408
-0.21088916063308716, -0.4276547431945801, 0.49643615750119163, 1759352112519465990
0.2247554063796997, -0.24543941020965576, 0.5355892466917871, 1759352112546698734
0.024837195873260498, 0.45928865671157837, 0.49255791897045786, 1759352112576742825
-0.101864755153656, -0.16197293996810913, 0.4973677134947182, 1759352112606765590
-0.32700031995773315, -0.0007135868072509766, 0.4852842004740667, 1759352112636865411
0.3691585659980774, 0.3254491090774536, 0.47128410184443675, 1759352112666903004
-0.17481547594070435, -0.1251436471939087, 0.4856400018816212, 1759352112697027494
0.12325626611709595, 0.06337988376617432, 0.48495911811640746, 1759352112728243603
-0.10403728485107422, -0.09116840362548828, 0.5130402723826681, 1759352112760238354
0.26788008213043213, 0.32958269119262695, 0.590870362368483, 1759352112787180136
-0.1376764178276062, 0.042041003704071045, 0.486071407638438, 1759352112817198685
0.2525131106376648, -0.10821175575256348, 0.5008890232804982, 1759352112847265378
-0.415158212184906, 0.3752021789550781, 0.4988615661298, 1759352112877412275
-0.08829331398010254, -0.16798067092895508, 0.5055136296173475, 1759352112907414897
0.26887035369873047, -0.16533362865447998, 0.48695490142648173, 1759352112937559150
-0.14717227220535278, 0.298101544380188, 0.4879506072644471, 1759352112967439075
-0.007393896579742432, -0.16535568237304688, 0.46657590600136045, 1759352113000630892
-0.2679814100265503, -0.16746318340301514, 0.5794200146972082, 1759352113027692362
0.8222282528877258, 0.4480035901069641, 0.5177677546876637, 1759352113057725074
-0.5248464941978455, -0.06929439306259155, 0.5035943468936885, 1759352113087777630
0.5491056442260742, -0.622217059135437, 0.47344027467356237, 1759352113117840398
0.13077491521835327, 0.5306456685066223, 0.4951634223098588, 1759352113147909507
0.15841853618621826, 0.5286343097686768, 0.5012151331731727, 1759352113177996957
-0.0967290997505188, -0.674339234828949, 0.48786169977878785, 1759352113208525815
0.1770668625831604, 0.5058870911598206, 0.44901817718581405, 1759352113240439728
-0.615658164024353, 0.8674140572547913, 0.5416649540321151, 1759352113268250797
-0.28182727098464966, -0.9608374238014221, 0.5347592462515046, 1759352113298766806
0.33477216958999634, 0.048431456089019775, 0.537953880285281, 1759352113328812328
-0.0632362961769104, -0.30951517820358276, 0.49794736000443335, 1759352113350652898
-0.010790705680847168, -0.49041855335235596, 0.5534809827600276, 1759352113378224633
-0.18281495571136475, 0.44558560848236084, 0.46975077801203213, 1759352113408868620
-0.05990093946456909, -0.5650843381881714, 0.42949888453718477, 1759352113431781303
0.2863374352455139, -0.026497840881347656, 0.5566584789436462, 1759352113458965749
-0.48692786693573, 0.3630547523498535, 0.48469471671262543, 1759352113489330618
0.250247597694397, -0.32505786418914795, 0.4374246899550985, 1759352113511713435
-0.15004044771194458, -0.3206164836883545, 0.5334657835516405, 1759352113549233638
0.0326763391494751, -0.0303955078125, 0.4979345464025669, 1759352113579286795
-0.03132408857345581, 0.09489691257476807, 0.5257680647846044, 1759352113609096146
0.4594758152961731, -0.10709387063980103, 0.48231065797842393, 1759352113640691214
-0.23108267784118652, 0.034465134143829346, 0.46877217995382015, 1759352113672244410
0.01932579278945923, 0.2018468976020813, 0.5490875148748681, 1759352113699222226
0.037203192710876465, -0.06611442565917969, 0.5104543247542623, 1759352113728136386
-0.044394612312316895, -0.05444455146789551, 0.504860651479684, 1759352113759156405
-0.4142196774482727, 0.15730935335159302, 0.5167273094758966, 1759352113789199451
0.4905793070793152, 0.038868486881256104, 0.502227973881819, 1759352113819310906
-0.24109971523284912, -0.0510634183883667, 0.5247802763764178, 1759352113849411059
0.2770824432373047, 0.30219775438308716, 0.5079274100024735, 1759352113880319890
-0.4126710295677185, -0.12678629159927368, 0.4703207795587658, 1759352113912569049
0.23675298690795898, -0.6445633172988892, 0.5458089492884586, 1759352113949557299
-0.04827558994293213, 0.19497692584991455, 0.4690023692878517, 1759352113979619799
0.4465901255607605, 0.6455321907997131, 0.4674793850953171, 1759352114009678693
-0.4436193108558655, -0.602590799331665, 0.5042027830171699, 1759352114040320723
-0.0849875807762146, 0.10728120803833008, 0.48619049500658107, 1759352114072504581
0.10188305377960205, 0.6670582294464111, 0.5703633183398279, 1759352114099925170
-0.3143555521965027, -0.44252777099609375, 0.5076015798325964, 1759352114129951320
0.1318148970603943, -0.42747747898101807, 0.48872248420143083, 1759352114160036526
-0.2675134539604187, 0.5772327780723572, 0.510416497189944, 1759352114190200644
-0.0004361867904663086, -0.016544222831726074, 0.5267542544247413, 1759352114220208522
-0.46054524183273315, -0.3505657911300659, 0.4995404883001885, 1759352114250368526
0.16613632440567017, 0.061588823795318604, 0.47549501232156927, 1759352114280670835
-0.5758596062660217, 0.5453311800956726, 0.4649425307462584, 1759352114312237685
0.3838178515434265, -0.17191678285598755, 0.522527273629671, 1759352114342428931
-0.36539196968078613, -0.07125049829483032, 0.5534355630161846, 1759352114380468321
0.5514996647834778, -0.16692882776260376, 0.4998449409878373, 1759352114410552124
-0.12798327207565308, -0.11345052719116211, 0.5165279781343571, 1759352114439636829
0.06255513429641724, 0.26657891273498535, 0.440754743936251, 1759352114473285573
-0.024943530559539795, 0.002142965793609619, 0.4824181422280776, 1759352114503468450
-0.11710816621780396, 0.08991479873657227, 0.5309031708093209, 1759352114530856580
-0.2985387444496155, -0.004062473773956299, 0.47580364098926337, 1759352114560850604
0.458618700504303, 0.022443950176239014, 0.5015983929894888, 1759352114590931040
-0.3504655361175537, 0.2634958028793335, 0.5277697646941911, 1759352114620980245
-0.07824158668518066, -0.2601255178451538, 0.5247408415210099, 1759352114651072682
-0.10785311460494995, -0.21480977535247803, 0.5135225473070787, 1759352114680128763
-0.10559570789337158, 0.372585654258728, 0.4678022207416797, 1759352114712298019
0.05118340253829956, -0.018987178802490234, 0.48656511350101433, 1759352114744311073
-0.6422412991523743, -0.3807992935180664, 0.5646972804992456, 1759352114771388943
0.642153799533844, 0.3647254705429077, 0.5167002518712265, 1759352114801348970
-0.4231840968132019, 0.18097907304763794, 0.5049109374348744, 1759352114831385767
0.11980652809143066, -0.6627054214477539, 0.4856318145654183, 1759352114861507171
0.2011033296585083, 0.3191409707069397, 0.5178210187509593, 1759352114891547371
-0.018843412399291992, 0.5710098147392273, 0.5094187442155018, 1759352114921590112
-0.25605106353759766, -0.6403812766075134, 0.49121573887722064, 1759352114952542811
0.5987155437469482, 0.2952813506126404, 0.46779467558181803, 1759352114984721069
-0.29091811180114746, 0.816964864730835, 0.5477259712814178, 1759352115011931681
-0.15650761127471924, -0.7618284225463867, 0.5005810455462565, 1759352115041858947
0.18330788612365723, -0.18401849269866943, 0.4970763268332503, 1759352115071995888
0.18666291236877441, 0.6916763782501221, 0.519389579547551, 1759352115102243227
-0.13486862182617188, 0.3615543842315674, 0.5264324229570256, 1759352115132146751
-0.04551655054092407, -0.5105320811271667, 0.5095243259809914, 1759352115162280975
0.7869387269020081, -0.27567052841186523, 0.5315259726226822, 1759352115192338397
-0.5939314961433411, 0.2864491939544678, 0.47657472801610445, 1759352115224321247
-0.08411562442779541, -0.008741974830627441, 0.5217164266958259, 1759352115252330926
0.015009105205535889, 0.11708873510360718, 0.47939887479629323, 1759352115282331457
-0.28621500730514526, -0.0984797477722168, 0.47860649568523134, 1759352115312427872
-0.21614664793014526, 0.15474647283554077, 0.5052260766513715, 1759352115342448420
0.06942439079284668, -0.0832642912864685, 0.521526217133626, 1759352115372540713
-0.47253304719924927, 0.1287805438041687, 0.5147941589087859, 1759352115402593189
0.18485653400421143, 0.12115478515625, 0.4939336397031858, 1759352115432941007
-0.011088550090789795, -0.15343129634857178, 0.4690321006280004, 1759352115464357133
0.15901416540145874, 0.05700892210006714, 0.508608841470286, 1759352115494136334
-0.30889803171157837, 0.060835182666778564, 0.5343534514008326, 1759352115533069089
0.4797332286834717, 0.1489514708518982, 0.48737801519773505, 1759352115562978397
-0.4262653589248657, -0.08695322275161743, 0.47259250174993017, 1759352115593086220
-0.11227482557296753, 0.18190449476242065, 0.473276583404289, 1759352115625097339
-0.4270569086074829, -0.15686869621276855, 0.5327045422738331, 1759352115655121164
0.1086282730102539, -0.27141785621643066, 0.5476830207132117, 1759352115683895193
0.3338187336921692, 0.6181957721710205, 0.5109259919202788, 1759352115713946678
-0.2676205635070801, -0.09293943643569946, 0.48813503558721055, 1759352115743931838
0.10702067613601685, -0.6268907785415649, 0.5031221857245263, 1759352115774014576
-0.123138427734375, 0.7862284779548645, 0.520134570596212, 1759352115804053441
-0.10402530431747437, 0.0763477087020874, 0.5099242244815568, 1759352115833098867
-0.06866592168807983, -0.8367072343826294, 0.45453941597214953, 1759352115864350996
0.48686569929122925, 0.7486447095870972, 0.460345125765861, 1759352115896576213
-0.4492054581642151, 0.7780612707138062, 0.5732868267046526, 1759352115924174903
-0.11751317977905273, -0.08667963743209839, 0.5365658862329855, 1759352115954075518
-0.12470012903213501, -0.29020488262176514, 0.5325485005028626, 1759352115983104579
0.2737385034561157, 0.12410658597946167, 0.4772427792693314, 1759352116014167423
-0.05799895524978638, 0.14747107028961182, 0.49394923151452874, 1759352116044173054
-0.04295694828033447, -0.22236871719360352, 0.4944738609579436, 1759352116074205007
-0.21831005811691284, 0.11323130130767822, 0.5091740830921458, 1759352116104363376
-0.02529299259185791, 0.17259210348129272, 0.46064677062665077, 1759352116136639553
0.022244274616241455, -0.17539680004119873, 0.5435613302041343, 1759352116164372985
-0.4495614767074585, 0.10302835702896118, 0.5263978595211589, 1759352116194362168
0.49300408363342285, 0.23052221536636353, 0.5253869999447944, 1759352116224318345
-0.6156218647956848, -0.31032389402389526, 0.5123320890592015, 1759352116254420630
0.33312535285949707, 0.033233046531677246, 0.4887675670995185, 1759352116284422449
-0.4222520589828491, 0.13111203908920288, 0.4773087180946069, 1759352116314502208
-0.36102789640426636, -0.09228980541229248, 0.4706315407726132, 1759352116344564311
0.07994377613067627, 0.03518080711364746, 0.45923052479452353, 1759352116377302066
0.09153151512145996, 0.2662994861602783, 0.5282152246890127, 1759352116406093941
-0.14965057373046875, -0.03876662254333496, 0.5089051925019807, 1759352116434856977
0.06475883722305298, -0.04129922389984131, 0.5212070594284249, 1759352116464846480
0.004101872444152832, 0.3651376962661743, 0.5255115133330185, 1759352116494884624
-0.07622557878494263, -0.2573873996734619, 0.5162054444740556, 1759352116524969277
0.21557748317718506, -0.3152153491973877, 0.5108173795098448, 1759352116555026406
-0.4489942789077759, 0.9096103310585022, 0.5105616502896615, 1759352116584102321
0.1798996925354004, -0.039219796657562256, 0.44918308603713697, 1759352116616594982
-0.5470614433288574, -0.7227256298065186, 0.4725084844528546, 1759352116648502845
0.4976315498352051, 0.7553322315216064, 0.5771577719797845, 1759352116675369546
-0.49113523960113525, 1.0235933065414429, 0.533671455990341, 1759352116705447726
0.5260898470878601, -0.500891387462616, 0.509534168382272, 1759352116735390901
-0.08110707998275757, -0.3578009605407715, 0.49297632435915334, 1759352116765474949
-0.15190285444259644, 0.8416236639022827, 0.5134468146618146, 1759352116795501200
-0.2709141969680786, -0.29300254583358765, 0.5156147218708667, 1759352116825592177
-0.09624671936035156, -0.3878576159477234, 0.4876581863217579, 1759352116856558636
-0.14909255504608154, 0.45199084281921387, 0.43654990681261374, 1759352116889235711
-0.06191283464431763, -0.09018385410308838, 0.5649342122695152, 1759352116914751570
-0.18270468711853027, -0.2809460163116455, 0.4934422106341332, 1759352116945832925
-0.6299374103546143, 0.45107775926589966, 0.5211052541264171, 1759352116975891411
0.14284181594848633, 0.1442069411277771, 0.5023964496115462, 1759352117005983772
-0.23629629611968994, -0.26873618364334106, 0.4873874033043439, 1759352117036020265
0.16810590028762817, -0.03119140863418579, 0.5180566091320701, 1759352117065118562
-0.5550547242164612, 0.10056900978088379, 0.49479208388209284, 1759352117096658187
0.44928526878356934, -0.11948931217193604, 0.48657182599987825, 1759352117128520468
-0.14051318168640137, 0.32200533151626587, 0.5195414177659862, 1759352117156307796
-0.20257461071014404, 0.11738395690917969, 0.47313043482281664, 1759352117186334968
0.09732896089553833, -0.11280286312103271, 0.5010042897441191, 1759352117216406648
-0.26767778396606445, 0.12617194652557373, 0.5243989401750528, 1759352117246479818
-0.2584172487258911, 0.2085270881652832, 0.5177823976916279, 1759352117276523453
0.4714537262916565, 0.11458182334899902, 0.48046508166725627, 1759352117306588560
-0.2735477089881897, 0.026905298233032227, 0.48856142441231104, 1759352117336120073
-0.04828435182571411, 0.05132049322128296, 0.4698444070698124, 1759352117368623035
-0.42128777503967285, -0.126173734664917, 0.527770827191863, 1759352117398593138
-0.3788183331489563, -0.24110114574432373, 0.5296807897876381, 1759352117426894981
0.37616831064224243, 0.5329959392547607, 0.47950720791127743, 1759352117456952974
0.04161059856414795, 0.7482244372367859, 0.46763063635433205, 1759352117487197386
0.1586679220199585, -0.5742232203483582, 0.524042160767281, 1759352117517065633
-0.38276422023773193, 0.2077040672302246, 0.5482553888322034, 1759352117547287602
0.33455324172973633, 0.5952665209770203, 0.5313400320912094, 1759352117577225388
-0.17953097820281982, -0.5193532705307007, 0.48670941819877905, 1759352117608881995
-0.12886381149291992, -0.19125932455062866, 0.4674730137938765, 1759352117640708786
-0.36999446153640747, 0.6426466703414917, 0.5448280656354785, 1759352117667381723
0.010949015617370605, -0.02065563201904297, 0.4963594185021396, 1759352117697368859
-0.3870049715042114, -0.1926855444908142, 0.5060315616695737, 1759352117727467226
0.13082164525985718, 0.0037477612495422363, 0.5037752286088935, 1759352117757539689
-0.04063522815704346, 0.3062955141067505, 0.5093741702626816, 1759352117787611179
0.35023045539855957, -0.007768690586090088, 0.5076355824675872, 1759352117817833986
-0.47345733642578125, -0.06594252586364746, 0.47840163465532437, 1759352117849077910
0.0917900800704956, 0.1365985870361328, 0.4669805207855341, 1759352117880463715
0.3465713858604431, 0.1900734305381775, 0.52902492374516, 1759352117907891575
-0.7917024493217468, 0.011950850486755371, 0.48663905285786174, 1759352117937919916
0.3379436135292053, 0.08547669649124146, 0.5140289347722534, 1759352117967974466
-0.14015543460845947, -0.019196391105651855, 0.530207263391234, 1759352117998098151
-0.32015061378479004, 0.18581926822662354, 0.5338460568602341, 1759352118027107496
-0.18371856212615967, 0.14198660850524902, 0.49323459528913005, 1759352118058311098
0.24540942907333374, -0.019490063190460205, 0.4904008261702508, 1759352118088683584
-0.24278998374938965, 0.09184825420379639, 0.48541606734591997, 1759352118120478857
-0.017996132373809814, 0.19291222095489502, 0.5695379914906458, 1759352118148352259
-0.09425842761993408, 0.1574738621711731, 0.46746322159879766, 1759352118179072553
0.16024994850158691, 0.01152646541595459, 0.4896298719760391, 1759352118209058112
0.06671255826950073, -0.06437146663665771, 0.4693996983277539, 1759352118230613069
-0.5583239197731018, -0.23619967699050903, 0.5236968914299421, 1759352118259311138
0.4352951645851135, -0.01751577854156494, 0.5286269166177383, 1759352118289285640
-0.4082654118537903, 0.7821847796440125, 0.532619735104946, 1759352118319190293
0.1961774230003357, -0.10867089033126831, 0.49469685942410446, 1759352118349147160
-0.20292264223098755, -0.5589094161987305, 0.5171741881055781, 1759352118379177277
0.24069982767105103, 0.7223190665245056, 0.5172086339951214, 1759352118409206451
-0.4943002462387085, -0.0543593168258667, 0.4685675278782895, 1759352118440528473
0.34924089908599854, -0.6106013059616089, 0.4615760716516699, 1759352118472418603
-0.3655095100402832, -0.13976138830184937, 0.5581886422218781, 1759352118509356342
0.1938987374305725, 0.6992185115814209, 0.5240524082079784, 1759352118539379961
-0.5432088971138, -0.24003183841705322, 0.522998087417558, 1759352118569511284
0.26741528511047363, -0.29192042350769043, 0.5189314907298187, 1759352118600510387
-0.00531381368637085, 0.5264996290206909, 0.46453158512535664, 1759352118632567871
0.14982372522354126, 0.04123950004577637, 0.5339581327727491, 1759352118659509973
-0.2269141674041748, -0.2770001292228699, 0.5032872140942202, 1759352118689487908
-0.13262808322906494, 0.31129032373428345, 0.46568150125567553, 1759352118712547577
-0.248496413230896, -0.0541461706161499, 0.5714234097747185, 1759352118739632128
-0.10621821880340576, 0.06143850088119507, 0.46773285620009947, 1759352118769662517
-0.1232495903968811, -0.1499202847480774, 0.47479725195758454, 1759352118799754516
-0.2565805912017822, 0.1863325834274292, 0.5041475794674076, 1759352118829777753
0.3373178243637085, 0.025615036487579346, 0.5138825516929608, 1759352118859830476
-0.2989954352378845, 0.12805843353271484, 0.5255004201956983, 1759352118888937732
-0.1656058430671692, 0.15918779373168945, 0.46074395147119507, 1759352118920812092
-0.1943705677986145, -0.16766393184661865, 0.4669879101447252, 1759352118952821630
-0.018202781677246094, 0.24315810203552246, 0.5906520105511075, 1759352118979177884
-0.10645264387130737, 0.31199103593826294, 0.48408460989708735, 1759352119010265052
-0.2773815989494324, -0.410122811794281, 0.49190979713119104, 1759352119040347929
-0.2433297038078308, 0.03473752737045288, 0.4878138973699078, 1759352119070476217
-0.40107864141464233, 0.30376243591308594, 0.5381425441282172, 1759352119100374327
-0.02804476022720337, -0.08352780342102051, 0.5448309006312533, 1759352119130399510
-0.25904542207717896, -0.23379802703857422, 0.49861346399156103, 1759352119160551058
0.09100168943405151, 0.4565383791923523, 0.4614664221998337, 1759352119193173817
-0.24063360691070557, 0.023139238357543945, 0.527211444078694, 1759352119220706275
0.23959511518478394, -0.4415193796157837, 0.4794866823829404, 1759352119250645975
-0.1572595238685608, 0.6195739507675171, 0.5075823537720688, 1759352119280736193
-0.40319931507110596, 0.028816163539886475, 0.5048184014072226, 1759352119310803064
-0.0035501718521118164, -0.5642731189727783, 0.49379197637528294, 1759352119340859663
0.35827845335006714, 0.892289936542511, 0.4960963251131823, 1759352119370915105
-0.3184272050857544, 0.5017327666282654, 0.5079043560477736, 1759352119400938111
0.2988229990005493, -0.7562698125839233, 0.4891731231613026, 1759352119432549726
0.14368104934692383, 0.41716426610946655, 0.4844569196650569, 1759352119464195815
-0.33543044328689575, 0.43260329961776733, 0.5566308660672293, 1759352119491212833
-0.17479735612869263, -0.2949855923652649, 0.49281355972212376, 1759352119521231255
0.2664249539375305, 0.063728928565979, 0.49460075150627647, 1759352119551280046
-0.20359760522842407, 0.18297380208969116, 0.5211773752765534, 1759352119581352771
-0.5642749071121216, -0.026631414890289307, 0.505010488440392, 1759352119611429030
0.4465916156768799, 0.10143184661865234, 0.49668901048692354, 1759352119641485327
-0.5170621275901794, 0.04441237449645996, 0.46664830934261836, 1759352119672587221
0.40059894323349, 0.034169912338256836, 0.4632629039080833, 1759352119704981620
0.026468098163604736, 0.07426661252975464, 0.5728698746950122, 1759352119731698942
0.04123884439468384, 0.30490797758102417, 0.4848692434144894, 1759352119761745364
-0.27830713987350464, 0.1903233528137207, 0.47255884724370156, 1759352119791786889
0.22298353910446167, 0.03258103132247925, 0.4663439792827573, 1759352119821930746
-0.3535894751548767, 0.020485997200012207, 0.5038983262106437, 1759352119852178897
-0.06925791501998901, 0.3275024890899658, 0.5519365795525014, 1759352119882294955
-0.020891189575195312, -0.020411908626556396, 0.5067021855476533, 1759352119912578161
0.11074751615524292, -0.0731656551361084, 0.4725862865473741, 1759352119944588024
0.18995720148086548, 0.2506917119026184, 0.5783710763659731, 1759352119972174080
-0.3631778359413147, -0.0741349458694458, 0.5115955564958715, 1759352120002228217
0.4261478781700134, -0.11339569091796875, 0.49349752884233816, 1759352120032279654
-0.387795090675354, 0.6974277496337891, 0.48120313850975965, 1759352120062389999
0.14139622449874878, -0.07336407899856567, 0.45091239531812277, 1759352120092393752
-0.3325927257537842, -0.4094228744506836, 0.4795569532364757, 1759352120122586996
0.10580068826675415, 0.7787331938743591, 0.49713644985362215, 1759352120153155153
-0.4459002614021301, 0.02287048101425171, 0.5068955297684756, 1759352120184970471
0.2776470184326172, -0.594929039478302, 0.5757674512104711, 1759352120212692345
-0.13514000177383423, 0.7072293162345886, 0.5195804533726711, 1759352120242680368
-0.4286612868309021, 0.0675896406173706, 0.5074849918158854, 1759352120272756372
0.4324045777320862, -0.7386954426765442, 0.5084248535875157, 1759352120302830323
-0.1131100058555603, 1.0088059902191162, 0.49790585162385403, 1759352120332883450
0.11853551864624023, 0.42493337392807007, 0.474009710600728, 1759352120362978269
-0.40708696842193604, -0.5415176749229431, 0.4882443201614422, 1759352120393027802
0.4614450931549072, 0.07277148962020874, 0.49123378812164564, 1759352120424651688
-0.5073367357254028, 0.34314608573913574, 0.5116274009085129, 1759352120455920443
0.4721141457557678, -0.11765140295028687, 0.5559207154030665, 1759352120483240256
-0.27380144596099854, 0.19397687911987305, 0.4557896530534793, 1759352120513298551
0.5171129703521729, 0.1046021580696106, 0.49630135950427917, 1759352120543351901
0.0035251975059509277, 0.27247923612594604, 0.5160246274499132, 1759352120573457551
-0.10300105810165405, -0.033261120319366455, 0.496751484555635, 1759352120603485429
-0.25702041387557983, 0.2677706480026245, 0.48334601106946223, 1759352120633627785
-0.08399450778961182, 0.29181408882141113, 0.4580425090656113, 1759352120664947306
0.21269738674163818, -0.1488116979598999, 0.4833010237716315, 1759352120696780667
0.05403107404708862, 0.16738951206207275, 0.5674753945221905, 1759352120724269962
-0.059946656227111816, 0.2926377058029175, 0.5027752248344475, 1759352120754309833
0.26987552642822266, 0.021561861038208008, 0.4929149573075502, 1759352120784406467
0.1383923888206482, 0.09860515594482422, 0.4915864055581669, 1759352120814292050
-0.24943524599075317, 0.23171710968017578, 0.49239031000819417, 1759352120844302918
-0.145388662815094, 0.08275836706161499, 0.4803968482295502, 1759352120874333815
-0.5327802300453186, -0.35709506273269653, 0.4703086253236947, 1759352120905160314
0.3381809592247009, 0.603760838508606, 0.4885964456699818, 1759352120936867700
-0.6745513677597046, 0.2233372926712036, 0.5805196388640047, 1759352120964505913
0.14256775379180908, -0.7535700798034668, 0.5327653613431014, 1759352120994474158
0.07627701759338379, 0.5023115873336792, 0.5136152148078679, 1759352121024553394
-0.3421860933303833, 0.10701537132263184, 0.4966281241704735, 1759352121054559465
0.06649023294448853, -0.5296890139579773, 0.48303350933414574, 1759352121084642215
0.18431347608566284, 0.5497210025787354, 0.4879958784123919, 1759352121114551081
-0.04552876949310303, 0.3232036232948303, 0.5022156517483075, 1759352121144835540
0.01915496587753296, -0.6408863067626953, 0.47037556931584484, 1759352121176808871
0.090656578540802, 0.42756253480911255, 0.5624101650381689, 1759352121204723310
-0.18936240673065186, 0.4399615526199341, 0.5083393551935524, 1759352121234789348
0.15644866228103638, -0.3366371989250183, 0.4841527591446634, 1759352121264804810
-0.15556985139846802, 0.10563963651657104, 0.5083522500858291, 1759352121294892559
0.34785640239715576, 0.2684686779975891, 0.5290875119934954, 1759352121324987331
-0.3361737132072449, 0.08017563819885254, 0.49456364325676355, 1759352121355321982
-0.10933536291122437, 0.09487247467041016, 0.4899543175320149, 1759352121385153921
-0.09519076347351074, -0.04233676195144653, 0.445612327757234, 1759352121417491955
0.22272330522537231, 0.1295894980430603, 0.48703369307846645, 1759352121448015438
-0.10873883962631226, 0.11840909719467163, 0.5786882020154143, 1759352121475361609
0.07250350713729858, 0.18815290927886963, 0.5221947735731969, 1759352121505315679
-0.12570816278457642, 0.3116944432258606, 0.49518110197947945, 1759352121535426833
0.4376096725463867, -0.08109164237976074, 0.4924043152693888, 1759352121565460936
-0.22067779302597046, 0.03794515132904053, 0.4976903327913188, 1759352121595572411
-0.17590826749801636, 0.18663513660430908, 0.49984621227270687, 1759352121625617390
-0.057974934577941895, 0.1726895570755005, 0.45302473157003875, 1759352121656809944
0.07544147968292236, -0.00494915246963501, 0.45055030184406347, 1759352121688842208
-0.010454237461090088, 0.1285451054573059, 0.5659418595374281, 1759352121715824567
-0.671771228313446, -0.09190410375595093, 0.5199613250797681, 1759352121745809900
0.5737994313240051, -0.05881369113922119, 0.531583848684751, 1759352121775885315
0.3253580331802368, 0.5583072304725647, 0.5252588248410405, 1759352121805934023
0.04354649782180786, -0.05789196491241455, 0.500165580980729, 1759352121835039981
0.00976639986038208, -0.5209490060806274, 0.5132734905061423, 1759352121865139546
0.5029810070991516, 0.7209547758102417, 0.49340191008664736, 1759352121896783592
-0.47524702548980713, 0.22358524799346924, 0.4532026262662531, 1759352121929202782
0.37468159198760986, -0.7771437764167786, 0.5438180328931692, 1759352121956374755
0.16334021091461182, 0.5927934646606445, 0.5301199524892913, 1759352121986391292
-0.6459534764289856, 0.33977508544921875, 0.5073624050015771, 1759352122016431268
0.24614578485488892, -0.6536337733268738, 0.5021337499659759, 1759352122046489213
-0.1955164670944214, 0.8769444227218628, 0.5084911028603555, 1759352122076558004
0.3745461106300354, 0.3012111783027649, 0.47806477742337167, 1759352122106608245
-0.5488550662994385, -0.6198574304580688, 0.4822583348652754, 1759352122136909221
0.6941611766815186, 0.3439069390296936, 0.46291085060310694, 1759352122168807203
-0.04323655366897583, 0.2642943859100342, 0.5048571083170863, 1759352122198891476
0.044741690158843994, -0.18714278936386108, 0.5319456632993461, 1759352122226889318
-0.23252463340759277, -0.19091582298278809, 0.49387684506945667, 1759352122257028288
0.12352991104125977, -0.07944470643997192, 0.5401721108597223, 1759352122286941486
-0.1188591718673706, 0.42482590675354004, 0.5221741196828249, 1759352122317039471
0.40001529455184937, -0.19525253772735596, 0.5053125556167593, 1759352122347096470
-0.37004905939102173, 0.15499663352966309, 0.5028339364318476, 1759352122377440227
0.2508975863456726, 0.2824329733848572, 0.46571650512616186, 1759352122408963419
0.14690005779266357, -0.06027311086654663, 0.4646935624334512, 1759352122440351561
0.05481141805648804, 0.17310118675231934, 0.545744623216335, 1759352122467870642
-0.35193932056427, 0.19429701566696167, 0.5130197237557826, 1759352122497412487
0.32938987016677856, -0.036417484283447266, 0.5014754669631576, 1759352122527475535
0.02401655912399292, 0.025026679039001465, 0.5036834084823825, 1759352122557566035
0.023824989795684814, 0.13508790731430054, 0.5302655290779711, 1759352122587566038
-0.07093721628189087, -0.028573215007781982, 0.5099999052386436, 1759352122617807890
0.03404510021209717, -0.14981824159622192, 0.4730801848501763, 1759352122649462750
0.08415740728378296, 0.566559910774231, 0.47873793017822913, 1759352122681086776
-0.47153258323669434, -0.09530949592590332, 0.5418797448699546, 1759352122707904393
0.3532710671424866, -0.5349085927009583, 0.5070933331829617, 1759352122738005880
-0.25502973794937134, 0.7406929135322571, 0.5290176877311301, 1759352122767950822
-0.027682721614837646, 0.005212903022766113, 0.5324155378886588, 1759352122798050681
-0.022071659564971924, -0.5895769596099854, 0.5454400618139235, 1759352122826111232
0.39620786905288696, 0.6004140973091125, 0.4661782133870737, 1759352122858196910
-0.12471586465835571, 0.3709232211112976, 0.5069971924635729, 1759352122889310435
-0.04109734296798706, -0.6341568827629089, 0.48908601894339326, 1759352122920900543
0.32217639684677124, 0.4708365797996521, 0.5471006226958716, 1759352122948426856
-0.14929622411727905, 0.4524917006492615, 0.49048690609574175, 1759352122978555150
-0.04331207275390625, -0.36766737699508667, 0.48030181538217226, 1759352123008544500
0.15850204229354858, 0.05000549554824829, 0.5197925812299466, 1759352123038626541
0.05071759223937988, 0.18438714742660522, 0.5322777910165265, 1759352123069354669
-0.23089849948883057, 0.19999873638153076, 0.5129015654125634, 1759352123099300900
0.42139095067977905, 0.004727542400360107, 0.4746591450852439, 1759352123129420108
-0.5657402276992798, -0.15015524625778198, 0.46381811338112744, 1759352123160789024
0.7392387390136719, 0.28726083040237427, 0.49143819705779224, 1759352123190923920
-0.027942895889282227, 0.13867586851119995, 0.5449983760519128, 1759352123219408000
-0.040913164615631104, 0.09291863441467285, 0.5046924573661496, 1759352123249516520
-0.12983107566833496, 0.1344800591468811, 0.4426790414707364, 1759352123271535385
-0.10041821002960205, -0.1403183937072754, 0.5309009058395184, 1759352123299549522
0.2729882597923279, 0.13845676183700562, 0.5139019051625284, 1759352123329460299
-0.280348002910614, 0.20951801538467407, 0.5516007299107318, 1759352123359486430
0.39702367782592773, -0.09486246109008789, 0.5166941040862519, 1759352123389563359
-0.04817920923233032, 0.058559298515319824, 0.4787129847646769, 1759352123419589147
-0.30872493982315063, -0.005685627460479736, 0.5059113227310448, 1759352123449937163
-0.3317590355873108, -0.3575413227081299, 0.49273068929574027, 1759352123480794674
0.5627104640007019, 0.6126887798309326, 0.44379919581033017, 1759352123513054672
-0.22909843921661377, 0.6225630640983582, 0.5348710859326723, 1759352123549696502
0.17122668027877808, 0.1154630184173584, 0.4799043934065325, 1759352123579779671
-0.16583597660064697, -0.5484956502914429, 0.5078001135480134, 1759352123609793482
0.6429957747459412, 0.6402173638343811, 0.5076513413676813, 1759352123640821821
-0.39077794551849365, 0.2827186584472656, 0.4696616532914983, 1759352123673022496
0.04598909616470337, -0.46664637327194214, 0.537767044215658, 1759352123709938693
-0.0071877241134643555, -0.25473904609680176, 0.506188029426434, 1759352123740018579
0.2996057868003845, 0.7399464845657349, 0.49936726759261285, 1759352123770090015
-0.37186068296432495, -0.26485055685043335, 0.5042053747922115, 1759352123800901164
0.0681200623512268, -0.3571571707725525, 0.4857144946463863, 1759352123833005267
-0.4225691556930542, -0.20515388250350952, 0.56663278746824, 1759352123860365558
0.7273849248886108, 0.4139958620071411, 0.5136629530945965, 1759352123890347759
0.011389076709747314, -0.09809553623199463, 0.43310580269894366, 1759352123913296287
-0.29883915185928345, 0.008556067943572998, 0.5787434766104965, 1759352123940466920
0.33181238174438477, 0.2167639136314392, 0.5038808959624991, 1759352123970546218
-0.39186835289001465, 0.0504993200302124, 0.45341972584510637, 1759352124000538968
0.3422451615333557, -0.13922429084777832, 0.47182224724232263, 1759352124030622727
-0.1872578263282776, 0.16720587015151978, 0.49087112510534225, 1759352124060667623
-0.012701451778411865, -0.04925668239593506, 0.5038600795950382, 1759352124090875977
-0.36013370752334595, 0.16944634914398193, 0.5147331141411613, 1759352124120850485
0.25430458784103394, 0.11523020267486572, 0.4774084852679637, 1759352124152876279
0.08450716733932495, -0.08242243528366089, 0.5082001740909255, 1759352124182951878
0.15529537200927734, 0.07336103916168213, 0.5513598090971741, 1759352124211016078
-0.06080907583236694, 0.297698438167572, 0.5171711707890748, 1759352124241071079
-0.30604642629623413, -0.08026337623596191, 0.43140053575222775, 1759352124263598302
0.1766977310180664, -0.10389441251754761, 0.5083553951950118, 1759352124301147441
-0.1757602095603943, 0.19201385974884033, 0.49841411485238013, 1759352124331481098
-0.2506776452064514, -0.09398853778839111, 0.5116830806221723, 1759352124361372332
-0.38389623165130615, -0.14932489395141602, 0.511585076558819, 1759352124392886087
0.7291487455368042, 0.5800829529762268, 0.4815530297635857, 1759352124425029309
-0.2789115309715271, -0.0808982253074646, 0.5440587607217634, 1759352124451543361
0.2067786455154419, -0.5152222514152527, 0.5167887184526668, 1759352124481583475
-0.1540982723236084, 0.7090691328048706, 0.5116215320151303, 1759352124511674872
-0.3201572895050049, 0.026391208171844482, 0.496982860666271, 1759352124541698704
0.06681567430496216, -0.6638303995132446, 0.48827541524418033, 1759352124571743777
0.10503542423248291, 0.4830787181854248, 0.4857902345755862, 1759352124601810413
-0.09133279323577881, 0.3138428330421448, 0.5067744771860829, 1759352124632885416
0.10566133260726929, -0.11196649074554443, 0.48964784637456066, 1759352124665176175
-0.18166214227676392, -0.32416200637817383, 0.5761096635420826, 1759352124692086738
0.10920983552932739, 0.18996590375900269, 0.5045824105852046, 1759352124722080621
-0.010965406894683838, 0.10494691133499146, 0.4964037788771872, 1759352124752160402
-0.21637719869613647, -0.08294808864593506, 0.5056915132293883, 1759352124782175447
0.5247129201889038, -0.05859947204589844, 0.5076364456863115, 1759352124812536759
-0.6938984394073486, 0.042242348194122314, 0.49394266319222674, 1759352124842302050
0.2785149812698364, 0.026748836040496826, 0.46872826200063455, 1759352124873462745
-0.29913330078125, -0.10699504613876343, 0.4761048419748855, 1759352124904884005
0.4707902669906616, 0.1897348165512085, 0.5551742382456515, 1759352124932596675
0.0038751959800720215, 0.005902230739593506, 0.5409574624587805, 1759352124962596235
0.19749510288238525, 0.06277012825012207, 0.5023855792830713, 1759352124992658018
-0.1902080774307251, 0.2620711922645569, 0.4683469200871071, 1759352125022685314
0.5051966309547424, -0.16088610887527466, 0.49280030795142155, 1759352125052780610
-0.1147228479385376, 0.03829312324523926, 0.5079385824116666, 1759352125082788210
-0.39562660455703735, 0.10279643535614014, 0.4909688422779148, 1759352125113234066
0.07265633344650269, -0.17820745706558228, 0.4588334178287125, 1759352125145182942
-0.4677395820617676, 0.052164435386657715, 0.5266148031073824, 1759352125173071969
0.674774706363678, 0.2680005431175232, 0.5157187239669915, 1759352125203077264
-0.6469156742095947, -0.21418339014053345, 0.5256382469667855, 1759352125233179328
0.18264752626419067, -0.2831716537475586, 0.5047227271135587, 1759352125263196863
0.15948253870010376, 0.4399455189704895, 0.5006156348096584, 1759352125293289748
-0.07730281352996826, 0.09076309204101562, 0.478767526293636, 1759352125323520442
-0.14121490716934204, -0.5121545791625977, 0.4814532306949694, 1759352125353425310
0.37836259603500366, 0.3341478705406189, 0.4709836215473025, 1759352125385332129
-0.45889604091644287, 0.25933849811553955, 0.4896282795694879, 1759352125416266158
0.9347565174102783, -0.18394505977630615, 0.5509295947676421, 1759352125444481598
-0.3277074098587036, -0.29209989309310913, 0.5361313525760619, 1759352125473787961
0.26765429973602295, 0.48606789112091064, 0.4983784299763208, 1759352125503712144
-0.37351900339126587, -0.3230189085006714, 0.49876284764580936, 1759352125534528296
0.07906556129455566, -0.19889700412750244, 0.5111252667809044, 1759352125564480458
-0.0237579345703125, 0.3400074243545532, 0.46723595371396376, 1759352125594555834
-0.31618720293045044, -0.10029232501983643, 0.46364954619066945, 1759352125625096220
0.46761441230773926, -0.209602952003479, 0.4601444168994914, 1759352125657245329
-0.5128551721572876, 0.31307733058929443, 0.5966381195530756, 1759352125684568113
0.13628137111663818, 0.3051735758781433, 0.5421996064648289, 1759352125714610107
-0.0690300464630127, -0.273155152797699, 0.5013361957246849, 1759352125744564259
0.06111276149749756, -0.17440670728683472, 0.4859093067820928, 1759352125774644091
-0.14450842142105103, 0.25414061546325684, 0.49071167860925907, 1759352125804701156
0.38446491956710815, -0.04425168037414551, 0.5057039439343234, 1759352125834385989
-0.4148431420326233, 0.07639235258102417, 0.4632535135351149, 1759352125865253066
0.12164044380187988, -0.018345117568969727, 0.43801343228398065, 1759352125897417599
-0.0676010251045227, -0.15020489692687988, 0.5389841381343843, 1759352125924657668
-0.3081902861595154, 0.16913330554962158, 0.5160755606434361, 1759352125954701119
0.14614778757095337, 0.38877612352371216, 0.5428537822012903, 1759352125984711467
-0.34710144996643066, -0.12000000476837158, 0.5054544853783998, 1759352126014811645
0.5971320867538452, -0.2734454870223999, 0.5087745937103004, 1759352126044829557
0.10715633630752563, 0.14670300483703613, 0.5440652032963277, 1759352126074932331
-0.3780544400215149, -0.12602275609970093, 0.5155901297102969, 1759352126105000105
0.30004197359085083, -0.2800564765930176, 0.4550147416277616, 1759352126137805674
0.004287600517272949, 0.7243594527244568, 0.5300059773370684, 1759352126165081406
-0.5023225545883179, -0.19159585237503052, 0.4755282661996455, 1759352126195272198
0.5395779013633728, -0.6611248850822449, 0.531832998726573, 1759352126225263929
-0.44431453943252563, -0.07123672962188721, 0.5341347517218229, 1759352126255386800
0.5654305219650269, 0.8152421712875366, 0.5415023476667391, 1759352126284309856
-0.336921751499176, -0.5540696978569031, 0.47300055618641396, 1759352126315418177
0.5593297481536865, -0.37314271926879883, 0.4776827249592264, 1759352126345491263
0.0002970099449157715, 1.0035897493362427, 0.4785616904246793, 1759352126377262412
-0.07145130634307861, -0.38316452503204346, 0.4795359752806693, 1759352126408591734
0.17688202857971191, -0.43715065717697144, 0.5493154178007134, 1759352126435705671
-0.28290069103240967, 0.5546802282333374, 0.5005035026545734, 1759352126465688609
0.07875406742095947, 0.08018076419830322, 0.48577590979376034, 1759352126495768624
-0.18738847970962524, -0.18980199098587036, 0.5189023835715679, 1759352126525850336
0.15543216466903687, 0.07292783260345459, 0.5431394649965784, 1759352126555915898
-0.5373684167861938, 0.15492326021194458, 0.49600446891431976, 1759352126585967668
0.4668116569519043, -0.12742692232131958, 0.46738015975985436, 1759352126617194755
-0.5502550601959229, -0.318575918674469, 0.45960189204683544, 1759352126649453932
0.4159146547317505, 0.32984381914138794, 0.5525606807046206, 1759352126676177750
-0.03950434923171997, 0.004938781261444092, 0.5066686132760309, 1759352126706207753
0.20002657175064087, 0.03806900978088379, 0.5061113083909439, 1759352126736248278
-0.4619136452674866, 0.3682541847229004, 0.4800263883493851, 1759352126766344697
0.3503580689430237, -0.2709718942642212, 0.49714872620986156, 1759352126796381243
0.11370450258255005, -0.021260976791381836, 0.5203889811839, 1759352126826500681
-0.3829672932624817, 0.31340205669403076, 0.5054920876485326, 1759352126857228541
0.2675589323043823, -0.13863950967788696, 0.45863613319200963, 1759352126889080864
-0.17580044269561768, -0.010610878467559814, 0.5297946794823009, 1759352126916692595
0.004133939743041992, 0.11530888080596924, 0.4967039692470619, 1759352126946722108
-0.6245094537734985, -0.26050394773483276, 0.5141531267855262, 1759352126976771179
0.37878137826919556, -0.23775750398635864, 0.5185684204867813, 1759352127006861851
-0.13330626487731934, 0.543067991733551, 0.5230488369633451, 1759352127036968873
0.6035950779914856, 0.7252129316329956, 0.5056136466600969, 1759352127066119413
-0.6392883658409119, -0.5549359321594238, 0.4795940927611546, 1759352127097689002
0.3475669026374817, -0.23794186115264893, 0.49581008002677707, 1759352127129473148
-0.07763582468032837, 1.0622044801712036, 0.5117413179789146, 1759352127159161784
0.13970476388931274, -0.2538290023803711, 0.5074723265780311, 1759352127187187025
-0.3108917474746704, -0.4322105646133423, 0.4746023978264849, 1759352127217223239
-0.7615538835525513, 0.11667400598526001, 0.43954221778783076, 1759352127239407263
0.360196590423584, -0.7444475889205933, 0.5444201161234851, 1759352127267453757
-0.17497003078460693, 0.8620356321334839, 0.5511175717855276, 1759352127297450530
0.37250542640686035, 0.44803565740585327, 0.49950298393860526, 1759352127327523806
-0.6468634009361267, -0.6927372217178345, 0.47418541382267654, 1759352127357566052
0.6627660393714905, -0.049750685691833496, 0.49669951764238196, 1759352127387637349
-0.16597521305084229, 0.39883965253829956, 0.5186100761880895, 1759352127417910563
-0.3077877163887024, -0.14916980266571045, 0.48104089838397124, 1759352127449354637
0.13500934839248657, -0.026276350021362305, 0.43586188553912747, 1759352127481515445
-0.14060020446777344, -0.15404367446899414, 0.5370786533680044, 1759352127507898112
0.0188329815864563, 0.1297803521156311, 0.5057858623063355, 1759352127537948734
-0.22146326303482056, 0.16148686408996582, 0.5319413113632522, 1759352127568005192
0.4971480965614319, 0.1356685757637024, 0.4992426177782921, 1759352127598062562
-0.2670961618423462, -0.08534443378448486, 0.49083230720921484, 1759352127628194048
0.2444087266921997, -0.08530622720718384, 0.5091386654918643, 1759352127658188856
-0.25307905673980713, 0.14209318161010742, 0.4904489135957586, 1759352127689418540
-0.13518059253692627, 0.04153728485107422, 0.4777181708518316, 1759352127721389275
-0.2983887791633606, -0.18264555931091309, 0.5313980097021596, 1759352127748395314
0.5543789863586426, 0.1550685167312622, 0.4855479376561852, 1759352127778509356
-0.3918057680130005, -0.06317347288131714, 0.5234783919322482, 1759352127808562983
-0.20983558893203735, -0.3047562837600708, 0.5154038353409484, 1759352127838643414
-0.0036144256591796875, -0.03511244058609009, 0.50686160075531, 1759352127868809220
0.505445122718811, 0.5181199312210083, 0.5112063465601834, 1759352127898695526
-0.48460161685943604, -0.09833663702011108, 0.4588294490656536, 1759352127929691703
0.3858512043952942, -0.38747841119766235, 0.4640296111578345, 1759352127961077567
-0.10255938768386841, 0.5077170133590698, 0.5537199422119004, 1759352127988927615
-0.5503959059715271, -0.11362224817276001, 0.5029116059437048, 1759352128019595130
0.07711315155029297, -0.686752200126648, 0.5020613017598626, 1759352128049642693
-0.29470521211624146, 0.6332245469093323, 0.4777810845476275, 1759352128071287545
-0.20383644104003906, -0.48368340730667114, 0.5476949020603473, 1759352128099740160
-0.16850513219833374, -0.18092268705368042, 0.5303469013319035, 1759352128129724978
0.327877402305603, 0.580143928527832, 0.5275418327832667, 1759352128159745132
-0.45457011461257935, -0.06305694580078125, 0.48324889952161393, 1759352128189763102
0.005414187908172607, -0.4399486780166626, 0.4804220037593675, 1759352128219831657
0.06114286184310913, 0.5348902344703674, 0.48413615550656225, 1759352128250256330
-0.2570142149925232, -0.10962802171707153, 0.48241624265413624, 1759352128281053646
0.06972008943557739, -0.23491966724395752, 0.48244875991318137, 1759352128312640581
0.29142075777053833, 0.18611979484558105, 0.5363485823047567, 1759352128349960351
0.02986156940460205, 0.004600644111633301, 0.4971466256653915, 1759352128379913342
-0.21259921789169312, 0.020625710487365723, 0.5094777236054304, 1759352128409986944
0.058975160121917725, -0.10234326124191284, 0.4928109495766762, 1759352128441531798
-0.27895694971084595, 0.08135098218917847, 0.4764311264026133, 1759352128473373691
0.013786256313323975, 0.2712708115577698, 0.5403195982148701, 1759352128500080837
-0.49501097202301025, -0.16497302055358887, 0.47213578938205686, 1759352128530083022
0.18170565366744995, 0.1011192798614502, 0.5051068054850935, 1759352128560150227
-0.7196407318115234, 0.2193107008934021, 0.522722509428394, 1759352128590246946
0.603234589099884, -0.3530629873275757, 0.5139794509341424, 1759352128620385927
-0.6050644516944885, -0.019132494926452637, 0.49925063316994334, 1759352128650585114
0.6303194761276245, 0.01605236530303955, 0.5009958838041084, 1759352128681096154
-0.5066108703613281, -0.08654755353927612, 0.4649622261454173, 1759352128713096742
0.041828930377960205, -0.15588021278381348, 0.5395429825996985, 1759352128740492975
-0.13661664724349976, 0.5621036887168884, 0.49092581214677206, 1759352128770549972
-0.24527603387832642, 0.06842243671417236, 0.46738005838434127, 1759352128800570296
-0.06336921453475952, -0.6704815030097961, 0.4934381475657798, 1759352128830679137
0.343802809715271, 0.6490798592567444, 0.5212516063994158, 1759352128860715994
-0.3349665403366089, 0.33313727378845215, 0.5045182408482004, 1759352128890800539
0.023297905921936035, -0.7645778059959412, 0.49329841611917696, 1759352128921457849
0.27303630113601685, 0.2911100387573242, 0.47391299385585384, 1759352128953752540
-0.5714137554168701, 0.26668983697891235, 0.5401823345591569, 1759352128981018931
0.1593475341796875, -0.6546087861061096, 0.48950645426186284, 1759352129011011116
-0.551169753074646, 0.6514974236488342, 0.503714159927562, 1759352129041069296
0.25303786993026733, 0.4044840335845947, 0.4985414564537891, 1759352129071177514
-0.713860809803009, -0.5564709305763245, 0.4973156165624893, 1759352129101215591
0.46006375551223755, 0.03268122673034668, 0.5228752477812803, 1759352129131290434
-0.37257349491119385, 0.48302680253982544, 0.5379101960988131, 1759352129161400206
-0.0005691051483154297, -0.16373586654663086, 0.4671725535416164, 1759352129193158812
0.08751744031906128, -0.12022650241851807, 0.46305830809028925, 1759352129224252819
0.06632620096206665, 0.13796383142471313, 0.5294319848825537, 1759352129251500176
-0.011754631996154785, 0.20874541997909546, 0.49143396025872316, 1759352129281582678
-0.20051038265228271, 0.013459086418151855, 0.49772875727415405, 1759352129311679709
0.15285301208496094, 0.18185275793075562, 0.5008019939850384, 1759352129341845486
-0.40549159049987793, -0.034592628479003906, 0.5156481677124655, 1759352129372034480
0.4104728698730469, -0.18067395687103271, 0.5273757784338928, 1759352129401924756
-0.593004047870636, 0.2837163209915161, 0.5066255532320398, 1759352129433181402
0.5081206560134888, 0.4807252287864685, 0.49017452556359487, 1759352129465567314
-0.7489796280860901, -0.116641104221344, 0.5479851495541914, 1759352129492026472
0.05707007646560669, -0.23105734586715698, 0.5030241255729334, 1759352129521126596
-0.46326297521591187, 0.07532525062561035, 0.4336164667944439, 1759352129545371475
-0.45830172300338745, -0.11042642593383789, 0.5432122590437171, 1759352129582233265
0.18242305517196655, -0.3121783137321472, 0.48654105022281247, 1759352129612321548
-0.19839924573898315, 0.6503785252571106, 0.4919664257829599, 1759352129642389956
-0.2503070831298828, 0.18618953227996826, 0.48271331505222315, 1759352129673202663
0.1333499550819397, -0.47908449172973633, 0.497974038186827, 1759352129705511718
0.16220808029174805, 0.4204065203666687, 0.6048612749177454, 1759352129732577423
-0.5077146887779236, 0.0990636944770813, 0.5090261416165405, 1759352129762563061
0.16979700326919556, -0.6807570457458496, 0.49731746384048453, 1759352129792662638
-0.40250325202941895, 0.5288880467414856, 0.48371810391404146, 1759352129822793656
0.2824552655220032, 0.5182061195373535, 0.49500766348703634, 1759352129852806828
-0.4927927851676941, -0.703865110874176, 0.5134246308984188, 1759352129882910103
-0.19872230291366577, 0.39172840118408203, 0.5121088210449641, 1759352129913638763
-0.021258950233459473, 0.5428076386451721, 0.4823372180138074, 1759352129945199342
0.07263880968093872, -0.5074929594993591, 0.5481485327797004, 1759352129973048804
0.08026909828186035, -0.02813255786895752, 0.5006898373451306, 1759352130003063239
-0.13267946243286133, 0.19952893257141113, 0.5215282549441731, 1759352130032124306
-0.10050958395004272, 0.06176614761352539, 0.4771652266308876, 1759352130063228693
0.04543173313140869, 0.15889227390289307, 0.47122704154338707, 1759352130093284248
0.023492276668548584, -0.088958740234375, 0.4753316613849796, 1759352130123386617
-0.2908143997192383, 0.24397313594818115, 0.4855168594107477, 1759352130153714142
-0.019556879997253418, -0.0701562762260437, 0.493783363157767, 1759352130185488261
-0.5566900372505188, 0.09018391370773315, 0.5275942424157487, 1759352130215607417
0.7287291288375854, 0.24800920486450195, 0.5126582951343179, 1759352130243675759
-0.34606796503067017, -0.3290289640426636, 0.49369204040276327, 1759352130273858405
0.519804060459137, 0.04683220386505127, 0.5289899907498968, 1759352130303730133
-0.38647282123565674, 0.3617316484451294, 0.5194772144737055, 1759352130333821501
0.4118635058403015, 0.10816526412963867, 0.4869377849081379, 1759352130364164306
-0.09950894117355347, 0.07251906394958496, 0.4818264306732526, 1759352130393959825
-0.10341554880142212, -0.02246469259262085, 0.4719128820411794, 1759352130425656491
-0.5963897109031677, 0.05014139413833618, 0.4999012863822211, 1759352130457458193
0.3284209370613098, -0.11585056781768799, 0.5840984456912249, 1759352130484777412
-0.08106619119644165, 0.4147409200668335, 0.5072029835302824, 1759352130514782945
-0.36056458950042725, -0.04992878437042236, 0.48142915017304805, 1759352130544791160
-0.10856395959854126, -0.4216511845588684, 0.5010414902740262, 1759352130574869890
0.06705307960510254, 0.5888170599937439, 0.5050446239784052, 1759352130604862995
-0.15136665105819702, 0.19623643159866333, 0.4886644310838629, 1759352130634433223
-0.3915560245513916, -0.6618807911872864, 0.4741994759175792, 1759352130665417285
0.35923755168914795, 0.4201814532279968, 0.4800593436878703, 1759352130696418601
-0.37198150157928467, 0.32370078563690186, 0.5613680837652202, 1759352130724657668
-0.006454885005950928, -0.5405839681625366, 0.5221818857495267, 1759352130754657793
-0.15333008766174316, 0.46083176136016846, 0.5037616698409475, 1759352130784745480
0.3410727381706238, 0.3740658760070801, 0.49733713858592615, 1759352130814884459
-0.4968615174293518, -0.2674229145050049, 0.48833071052892596, 1759352130844851768
0.638836145401001, 0.059531986713409424, 0.4982894850259915, 1759352130874999286
-0.2256794571876526, 0.31223785877227783, 0.5148547849320656, 1759352130905432740
-0.5225851535797119, -0.18250328302383423, 0.45900176378800145, 1759352130938081428
0.049096524715423584, 0.039457738399505615, 0.5738801172931786, 1759352130964100850
-0.09813439846038818, 0.04295504093170166, 0.501581102451485, 1759352130994136015
0.26505541801452637, 0.20461255311965942, 0.487314824171167, 1759352131025325193
0.562410831451416, -0.005943953990936279, 0.5288894844446892, 1759352131055487987
-0.11459922790527344, 0.05902677774429321, 0.5073802364539185, 1759352131085449313
-0.2523540258407593, 0.11556041240692139, 0.49313324710456335, 1759352131115426726
0.11756831407546997, -0.0009099841117858887, 0.4943464346306737, 1759352131145524719
-0.2657710313796997, 0.11105555295944214, 0.4752304936682589, 1759352131177440832
0.016648292541503906, 0.3329072594642639, 0.5047842613024148, 1759352131208468025
-0.5905448794364929, -0.19394272565841675, 0.5424847493730118, 1759352131235698939
0.4868297576904297, -0.08705729246139526, 0.4975056324593294, 1759352131265711247
-0.2866186499595642, 0.18957126140594482, 0.46868494006533, 1759352131288767670
-0.05420982837677002, -0.4245099425315857, 0.5890543303698016, 1759352131315856352
0.15131092071533203, 0.4036237597465515, 0.4995226885161597, 1759352131345887443
-0.6019185781478882, 0.23743289709091187, 0.49486287756622566, 1759352131376223544
0.34073758125305176, -0.4574999213218689, 0.4943044507150695, 1759352131406053724
-0.31689131259918213, 0.4913586974143982, 0.4880913497794876, 1759352131436066974
0.12269151210784912, 0.33481162786483765, 0.5111446122966351, 1759352131466175304
-0.16229665279388428, -0.6120834350585938, 0.5061258187953721, 1759352131497752131
-0.167030930519104, 0.28293532133102417, 0.49081925718061326, 1759352131529328513
0.20917069911956787, 0.6871846914291382, 0.5465839980020165, 1759352131556362203
-0.21933358907699585, -0.5562472939491272, 0.48076570724434337, 1759352131586391095
0.1702764630317688, -0.0901445746421814, 0.4931890429287923, 1759352131616431285
0.06865805387496948, 0.7513096928596497, 0.5212637158623009, 1759352131646519504
-0.09245955944061279, 0.0999830961227417, 0.4798037134149975, 1759352131676606237
-0.2996005415916443, -0.38463181257247925, 0.46592882540447605, 1759352131706938662
0.24126321077346802, 0.5345157980918884, 0.48895411909929587, 1759352131737455380
-0.7222641110420227, -0.0325930118560791, 0.49370918454686746, 1759352131770001584
0.6320464015007019, -0.1521313190460205, 0.6084708343696704, 1759352131796864241
-0.5094451904296875, 0.4823356866836548, 0.5008156589743756, 1759352131826914654
0.5840064883232117, -0.07043933868408203, 0.4804823377050564, 1759352131857226804
-0.1172713041305542, 0.1923866868019104, 0.5340060946844616, 1759352131886108664
-0.19661158323287964, 0.21255189180374146, 0.5133414079792294, 1759352131916102693
-0.013525545597076416, 0.16446489095687866, 0.4814936381344353, 1759352131947158042
-0.3157515525817871, 0.29649561643600464, 0.47984469146005476, 1759352131977474279
-0.15218991041183472, -0.09005600214004517, 0.4646596241790505, 1759352132009726822
0.22094076871871948, 0.08415043354034424, 0.5351390423454437, 1759352132039363803
-0.514491081237793, 0.24743050336837769, 0.5576494844985368, 1759352132067374296
0.2606683373451233, -0.24702990055084229, 0.5081634214825035, 1759352132097419160
-0.17810088396072388, 0.10348987579345703, 0.4688914296498032, 1759352132127514258
-0.09894967079162598, 0.10446792840957642, 0.5007475519395105, 1759352132157607979
-0.1905195116996765, -0.20458054542541504, 0.5312774038511073, 1759352132186657716
-0.2896168828010559, 0.6026562452316284, 0.5039780645040514, 1759352132217132828
0.32173222303390503, 0.44072359800338745, 0.4705513450528776, 1759352132249418296
-0.6169795393943787, -0.6508864164352417, 0.4576181839685614, 1759352132281199285
0.6783508062362671, 0.2820925712585449, 0.58360970385007, 1759352132307962448
0.019854485988616943, 0.7088072896003723, 0.5416532300940576, 1759352132337940378
0.020265638828277588, -0.19881856441497803, 0.4263990501272609, 1759352132361372172
0.15406572818756104, 0.8260805010795593, 0.5769168314641484, 1759352132388158935
0.09132319688796997, -0.2399405837059021, 0.5038270865333018, 1759352132418145503
0.02992093563079834, -0.39416569471359253, 0.46358834854526726, 1759352132448226134
-0.0857352614402771, 0.7127179503440857, 0.4879748709309741, 1759352132478280400
-0.27030593156814575, 0.04440474510192871, 0.4884489632035795, 1759352132508330305
-0.4200780987739563, -0.2692893147468567, 0.49980871138636734, 1759352132538384647
0.4076308608055115, 0.2718617916107178, 0.5024921649598958, 1759352132569488689
-0.3255994915962219, 0.2060173749923706, 0.4687427868404813, 1759352132601788345
-0.07443809509277344, -0.14754712581634521, 0.5693466204933603, 1759352132628672654
-0.20622384548187256, -0.05300724506378174, 0.5063363874476011, 1759352132658955881
0.1326225996017456, 0.19884109497070312, 0.48726556816067296, 1759352132688778939
0.20271164178848267, 0.11548739671707153, 0.4853519614605744, 1759352132718815334
-0.33640730381011963, 0.1732165813446045, 0.5044240876694497, 1759352132748840809
-0.08836859464645386, 0.16077101230621338, 0.5116925434791763, 1759352132778900008
-0.06909382343292236, -0.07966643571853638, 0.5073295115924757, 1759352132809424853
-0.24801111221313477, 0.14501315355300903, 0.4641303511402371, 1759352132841653851
-0.03376871347427368, 0.18527567386627197, 0.5724399624021775, 1759352132868112048
-0.05867093801498413, -0.08524084091186523, 0.5014747188718679, 1759352132899153636
-0.31024545431137085, 0.07108378410339355, 0.5016780792404552, 1759352132929887187
0.4718916416168213, 0.18706053495407104, 0.5092057477773463, 1759352132959932973
-0.5228138566017151, 0.12320023775100708, 0.48608824201425643, 1759352132990078949
-0.035392940044403076, -0.08628404140472412, 0.48074805131625237, 1759352133020030170
0.2697351574897766, -0.04880136251449585, 0.4994620127212185, 1759352133050290230
0.048421621322631836, 0.5934814810752869, 0.4897347893887747, 1759352133081783078
-0.4426071047782898, -0.19744670391082764, 0.49162357972884385, 1759352133112176327
0.36870384216308594, -0.2324506640434265, 0.536288134382855, 1759352133140039484
0.01634305715560913, 0.8729910254478455, 0.49269087208786316, 1759352133170041418
0.21660465002059937, -0.27655839920043945, 0.5014223768431694, 1759352133200068403
-0.02230149507522583, -0.34166043996810913, 0.5456249754580582, 1759352133229141809
-0.23349106311798096, 1.1920080184936523, 0.476072675356379, 1759352133260211320
-0.04634279012680054, -0.12122339010238647, 0.46446200653619507, 1759352133290271863
-0.3306136131286621, -0.4431493878364563, 0.4544620896751266, 1759352133321689412
0.4883658289909363, 0.5909907221794128, 0.4870315461540916, 1759352133353421284
-0.8196558356285095, -0.0611383318901062, 0.6136853667857145, 1759352133380294079
-0.014430582523345947, -0.472869336605072, 0.5227961532357496, 1759352133410385486
0.21359676122665405, 0.2671140432357788, 0.48203120864060256, 1759352133440377659
0.4080660939216614, 0.5490962266921997, 0.48263926365849363, 1759352133470615789
-0.04627525806427002, 0.31632566452026367, 0.49946032269498103, 1759352133500619326
-0.15051114559173584, -0.2274019718170166, 0.4973566342510515, 1759352133530547554
-0.42163515090942383, 0.2910856008529663, 0.45184238931458653, 1759352133561862976
0.2823535203933716, 0.0019660592079162598, 0.4493710106609534, 1759352133593682595
-0.48819971084594727, 0.06361007690429688, 0.5898163517643147, 1759352133620747004
0.1906915307044983, 0.21491104364395142, 0.54775957434712, 1759352133650734152
0.12185633182525635, 0.160819411277771, 0.5172899155371511, 1759352133680775641
0.055195391178131104, 0.1340145468711853, 0.4845154846288585, 1759352133710867705
-0.13212919235229492, -0.08482092618942261, 0.5009618426855158, 1759352133740908005
-0.16876155138015747, -0.0037412643432617188, 0.48853039200806975, 1759352133771038101
0.5248650908470154, 0.09829127788543701, 0.4855500715361122, 1759352133801425329
-0.10739129781723022, 0.24852919578552246, 0.47347701482675075, 1759352133833403719
0.014486372470855713, 0.3137577772140503, 0.519757135923425, 1759352133861229426
-0.1602158546447754, -0.270363986492157, 0.5145863382233586, 1759352133891191484
0.2035137414932251, 0.01844620704650879, 0.5247223590836319, 1759352133921274108
-0.4016316533088684, 0.6897592544555664, 0.5132837640880558, 1759352133951322464
0.6520545482635498, -0.4448760747909546, 0.5226138138716817, 1759352133981394517
-0.008536100387573242, -0.0775337815284729, 0.48988794348448006, 1759352134011505510
0.09209549427032471, 0.7234441637992859, 0.4832719098065784, 1759352134041595447
-0.21633070707321167, -0.2707241177558899, 0.4954721385230179, 1759352134073131547
-0.06277608871459961, -0.16224437952041626, 0.4887162842077324, 1759352134104198097
0.11915642023086548, 0.7615218758583069, 0.5703996462370555, 1759352134131665710
-0.5481253266334534, -0.4361969232559204, 0.5298378715655572, 1759352134160774166
0.515066921710968, -0.317468523979187, 0.4941699352889315, 1759352134191822980
0.2508053779602051, 0.8188244700431824, 0.5375348370268876, 1759352134221905047
-0.024977922439575195, -0.21811270713806152, 0.5150536086589189, 1759352134252169732
-0.25677478313446045, -0.1647128462791443, 0.5008407041458355, 1759352134281101570
0.10041451454162598, -0.27565979957580566, 0.4489389817358685, 1759352134313456641
-0.31599491834640503, 0.436275839805603, 0.44545070414789256, 1759352134345592195
0.21978771686553955, 0.09995114803314209, 0.5572820441203056, 1759352134372233493
-0.4831202030181885, -0.23355180025100708, 0.5060704686197854, 1759352134402477775
0.26279228925704956, 0.41096681356430054, 0.5008265939147899, 1759352134432588232
0.13476788997650146, 0.18892794847488403, 0.49829406784971497, 1759352134462415470
0.24483329057693481, -0.0507352352142334, 0.5001305436740393, 1759352134492495501
-0.3764973282814026, 0.22638124227523804, 0.4963696993933254, 1759352134522653625
0.29526782035827637, -0.013823270797729492, 0.49787309414418235, 1759352134553495211
0.03985244035720825, 0.12799841165542603, 0.4631967258555603, 1759352134585886819
-0.2992355227470398, 0.20654213428497314, 0.5364946383168367, 1759352134612807730
0.12402999401092529, -0.03483957052230835, 0.5177451318007867, 1759352134642751251
-0.26354700326919556, 0.06994521617889404, 0.5375345572192309, 1759352134672842998
-0.033322036266326904, 0.0742611289024353, 0.5175532526723083, 1759352134702877857
-0.02968353033065796, 0.2464626431465149, 0.4908049568862174, 1759352134733007542
0.02867347002029419, -0.11558127403259277, 0.4913061789375431, 1759352134763063277
-0.13957685232162476, -0.13634705543518066, 0.5061767176235425, 1759352134793512363
0.2435348629951477, 0.6288270950317383, 0.4905853542609435, 1759352134825459997
-0.3209756016731262, -0.1217641830444336, 0.5177406411162082, 1759352134853261814
0.5207565426826477, -0.38633114099502563, 0.473006178496046, 1759352134883248119
-0.33479052782058716, 0.960335373878479, 0.5010174355780916, 1759352134913317034
0.06217670440673828, -0.35082346200942993, 0.5298840873301596, 1759352134943388429
0.30705851316452026, -0.38372522592544556, 0.5360965632880854, 1759352134973490882
0.05126190185546875, 1.2474534511566162, 0.5130490995822954, 1759352135003810703
0.1522815227508545, -0.21176165342330933, 0.4998539996081804, 1759352135033916824
-0.16399717330932617, -0.38242530822753906, 0.47742611052650913, 1759352135065464554
0.07761240005493164, -0.15093058347702026, 0.5508749252121409, 1759352135093800749
0.02736443281173706, 0.5567602515220642, 0.5290244941530357, 1759352135123798320
0.09265446662902832, 0.06020170450210571, 0.48051131806355346, 1759352135153874991
-0.40264075994491577, -0.4708032011985779, 0.495761429981934, 1759352135183877421
0.5450893044471741, 0.49687349796295166, 0.5186148461629653, 1759352135214017303
-0.23145908117294312, 0.22626513242721558, 0.5112235106318225, 1759352135244051900
0.26699769496917725, -0.24216479063034058, 0.5097202038866746, 1759352135274163762
-0.2703806757926941, 0.37206149101257324, 0.4498047929703621, 1759352135305856023
0.5777603387832642, 0.17607706785202026, 0.45782438531343794, 1759352135337200999
-0.002606689929962158, 0.2622808814048767, 0.5362788919023171, 1759352135374330174
0.14623653888702393, 0.07600551843643188, 0.5198811878635325, 1759352135404324364
-0.1564091444015503, -0.09374171495437622, 0.512968285120427, 1759352135434430632
0.16341382265090942, 0.12204933166503906, 0.48133858400280555, 1759352135465474061
-0.03241509199142456, 0.21278750896453857, 0.4732987749271165, 1759352135497677876
0.2969347834587097, 0.051834046840667725, 0.5725367364031028, 1759352135524803618
0.006548285484313965, 0.15469563007354736, 0.5163471580728969, 1759352135554786600
0.02020198106765747, -0.16081303358078003, 0.5106449069759519, 1759352135584747826
0.05666571855545044, 0.09790092706680298, 0.4748052433915195, 1759352135614830535
-0.5328078866004944, 0.035436928272247314, 0.5150048273460502, 1759352135643831706
0.3452169895172119, -0.26154112815856934, 0.4836723466102427, 1759352135674945539
-0.22071057558059692, 0.4877476692199707, 0.49749023254113894, 1759352135705498233
0.007405698299407959, 0.38388723134994507, 0.48085033809806077, 1759352135738200735
-0.38805222511291504, -0.48854178190231323, 0.5459231563918524, 1759352135765231633
0.4792441725730896, 0.16941523551940918, 0.5090072657232181, 1759352135795205169
0.10770738124847412, 0.5034465193748474, 0.5282925440796972, 1759352135825319214
-0.12203758955001831, 0.20241719484329224, 0.48878624042107144, 1759352135855592112
-0.08215558528900146, -0.39880985021591187, 0.48664463674136843, 1759352135885401905
0.5415804386138916, 0.42295175790786743, 0.481921179319001, 1759352135915421764
-0.2888079285621643, 0.3360430598258972, 0.5023312916583057, 1759352135945792921
-0.12575000524520874, -0.6883135437965393, 0.48884343921687, 1759352135977987417
-0.19199061393737793, 0.3621792197227478, 0.5544675752792149, 1759352136005646730
0.12563812732696533, 0.6183422803878784, 0.49906902181288415, 1759352136035673187
0.1823156476020813, -0.5093886852264404, 0.49129807137556647, 1759352136065739753
-0.24438095092773438, -0.05663686990737915, 0.4887774375612664, 1759352136095799428
0.18808120489120483, 0.49027353525161743, 0.5269440712373386, 1759352136124862401
-0.1354401707649231, -0.11564934253692627, 0.487208226455424, 1759352136155917690
0.06593996286392212, 0.016092777252197266, 0.4788710765481992, 1759352136186039864
0.08664876222610474, 0.004303455352783203, 0.47191478633594786, 1759352136217749366
0.11303603649139404, 0.015059113502502441, 0.49698046873402835, 1759352136249081711
-0.15738791227340698, 0.20801019668579102, 0.5642913604591997, 1759352136276244243
0.4315202832221985, 0.07422453165054321, 0.5128917781063537, 1759352136306270457
-0.1724439263343811, 0.13684332370758057, 0.4889930578194901, 1759352136336304688
-0.06590324640274048, -0.028466522693634033, 0.4923947643477259, 1759352136366371817
-0.01653468608856201, -0.1459808349609375, 0.5165729992950984, 1759352136396536489
-0.37787044048309326, 0.21425998210906982, 0.5105869772477241, 1759352136426533405
0.4429590106010437, -0.11209815740585327, 0.46011416470986777, 1759352136457802117
-0.4262775182723999, 0.08171677589416504, 0.4450821155380598, 1759352136489698642
-0.25938940048217773, 0.15152496099472046, 0.576487068863919, 1759352136516719840
0.07119858264923096, -0.1829521656036377, 0.5643313579066191, 1759352136546743612
0.13075023889541626, 0.43477267026901245, 0.5445947903796035, 1759352136576787172
0.05693352222442627, 0.2368173599243164, 0.5215203026543562, 1759352136605887439
-0.06894749402999878, -0.7072286605834961, 0.4666710772262923, 1759352136636995473
-0.3650030493736267, -0.23399311304092407, 0.4931384516733383, 1759352136667080805
0.7222012281417847, 0.3245413303375244, 0.49052535005925435, 1759352136698225271
-0.4487569332122803, 0.1908600926399231, 0.47267102518254767, 1759352136729681834
-0.11656689643859863, -0.7519871592521667, 0.5265622182486823, 1759352136757229927
0.11163222789764404, 0.3249973654747009, 0.4964567952415791, 1759352136787283675
0.1717129349708557, 0.6540854573249817, 0.5184655443458714, 1759352136817330975
-0.00018984079360961914, -0.5318279266357422, 0.5169141967858294, 1759352136847384066
-0.2789168357849121, 0.2562810182571411, 0.5126711044859804, 1759352136877456472
0.6372008323669434, 0.41966062784194946, 0.48812838353681787, 1759352136907477475
-0.4814497232437134, -0.5023185610771179, 0.4770259041570523, 1759352136938233381
0.3988129496574402, 0.05674135684967041, 0.46995884581292907, 1759352136969710897
0.08017313480377197, 0.3459465503692627, 0.5242907184466221, 1759352136999645520
-0.1965320110321045, -0.13540375232696533, 0.5417367037949984, 1759352137027749272
-0.2503911256790161, 0.09492868185043335, 0.5023807747815286, 1759352137057801343
0.3144493103027344, -0.0465051531791687, 0.5167386355632672, 1759352137087882837
-0.456010639667511, 0.1818045973777771, 0.4987960920290991, 1759352137117940730
0.29545629024505615, 0.07439279556274414, 0.5140598667141065, 1759352137148007351
-0.14648813009262085, -0.026340842247009277, 0.5028368470032997, 1759352137178048271
0.044692397117614746, 0.10873198509216309, 0.44059641224808466, 1759352137210339223
0.12202447652816772, 0.014456987380981445, 0.4715288461586722, 1759352137241645236
-0.5673093199729919, -0.013922631740570068, 0.5515875101421777, 1759352137268332708
0.37289631366729736, 0.11564362049102783, 0.5099887936995322, 1759352137298322173
0.1568613052368164, 0.29925477504730225, 0.44342450612072015, 1759352137322185617
0.17315828800201416, 0.21609318256378174, 0.5615716008230193, 1759352137358476695
0.03719139099121094, 0.04276043176651001, 0.5369545015176413, 1759352137388529403
-0.03169417381286621, -0.463833749294281, 0.5210895399678246, 1759352137418691663
-0.37156713008880615, -0.30727583169937134, 0.48466359898491956, 1759352137449890384
0.5901947617530823, 0.6380376815795898, 0.475464711405873, 1759352137481623949
-0.6263414621353149, -0.10221606492996216, 0.5288081098674262, 1759352137508803079
0.32346850633621216, -0.5356543064117432, 0.49229923243909596, 1759352137538842367
0.2512645721435547, 0.5505024194717407, 0.5315704253726743, 1759352137568958011
-0.19304239749908447, 0.24343258142471313, 0.5260354821805717, 1759352137598936300
-0.3158921003341675, -0.6145697832107544, 0.5263432766612156, 1759352137629027454
0.8355947136878967, 0.23168355226516724, 0.5236027552817156, 1759352137658100787
-0.0261458158493042, 0.5545029640197754, 0.45501517831435023, 1759352137689692297
-0.3857903480529785, -0.6829244494438171, 0.4694435931107387, 1759352137721151071
0.49850547313690186, 0.3135654330253601, 0.5306389053234215, 1759352137749350411
-0.03746914863586426, 0.7101859450340271, 0.48299555370595465, 1759352137779344216
-0.12679052352905273, -0.5271115899085999, 0.4870324544227412, 1759352137809389386
-0.21300166845321655, -0.11183112859725952, 0.5106966556863988, 1759352137839464407
0.14622128009796143, 0.3140883445739746, 0.5030916198711183, 1759352137870363415
-0.33711671829223633, -0.1015092134475708, 0.4996245733188285, 1759352137900272718
0.27279388904571533, 0.09841525554656982, 0.48910568884228406, 1759352137930337607
-0.030912578105926514, -0.04291379451751709, 0.4739971690310196, 1759352137961679693
0.3158718943595886, 0.06502538919448853, 0.5177577448795577, 1759352137991744964
-0.2809869647026062, 0.17033016681671143, 0.5278311929032946, 1759352138020339996
0.09313815832138062, 0.02441692352294922, 0.47661774639356647, 1759352138050511084
0.3076356053352356, 0.22357159852981567, 0.4846338706995845, 1759352138080336813
-0.5542341470718384, -0.09254211187362671, 0.4965011944508553, 1759352138110345074
0.41334521770477295, -0.119625985622406, 0.5436962024128206, 1759352138140337262
-0.2074037790298462, 0.26670926809310913, 0.5210342574023231, 1759352138170463166
0.16102725267410278, -0.40371590852737427, 0.45917742488127056, 1759352138202059716
-0.3228922486305237, -0.04283928871154785, 0.45231970148271794, 1759352138233918715
0.5191549062728882, 0.27654725313186646, 0.55835058380862, 1759352138260759989
-0.36944013833999634, -0.38335591554641724, 0.5031273579987011, 1759352138290763255
0.38764649629592896, -0.2712855339050293, 0.4821920897031355, 1759352138320580469
-0.1741275191307068, 0.7309477925300598, 0.4749580918959259, 1759352138350592236
-0.21484297513961792, 0.06744849681854248, 0.47822955670827627, 1759352138380587731
-0.1109514832496643, -0.39819765090942383, 0.5320060181520696, 1759352138410690390
0.47403156757354736, 0.6236168146133423, 0.5204806288854024, 1759352138441946109
-0.6552911400794983, 0.04559558629989624, 0.49395435475312205, 1759352138473980593
0.09883385896682739, -0.7195065021514893, 0.5608244315896047, 1759352138500825456
0.1753321886062622, 0.3199833631515503, 0.4915483561990666, 1759352138530907865
-0.413252592086792, 0.5056237578392029, 0.4976276222572714, 1759352138560967657
0.36394286155700684, -0.6411638855934143, 0.49985146573759665, 1759352138591047721
-0.7350019216537476, 0.37782472372055054, 0.5006390386147815, 1759352138620116532
0.6156313419342041, 0.4277002811431885, 0.4839174811309988, 1759352138651190293
-0.6368433237075806, -0.6411046385765076, 0.5177019382070079, 1759352138681137496
0.4618797302246094, -0.06391006708145142, 0.4746228249208924, 1759352138713713436
0.20290803909301758, 0.6515352725982666, 0.5835971372376528, 1759352138741360894
0.028471827507019043, -0.22694367170333862, 0.49326216816555735, 1759352138771416380
-0.1691233515739441, 0.0414654016494751, 0.4764707893960335, 1759352138801468468
0.4118281602859497, 0.1554509997367859, 0.4949729998463799, 1759352138831517578
-0.32087814807891846, -0.14335256814956665, 0.5020612638028674, 1759352138861662360
-0.27442723512649536, 0.040562331676483154, 0.5335567111436659, 1759352138891778616
0.20014721155166626, 0.22125422954559326, 0.5308217073002052, 1759352138921775328
-0.27873659133911133, 0.04307001829147339, 0.47561389409559324, 1759352138953993082
0.19692033529281616, -0.16385602951049805, 0.5265352551134663, 1759352138983785927
-0.4095601439476013, -0.09692353010177612, 0.5521309755210294, 1759352139012000633
0.0633707046508789, 0.2529507875442505, 0.5009246676651693, 1759352139042175497
-0.22236043214797974, -0.24095547199249268, 0.4851236944727782, 1759352139072005692
0.09882891178131104, -0.1781008243560791, 0.491040375036929, 1759352139101098312
-0.36140763759613037, 0.39747267961502075, 0.49757496403448637, 1759352139132169283
0.01527249813079834, -0.15710830688476562, 0.5178768328845308, 1759352139162268738
-0.4164915680885315, -0.3093339204788208, 0.49145982753421474, 1759352139194172655
0.3653273582458496, 0.7046447992324829, 0.5136617806640805, 1759352139224983642
-0.24211525917053223, -0.15472984313964844, 0.5496186248796144, 1759352139252443027
-0.06694239377975464, -0.6955251097679138, 0.4970326633614241, 1759352139282443910
0.22729390859603882, 0.5199877619743347, 0.5208880750796633, 1759352139312807888
-0.05497336387634277, 0.2709801197052002, 0.5068353518924473, 1759352139342595710
-0.06742185354232788, -0.7136151194572449, 0.476014461479665, 1759352139372677112
0.09498614072799683, 0.32168322801589966, 0.4911348622816601, 1759352139402742051
0.12174344062805176, 0.6580387353897095, 0.5050565204294777, 1759352139433754200
-0.5617392659187317, -0.7729231715202332, 0.49105614404263687, 1759352139465743138
0.5193586349487305, 0.10878264904022217, 0.5743774331343595, 1759352139492894278
-0.504633367061615, 0.7212856411933899, 0.4888975492786589, 1759352139522956748
0.398800790309906, -0.38469600677490234, 0.4906606862434232, 1759352139552997075
-0.15197062492370605, -0.13973218202590942, 0.49681813206466713, 1759352139583075653
-0.10857844352722168, 0.4301556944847107, 0.4924309438600671, 1759352139613137458
-0.23027753829956055, -0.07978183031082153, 0.49013726425088927, 1759352139643254562
-0.08951354026794434, 0.05507856607437134, 0.479052583546279, 1759352139674346215
-0.08812129497528076, -0.20306038856506348, 0.49246394743706357, 1759352139706215725
0.17003828287124634, -0.03609436750411987, 0.5954331706778032, 1759352139733426000
0.03186696767807007, 0.19299381971359253, 0.5040293590135856, 1759352139763485346
-0.2594531774520874, -0.11380600929260254, 0.507545858698013, 1759352139793536588
0.3549756407737732, 0.04022711515426636, 0.4975949435022402, 1759352139823768588
-0.22568565607070923, -0.16752737760543823, 0.5054190580045086, 1759352139853821155
0.019857406616210938, -0.29372018575668335, 0.5212938580195637, 1759352139883722954
-0.40202534198760986, 0.4847509264945984, 0.5025919698257736, 1759352139913804092
0.339910626411438, -0.14604783058166504, 0.4619088151133318, 1759352139945793305
-0.5838696360588074, -0.28720206022262573, 0.541406094280633, 1759352139973991610
0.3259127140045166, 0.5006686449050903, 0.5327669126932271, 1759352140003943084
-0.10549604892730713, -0.2484779953956604, 0.5262303606443531, 1759352140034031460
-0.2849956154823303, -0.4331706762313843, 0.5287828355709633, 1759352140063108476
0.3394491672515869, 0.7970194816589355, 0.4841564984524964, 1759352140094166483
-0.07120692729949951, 0.005245089530944824, 0.4769368834809842, 1759352140124310376
-0.26077723503112793, -0.5215606093406677, 0.47969820297745086, 1759352140154406136
0.7723097801208496, 0.49967944622039795, 0.4965058807622086, 1759352140185893980
-0.451260507106781, 0.30515050888061523, 0.480908929738008, 1759352140217409159
-0.2967301607131958, -0.8843915462493896, 0.5725680511114768, 1759352140244471219
0.3139617443084717, 0.24655508995056152, 0.49861781348524997, 1759352140274539973
-0.71261066198349, 0.4449498653411865, 0.4950282041495724, 1759352140304575552
0.5041067600250244, -0.6698917150497437, 0.5219334522267994, 1759352140334688147
-0.5348535180091858, 0.517505407333374, 0.5280672183306138, 1759352140364723378
0.18559592962265015, 0.4508137106895447, 0.4816739134096932, 1759352140394847013
-0.015049219131469727, -0.5390151143074036, 0.4449475344796645, 1759352140426035631
-0.13179445266723633, -0.06156843900680542, 0.44317870329032344, 1759352140458226443
-0.21716803312301636, 0.3538941740989685, 0.598320427119445, 1759352140484983182
0.07185673713684082, -0.15485084056854248, 0.5211767527638771, 1759352140515036197
-0.11182236671447754, 0.12589627504348755, 0.48101224566677475, 1759352140545081275
0.27328062057495117, -0.18965178728103638, 0.5052987661587466, 1759352140575151738
0.11001718044281006, 0.05528664588928223, 0.5015726852975132, 1759352140605323353
-0.0731620192527771, 0.10235399007797241, 0.501990282950827, 1759352140635507178
-0.1090855598449707, -0.13405489921569824, 0.48947364895965745, 1759352140666196552
-0.04197019338607788, 0.1675747036933899, 0.4554299184464599, 1759352140697952633
-0.024184465408325195, -0.07550859451293945, 0.5436917282960841, 1759352140725593207
-0.6012139916419983, -0.14177000522613525, 0.5173189585129911, 1759352140755521145
0.548957347869873, 0.44578200578689575, 0.5236250134121109, 1759352140785585562
-0.14574378728866577, -0.12563610076904297, 0.5158269982226361, 1759352140815618354
0.09733742475509644, -0.20303881168365479, 0.4989360838451336, 1759352140845738084
0.07538348436355591, 0.4578371047973633, 0.5095203752810897, 1759352140875798536
-0.3064568042755127, -0.23554998636245728, 0.5371992918712564, 1759352140905142746
-0.28039950132369995, -0.21414881944656372, 0.45486092990737476, 1759352140937913825
0.761624276638031, 0.6432486772537231, 0.48004425638403103, 1759352140967993349
-0.2961442470550537, 0.5954216122627258, 0.5168772609531415, 1759352141006065934
-0.1693730354309082, -0.040258824825286865, 0.5110953908334611, 1759352141035110581
0.01936018466949463, -0.3994101285934448, 0.4848142122022523, 1759352141066427951
0.1388888955116272, 0.7438299655914307, 0.48099547451030833, 1759352141097968511
-0.5045585036277771, -0.03447538614273071, 0.4742692178643299, 1759352141128744383
0.37841254472732544, -0.550321638584137, 0.5265853771208743, 1759352141156433441
0.06509459018707275, 0.7215027809143066, 0.5030256371412208, 1759352141186456386
-0.627819836139679, -0.2345913052558899, 0.4970892649134605, 1759352141216496124
0.21843081712722778, -0.3471921682357788, 0.49289939877684197, 1759352141246575501
-0.36646270751953125, 0.3625239133834839, 0.5079871040697751, 1759352141276610421
0.08612614870071411, -0.020294487476348877, 0.5329873362908897, 1759352141306715983
-0.4465658664703369, 0.02508789300918579, 0.5023612083017855, 1759352141337940086
0.5597692728042603, -0.17495018243789673, 0.47317590679406424, 1759352141370398724
-0.5837996006011963, 0.03149312734603882, 0.5610055655989147, 1759352141397006932
0.22165244817733765, 0.3066430687904358, 0.48955133522569894, 1759352141426124056
-0.536107063293457, -0.198702871799469, 0.46188021245521965, 1759352141457046383
0.4277307987213135, 0.1604444980621338, 0.4891933131006314, 1759352141487065989
-0.5279668569564819, 0.04154437780380249, 0.5171224714332683, 1759352141517144238
0.24993908405303955, -0.24194884300231934, 0.5324095326751029, 1759352141546165096
-0.42026329040527344, 0.19536715745925903, 0.4614753591488439, 1759352141578291604
0.023054182529449463, 0.03515511751174927, 0.47014775177279744, 1759352141610348120
-0.22815579175949097, -0.021951794624328613, 0.5564898840699615, 1759352141637411877
0.19865775108337402, 0.3016195297241211, 0.4910947860183643, 1759352141667479205
0.1105273962020874, 0.2125529646873474, 0.4875620847212538, 1759352141697504717
-0.5653867125511169, -0.16841602325439453, 0.4886549857706923, 1759352141727580261
0.6857150197029114, -0.26190251111984253, 0.5317359071873877, 1759352141757625182
-0.5750532150268555, 0.6727345585823059, 0.5183715085377663, 1759352141787684742
0.09973806142807007, -0.5341610908508301, 0.49596428608714704, 1759352141818475015
-0.20010679960250854, -0.11875271797180176, 0.4737782728862289, 1759352141849981070
0.15365523099899292, 0.962788462638855, 0.5126990022234023, 1759352141879903449
-0.30082112550735474, -0.40735453367233276, 0.5799161348337771, 1759352141907942336
0.19707882404327393, -0.4881258010864258, 0.5071487054862601, 1759352141937995824
-0.18712329864501953, 1.0971978902816772, 0.4837446635865641, 1759352141968089257
-0.29107314348220825, -0.22761738300323486, 0.49836903172513497, 1759352141997130316
0.027723968029022217, -0.6011539101600647, 0.45495772244821947, 1759352142028201506
-0.18835890293121338, 0.8303415775299072, 0.5148591366334677, 1759352142058251119
-0.20550352334976196, 0.02306985855102539, 0.5069237161490856, 1759352142090273808
-0.6297276616096497, -0.4204537272453308, 0.5048468339269693, 1759352142121531027
-0.12363314628601074, -0.2356281280517578, 0.5451529842934761, 1759352142158475649
-0.1395142674446106, 0.4310101866722107, 0.4984583501027292, 1759352142188592633
-0.22570013999938965, 0.5454609990119934, 0.5072187298264477, 1759352142218799674
0.041528522968292236, -0.3331688642501831, 0.4794116426797624, 1759352142250304351
-0.21773004531860352, 0.04031252861022949, 0.46327072501882927, 1759352142281924081
-0.18087130784988403, 0.0316891074180603, 0.5518431938419526, 1759352142308809028
0.3313528895378113, 0.0033364295959472656, 0.5049618624618502, 1759352142338802034
-0.3969714045524597, 0.20090395212173462, 0.5306626078582078, 1759352142368902026
0.3053129315376282, 0.1406429409980774, 0.5281650227463607, 1759352142398969677
-0.048580050468444824, 0.03161180019378662, 0.488978528111351, 1759352142429026218
-0.16861307621002197, 0.0989651083946228, 0.4810006330818776, 1759352142459172333
-0.19861364364624023, -0.10372316837310791, 0.49981321545744295, 1759352142490404947
0.27803951501846313, 0.2540149688720703, 0.4895378266214763, 1759352142521342639
-0.33061712980270386, -0.02750009298324585, 0.5013547889994097, 1759352142549350246
-0.0920875072479248, -0.005173981189727783, 0.47692543669861687, 1759352142579374707
-0.22726082801818848, 0.3090195655822754, 0.5111336903880687, 1759352142609378565
-0.1900538206100464, -0.30170106887817383, 0.5242636335529537, 1759352142639499605
0.2807983160018921, 0.198955237865448, 0.5197011146029145, 1759352142669534337
-0.8079290390014648, 0.48485445976257324, 0.5045200378640263, 1759352142699669391
0.5392689108848572, -0.48009979724884033, 0.4830726885108198, 1759352142730335386
-0.03545862436294556, 0.2547459602355957, 0.48918577482632797, 1759352142761939838
0.07692193984985352, 0.7022927403450012, 0.55212223792759, 1759352142789803376
-0.23339426517486572, -0.6503804922103882, 0.49299162893634046, 1759352142820535393
-0.22685283422470093, 0.2733420729637146, 0.5083728696542054, 1759352142850493574
0.035952091217041016, 0.07374840974807739, 0.4804439145935042, 1759352142872007964
-0.14118194580078125, -0.5677689909934998, 0.5325397990292301, 1759352142900598950
0.36215925216674805, 0.4597085118293762, 0.5029854161199991, 1759352142930565156
-0.6409235596656799, -0.15145164728164673, 0.5080314618780464, 1759352142960729783
0.3545745015144348, -0.292050302028656, 0.4961506264776461, 1759352142990692781
-0.3119240403175354, -0.14292842149734497, 0.4656790930830385, 1759352143020924795
0.7402034401893616, 0.12583273649215698, 0.49380359125723877, 1759352143050760832
-0.7297316193580627, 0.1658756136894226, 0.4698663982927227, 1759352143082410568
0.08241277933120728, -0.15406906604766846, 0.4775184213708709, 1759352143113695293
-0.24144518375396729, 0.2792533040046692, 0.5608751425552874, 1759352143140756381
0.34513312578201294, 0.22979676723480225, 0.5109109869718406, 1759352143170779127
-0.11350244283676147, -0.12483781576156616, 0.5197472893833308, 1759352143200855984
-0.03774493932723999, 0.029071271419525146, 0.5157324582520818, 1759352143230845060
-0.24250012636184692, 0.26492446660995483, 0.5190554322442492, 1759352143260886341
0.2923492193222046, 0.054380178451538086, 0.5011353244511488, 1759352143290904634
-0.20045363903045654, 0.05750542879104614, 0.4546597741923322, 1759352143321969028
-0.42735981941223145, -0.1595589518547058, 0.4529457952359034, 1759352143354393803
-0.13425302505493164, -0.04786074161529541, 0.5511667472507198, 1759352143381708594
-0.3148033022880554, 0.32244664430618286, 0.5350724975050309, 1759352143411430214
0.3559684753417969, 0.2332925796508789, 0.5176680719686931, 1759352143441150732
-0.5365107655525208, -0.21249467134475708, 0.49804072869235744, 1759352143471241110
0.2581099271774292, 0.06784600019454956, 0.5219310477263068, 1759352143501299852
0.15127813816070557, 0.5221350789070129, 0.523767370795263, 1759352143531539607
-0.5197821855545044, -0.28877395391464233, 0.47307639307352134, 1759352143562664805
0.34729456901550293, -0.1071004867553711, 0.4412414432534034, 1759352143594492614
-0.12464249134063721, 0.701056182384491, 0.5425512962657432, 1759352143621604145
-0.27753472328186035, -0.19595521688461304, 0.5373853149890607, 1759352143651574713
0.29708367586135864, -0.3374598026275635, 0.5289530702762745, 1759352143681659337
0.08684122562408447, 0.829552412033081, 0.5161678344381204, 1759352143711733395
-0.4162822961807251, -0.18707400560379028, 0.5287321167773271, 1759352143741819776
0.11809372901916504, -0.6571645736694336, 0.4909842962424053, 1759352143772048452
0.32142728567123413, -0.22893375158309937, 0.49474912710511343, 1759352143802434219
-0.057115375995635986, 0.7156243920326233, 0.5053806160036619, 1759352143833947031
-0.4395918846130371, -0.17256176471710205, 0.5426531926124484, 1759352143861126643
0.3892345428466797, -0.25367647409439087, 0.4738131840451928, 1759352143891121562
-0.3809731602668762, 0.32044994831085205, 0.4728949301652388, 1759352143922180270
0.19398891925811768, 0.308169960975647, 0.5081444555479216, 1759352143952197728
-0.050663769245147705, -0.030170440673828125, 0.5397551867412508, 1759352143981295772
0.05957001447677612, -0.005943238735198975, 0.4889546276092106, 1759352144012377814
-0.2092645764350891, 0.3063341975212097, 0.47349497632767806, 1759352144042473900
0.3231077790260315, 0.006928205490112305, 0.47582046414782764, 1759352144074034955
-0.4169118404388428, 0.21535402536392212, 0.49057899864107385, 1759352144105519203
-0.11531496047973633, 0.029617369174957275, 0.5507316250683877, 1759352144132639166
-0.16173213720321655, -0.15241855382919312, 0.49754191564993633, 1759352144162906743
-0.027625679969787598, 0.36986011266708374, 0.5085930061913081, 1759352144192717710
-0.16973531246185303, 0.16667747497558594, 0.5097513822820615, 1759352144222785497
-0.26280659437179565, -0.27254414558410645, 0.5266892308749082, 1759352144252839868
0.5021418333053589, 0.38557636737823486, 0.5003947505936763, 1759352144282943980
-0.13740891218185425, 0.17508596181869507, 0.4678751858563448, 1759352144314619443
-0.03596055507659912, -0.13143795728683472, 0.4794137948816396, 1759352144346008501
0.1503363847732544, 0.15958303213119507, 0.5694660140921333, 1759352144372103375
-0.018839120864868164, 0.22787684202194214, 0.5114268271532043, 1759352144402123415
-0.5474110245704651, -0.08972197771072388, 0.47895405776326405, 1759352144433179387
0.787189245223999, -0.09085506200790405, 0.49192731729346306, 1759352144463271592
-0.16813218593597412, 0.5554186105728149, 0.5125134197871668, 1759352144493332402
-0.02572011947631836, -0.063540518283844, 0.49768891388109704, 1759352144523613635
-0.09182888269424438, -0.43635815382003784, 0.4930204660278683, 1759352144554021515
0.10488343238830566, 0.8607774972915649, 0.47292883198490154, 1759352144586314278
-0.208082914352417, 0.8268015384674072, 0.5377032384683239, 1759352144613712719
0.28004515171051025, -0.5327606797218323, 0.4833003915621319, 1759352144643642955
0.2432747483253479, -0.14322131872177124, 0.4994015370322653, 1759352144673690790
-0.4800909161567688, 0.717288076877594, 0.5325868571929209, 1759352144703800349
0.14464545249938965, -0.009436726570129395, 0.5161342371849712, 1759352144733867855
-0.22418713569641113, -0.148712158203125, 0.5002504762151554, 1759352144763951020
0.2464269995689392, 0.1608189344406128, 0.5063686124260044, 1759352144794038262
-0.5207726955413818, 0.20020192861557007, 0.44714256040368594, 1759352144826839616
0.5743772387504578, 0.018211662769317627, 0.5455297973088686, 1759352144854171196
-0.6938853859901428, 0.24836015701293945, 0.4951850969853527, 1759352144883165312
0.5021571516990662, 0.05778825283050537, 0.45582819246233297, 1759352144914250046
-0.048284947872161865, -0.1049085259437561, 0.4590116107447423, 1759352144936304207
-0.6521148085594177, 0.19580078125, 0.5418543750373553, 1759352144964353873
0.3148777484893799, 0.10273480415344238, 0.5366032956440457, 1759352144993413472
-1.0545192956924438, 0.07266759872436523, 0.48655385476859403, 1759352145024499330
-0.140386700630188, 0.012435197830200195, 0.44769241830907447, 1759352145054551145
-0.016364574432373047, 0.1581236720085144, 0.4439720079604327, 1759352145084595068
-0.19915753602981567, -0.2001773715019226, 0.4432756643600089, 1759352145114689284
-0.14145255088806152, 0.06866353750228882, 0.40410466360006375, 1759352145146519130
0.5382371544837952, 0.4676501154899597, 0.3986657648580784, 1759352145178222232
-0.039824724197387695, 0.00868290662765503, 0.4996871202297004, 1759352145204805428
-0.3014839291572571, -0.023188292980194092, 0.4282223644036757, 1759352145235021807
0.5662700533866882, 0.3872300982475281, 0.4682154604256451, 1759352145264976347
-0.1551288366317749, -0.022596120834350586, 0.5017218311269156, 1759352145295068563
0.4014028310775757, 0.06536334753036499, 0.493678299690065, 1759352145325349647
0.18307948112487793, 0.43065786361694336, 0.5407893907108282, 1759352145355226772
-0.6461670398712158, -0.4691433310508728, 0.48883224095810895, 1759352145386361831
-0.08394354581832886, -0.5175794363021851, 0.4506002889543672, 1759352145418271057
-0.06017690896987915, 0.009638428688049316, 0.5301242880668606, 1759352145445694160
0.2740573287010193, 0.7856727242469788, 0.48139976703286397, 1759352145475748014
-0.39769870042800903, -0.45470911264419556, 0.4956705429515511, 1759352145505751062
0.060719192028045654, -0.23717552423477173, 0.4927581591558866, 1759352145535772188
0.0642467737197876, 0.9697943329811096, 0.52154755209637, 1759352145565896621
-0.24090582132339478, -0.3169099688529968, 0.5567863063709622, 1759352145595932777
-0.27660733461380005, -0.2669101357460022, 0.534897854842929, 1759352145626179811
0.5770435929298401, 0.6735600233078003, 0.44621082321891536, 1759352145658632109
-0.4741758108139038, -0.11324352025985718, 0.538561380414649, 1759352145686077850
0.18300938606262207, -0.1320393681526184, 0.503899675485675, 1759352145716017443
-0.12814068794250488, 0.4878261685371399, 0.5053814977131299, 1759352145746016856
-0.09691309928894043, -0.011777639389038086, 0.49680532729423255, 1759352145776055843
-0.04663509130477905, 0.05991983413696289, 0.4816383100761204, 1759352145806093008
-0.5073000192642212, -0.02664506435394287, 0.4844627185322731, 1759352145836211743
0.8043612837791443, 0.042126357555389404, 0.5104288158409884, 1759352145866280550
-0.1405664086341858, 0.28606748580932617, 0.48987119543459373, 1759352145898175988
0.19253838062286377, 0.11680364608764648, 0.506983156494049, 1759352145928398698
0.0895567536354065, 0.11827701330184937, 0.5194950118044595, 1759352145956473510
0.03173893690109253, 0.21062153577804565, 0.49755595065437264, 1759352145985433086
-0.15900522470474243, 0.09802156686782837, 0.4427990753835982, 1759352146008140982
-0.09333652257919312, 0.03721487522125244, 0.5499115292791282, 1759352146036689314
0.16723859310150146, 0.07883381843566895, 0.5133485301617852, 1759352146066668161
-0.14556246995925903, 0.04143804311752319, 0.5248913603927758, 1759352146096731855
0.21537655591964722, 0.20034921169281006, 0.5138061129161736, 1759352146126777229
-0.5205967426300049, -0.2674347758293152, 0.5113765365246211, 1759352146156923517
0.19432538747787476, -0.13248932361602783, 0.525943504483814, 1759352146186099677
-0.4521285891532898, 0.984517514705658, 0.4550092378313445, 1759352146218599991
0.16731512546539307, -0.14046531915664673, 0.4555698717569182, 1759352146249946551
-0.0770871639251709, -0.38997089862823486, 0.5771527217100851, 1759352146276142867
0.28986310958862305, 0.6616003513336182, 0.4990728017129303, 1759352146307161165
-0.3694651126861572, -0.08866912126541138, 0.5171224440029032, 1759352146337213089
0.0787765383720398, -0.5566942095756531, 0.5001743557244653, 1759352146367280220
-0.02942836284637451, 0.6645210981369019, 0.5031095774172459, 1759352146397339612
0.395896852016449, 0.16714054346084595, 0.5048823092436093, 1759352146427392777
-0.025890469551086426, -0.35071730613708496, 0.49545108885523853, 1759352146457586728
-0.2222914695739746, 0.7393622398376465, 0.46469863329227695, 1759352146490899523
0.0982503890991211, 0.3350147604942322, 0.53662625749185, 1759352146517670547
-0.43491822481155396, -0.5692082047462463, 0.4849597058476453, 1759352146547638041
0.6062164902687073, 0.10910767316818237, 0.5017988985722162, 1759352146577722831
-0.6609880924224854, 0.393555223941803, 0.5322700870439931, 1759352146607813796
0.3448179364204407, -0.25611644983291626, 0.5241277614502133, 1759352146637879170
-0.1224326491355896, 0.1346532702445984, 0.48621864957984484, 1759352146668171424
0.13535404205322266, 0.12894660234451294, 0.5088986274569982, 1759352146698363188
0.13019007444381714, 0.05271416902542114, 0.4790326643769242, 1759352146730882222
-0.07466322183609009, 0.19396746158599854, 0.571160578476173, 1759352146757139061
-0.06685960292816162, 0.1449871063232422, 0.4766788418698086, 1759352146788163551
0.1505606770515442, -0.027645766735076904, 0.47914017272225684, 1759352146818223989
0.006737172603607178, 0.14808064699172974, 0.4929429546215179, 1759352146848279325
-0.3342779874801636, 0.08711105585098267, 0.5175565173404841, 1759352146878358515
0.11382496356964111, -0.08306431770324707, 0.5117001350353937, 1759352146908396119
-0.28019845485687256, 0.03452157974243164, 0.49134833460875244, 1759352146938833673
-0.1473652720451355, -0.14352267980575562, 0.4686239976183071, 1759352146970388257
0.007322251796722412, 0.4670393466949463, 0.48198799529162356, 1759352147001438127
0.02818477153778076, -0.15595990419387817, 0.5729587768778999, 1759352147028718232
-0.24645155668258667, -0.18056267499923706, 0.5185609752041822, 1759352147058728228
0.29688888788223267, 0.9275915622711182, 0.4967065897423941, 1759352147088787005
-0.24948102235794067, -0.4087910056114197, 0.486678470456178, 1759352147118887379
-0.009221374988555908, -0.44968342781066895, 0.5076547771739088, 1759352147148899333
-0.029517948627471924, 0.9808228015899658, 0.5297884691198522, 1759352147179014717
0.46991604566574097, -0.17547321319580078, 0.49260651968136915, 1759352147210726487
-0.3787216544151306, -0.48374348878860474, 0.45237199959680124, 1759352147242218826
-0.02746140956878662, 0.6059306263923645, 0.5254275440913507, 1759352147269192580
-0.22024309635162354, 0.26681047677993774, 0.49754864419741685, 1759352147299268863
-0.030931174755096436, -0.5991978049278259, 0.4955719810769303, 1759352147329326454
0.23330986499786377, 0.2607506513595581, 0.51043592215482, 1759352147359382127
-0.46173983812332153, 0.5059899687767029, 0.49252945729209885, 1759352147389428754
0.21298301219940186, -0.3332163095474243, 0.48230606330727754, 1759352147419491882
0.2965763807296753, -0.14631450176239014, 0.49264954478085315, 1759352147450776368
0.0815092921257019, 0.6407464742660522, 0.495233062716795, 1759352147482501036
0.07469069957733154, -0.13248848915100098, 0.5580098738792584, 1759352147509709928
0.0805673599243164, 0.013567447662353516, 0.4938672472698453, 1759352147539759883
-0.09789377450942993, 0.3772661089897156, 0.4830941747283784, 1759352147569820566
0.3853309154510498, -0.15581029653549194, 0.5037778602712762, 1759352147599871919
-0.3021044135093689, 0.11712288856506348, 0.5278769320536296, 1759352147629951096
-0.4670714735984802, 0.2127218246459961, 0.5265889377284297, 1759352147660035435
0.1453561782836914, -0.10195308923721313, 0.5038258772837738, 1759352147690406321
-0.04465121030807495, 0.08878296613693237, 0.4589917830654139, 1759352147722275630
0.3030657172203064, -0.04876267910003662, 0.5483553107595781, 1759352147750324335
0.5440414547920227, 0.47395676374435425, 0.5085831928886871, 1759352147780922695
0.12711399793624878, 0.03957325220108032, 0.47237583134487643, 1759352147810941891
-0.10753786563873291, -0.33524203300476074, 0.4748111819283338, 1759352147840852347
0.04718512296676636, 0.5973612666130066, 0.49257211539599255, 1759352147870938522
-0.40082406997680664, -0.2965201735496521, 0.5226702017366243, 1759352147900893741
0.025621771812438965, -0.19965314865112305, 0.5335037288465012, 1759352147931024422
-0.1099734902381897, 0.8591390252113342, 0.4829108807709696, 1759352147963323990
0.3810635805130005, -0.27963554859161377, 0.504499610114193, 1759352147993374540
-0.5053005814552307, -0.3289429545402527, 0.5569273829935238, 1759352148020104774
0.4430316090583801, 0.7770863175392151, 0.4870752576834976, 1759352148051050895
-0.25150519609451294, -0.01679861545562744, 0.520526668053145, 1759352148080128531
0.2091018557548523, -0.5447494983673096, 0.4813111184619703, 1759352148111163569
-0.057600557804107666, 0.43809133768081665, 0.5150515104111764, 1759352148141148598
-0.29500848054885864, 0.20847797393798828, 0.4962076825938644, 1759352148171245529
0.7080626487731934, -0.549250066280365, 0.5015930645270598, 1759352148202301877
-0.12559247016906738, 0.5055002570152283, 0.4979467587418509, 1759352148234458561
0.5325027108192444, 0.423997163772583, 0.5390454615861074, 1759352148261310466
-0.10472798347473145, -0.33681297302246094, 0.4897070903790886, 1759352148291288233
0.3345751166343689, 0.2689574360847473, 0.43650610883608243, 1759352148314296168
-0.17936700582504272, 0.1774401068687439, 0.5330564097907969, 1759352148341419778
0.29028069972991943, -0.020210623741149902, 0.48859584783434123, 1759352148371501099
-0.039095520973205566, 0.21922093629837036, 0.4832385301130525, 1759352148401550898
-0.1761845350265503, 0.13860470056533813, 0.48641780254746914, 1759352148431624319
0.012798726558685303, -0.07068967819213867, 0.5346552097441466, 1759352148461677054
-0.6347383856773376, 0.059207022190093994, 0.5342781339403443, 1759352148491722335
0.6792783737182617, 0.006769895553588867, 0.5245333274637883, 1759352148522536124
-0.4840543270111084, -0.006578207015991211, 0.47845505907733116, 1759352148554460843
0.7133907079696655, -0.028040528297424316, 0.5258315708773365, 1759352148582086415
-0.15339386463165283, -0.10182571411132812, 0.5068684064647375, 1759352148612051548
-0.17087328433990479, 0.10171937942504883, 0.48790429565517063, 1759352148642097754
0.17604464292526245, -0.019223809242248535, 0.4948532494361753, 1759352148671129042
0.07091498374938965, 0.12396317720413208, 0.4614335091685208, 1759352148702158162
-0.4774492383003235, 0.08656543493270874, 0.46036266686277993, 1759352148732253953
0.4516558051109314, -0.24892473220825195, 0.5124273828347635, 1759352148762330188
-0.05086159706115723, 0.4325979948043823, 0.5157207278136319, 1759352148794737441
-0.3241286873817444, 0.394137978553772, 0.5280826707040277, 1759352148824647996
0.02801734209060669, -0.5477868914604187, 0.5257673813101671, 1759352148852489378
0.15550577640533447, 0.19565021991729736, 0.49369794277936396, 1759352148882552496
0.2908395528793335, 0.5999804735183716, 0.5094863712672915, 1759352148912642286
-0.7004435658454895, -0.8248335123062134, 0.513550894866908, 1759352148942655243
0.5531361699104309, 0.23456484079360962, 0.4951589334316314, 1759352148973037236
-0.13351988792419434, 0.7133366465568542, 0.5125572985084558, 1759352149003217474
-0.02543020248413086, -0.7351062893867493, 0.4964652025913865, 1759352149034315779
0.2614262104034424, -0.09321963787078857, 0.4850219000291385, 1759352149066301536
-0.1494046449661255, 0.5979971289634705, 0.5892547510052508, 1759352149093071114
-0.17444497346878052, -0.10417473316192627, 0.48330567344275494, 1759352149123217404
0.29978930950164795, -0.09567105770111084, 0.47132348091284293, 1759352149153144453
-0.14420998096466064, 0.13077014684677124, 0.48574938066718937, 1759352149183193885
-0.21432876586914062, 0.15167689323425293, 0.5020285734984142, 1759352149213269334
-0.12174129486083984, -0.042411863803863525, 0.5186767902251935, 1759352149243353640
0.06682628393173218, -0.1443847417831421, 0.4998025149119195, 1759352149274617743
0.4312707185745239, 0.1863355040550232, 0.45246882724439674, 1759352149306957907
-0.7498383522033691, -0.12457656860351562, 0.5674843740748787, 1759352149333639778
-0.03931260108947754, 0.127221941947937, 0.5167792375956862, 1759352149363722257
-0.36890166997909546, 0.10724639892578125, 0.5121859788582875, 1759352149393657415
0.3823017477989197, -0.055702269077301025, 0.5122638627918837, 1759352149422711135
-0.25918012857437134, 0.20035183429718018, 0.47281382581012904, 1759352149453807441
-0.07994168996810913, -0.12430799007415771, 0.50765242703031, 1759352149483836722
-0.5082374811172485, 0.0058637261390686035, 0.5182013601297027, 1759352149514365439
0.7889537811279297, 0.015315592288970947, 0.48345570294134843, 1759352149546518189
-0.24890202283859253, -0.05924457311630249, 0.5720564268643602, 1759352149573105013
0.06895232200622559, 0.02539926767349243, 0.48171387682011424, 1759352149604068988
-0.07059037685394287, -0.037634074687957764, 0.5052828460284509, 1759352149634191622
0.4655136466026306, 0.3139311671257019, 0.5130728615627639, 1759352149664207863
-0.5630329847335815, 0.23945963382720947, 0.47786519578074765, 1759352149694328865
0.3376501798629761, -0.5898151397705078, 0.47040751284972226, 1759352149724325112
0.159415602684021, 0.24732869863510132, 0.47104484359157744, 1759352149755561675
-0.41639482975006104, 0.3744692802429199, 0.5041867887021293, 1759352149786401649
0.11313563585281372, -0.6421189308166504, 0.5605927637393641, 1759352149814588871
-0.0029982924461364746, 0.32516223192214966, 0.5084822899825654, 1759352149844572134
0.09378403425216675, 0.7190539836883545, 0.5167986725283112, 1759352149874639656
-0.4349527955055237, -0.7396402359008789, 0.503039526796868, 1759352149904695895
0.6401237845420837, -0.06339907646179199, 0.49574221493259285, 1759352149934768451
-0.2559458613395691, 0.6145087480545044, 0.5334403898303992, 1759352149964843444
-0.30293208360671997, -0.41292625665664673, 0.5016975194666934, 1759352149994921085
0.0749087929725647, -0.02711355686187744, 0.46714579921714894, 1759352150026661709
0.3359180688858032, 0.2988733649253845, 0.48937226803880257, 1759352150057783702
-0.25473177433013916, -0.08887588977813721, 0.5530134701863866, 1759352150085067621
-0.0036287307739257812, -0.08080798387527466, 0.5169207328434656, 1759352150115203209
-0.373906672000885, 0.07578092813491821, 0.4744329171800781, 1759352150146169611
0.14151787757873535, 0.056139469146728516, 0.489576480175711, 1759352150175920055
-0.0714448094367981, -0.12577950954437256, 0.5220566127392462, 1759352150205992782
-0.2508001923561096, 0.07250446081161499, 0.5202823820744497, 1759352150235953359
0.03858315944671631, 0.17661052942276, 0.5039511559698844, 1759352150266840271
-0.3758488893508911, -0.2618425488471985, 0.4685469436432812, 1759352150298848857
0.4568210244178772, 0.03423714637756348, 0.5645478385695542, 1759352150325098933
-0.29646050930023193, 0.1494176983833313, 0.5236460243519279, 1759352150356040473
0.2934682369232178, -0.06018948554992676, 0.5301945544647867, 1759352150386088768
0.006410658359527588, -0.03666889667510986, 0.47961504487932016, 1759352150416074185
0.2953893542289734, 0.03945523500442505, 0.508787261529383, 1759352150445123850
-0.24142682552337646, 0.036817312240600586, 0.4942156423148693, 1759352150476153786
0.3456953763961792, -0.21020138263702393, 0.49943856849582596, 1759352150506450648
-0.011315643787384033, 0.2258777618408203, 0.4758354289648145, 1759352150538872699
-0.433042049407959, 0.2721010446548462, 0.5715903872218594, 1759352150566095323
0.1817949414253235, -0.6758796572685242, 0.5064991421972448, 1759352150595142939
0.0852782130241394, 0.04216170310974121, 0.4801358339762194, 1759352150626208104
0.22174781560897827, 0.8520240783691406, 0.504834089080738, 1759352150656281193
-0.739477813243866, -0.9811760187149048, 0.5177407767523805, 1759352150686330893
0.6520217061042786, 0.11563223600387573, 0.4918273439481699, 1759352150716467545
-0.3223980665206909, 0.9732811450958252, 0.4829034983833438, 1759352150746516320
0.09705865383148193, -0.8984335660934448, 0.45401322760733104, 1759352150778960928
0.18695300817489624, 0.07627910375595093, 0.5197353188466508, 1759352150808683757
0.5084666609764099, 0.3292861580848694, 0.552033072208073, 1759352150846644374
-0.1550937294960022, 0.46365952491760254, 0.5004508330302929, 1759352150876738305
-0.01051408052444458, -0.5205562710762024, 0.48804202647447315, 1759352150906984233
-0.19403177499771118, -0.11180251836776733, 0.48233579961002426, 1759352150938683834
0.10781079530715942, 0.4553759694099426, 0.5036640948229772, 1759352150969611654
-0.003063023090362549, 0.09861725568771362, 0.5248083680623885, 1759352150997037206
0.038017868995666504, -0.26346325874328613, 0.4576858667724641, 1759352151027055040
-0.2559143900871277, 0.014024436473846436, 0.4625139474071632, 1759352151057078442
0.16161799430847168, 0.07319509983062744, 0.49349502519499816, 1759352151087152240
-0.14839833974838257, 0.14262861013412476, 0.5462962924868222, 1759352151117404820
0.040921688079833984, 0.10548681020736694, 0.5514865954280016, 1759352151147344034
-0.006370127201080322, -0.03342103958129883, 0.4868587828373627, 1759352151178098423
-0.3673442006111145, -0.14747899770736694, 0.4361120443106159, 1759352151210947973
0.4409826397895813, -0.14902299642562866, 0.5844694033303589, 1759352151237572788
-0.6396018266677856, 0.33324968814849854, 0.506991285261029, 1759352151267561951
0.3931400179862976, -0.07572013139724731, 0.4902643137269945, 1759352151297571738
-0.00782322883605957, -0.2291109561920166, 0.5006375493601964, 1759352151327654209
-0.23254698514938354, 0.48331719636917114, 0.4937617795902408, 1759352151357721879
-0.26625436544418335, -0.22138851881027222, 0.5564015390152531, 1759352151386792467
-0.04102903604507446, -0.2859801650047302, 0.48889669829022775, 1759352151419048826
0.20083469152450562, 0.8548951148986816, 0.46534136424640354, 1759352151450837852
0.01255100965499878, -0.3412401080131531, 0.5375403420101891, 1759352151478059319
-0.11927008628845215, -0.5381541848182678, 0.4941479297113507, 1759352151507112832
0.11769062280654907, 0.7662702798843384, 0.4746605788925555, 1759352151538081797
-0.3331524133682251, -0.161848247051239, 0.48419710011222367, 1759352151568177597
-0.5371399521827698, -0.5169983506202698, 0.4825086205773967, 1759352151598219826
0.7302404046058655, 0.6023290157318115, 0.5208655335093211, 1759352151628317772
-0.8527361750602722, 0.04777783155441284, 0.4983701294146731, 1759352151659039991
0.41742825508117676, -0.942664384841919, 0.4988913649986761, 1759352151690598566
0.26895707845687866, 0.6031150221824646, 0.5216129772568404, 1759352151720717935
0.2767454981803894, 0.4257102608680725, 0.5069226112723759, 1759352151748689794
-0.07284176349639893, -0.04111272096633911, 0.4865787302947331, 1759352151778610653
-0.18394309282302856, -0.3194159269332886, 0.48683252741036065, 1759352151808664810
-0.5106727480888367, 0.33075374364852905, 0.5041683226640815, 1759352151838721878
0.13776236772537231, 0.07945829629898071, 0.5081232179650139, 1759352151868782358
-0.5346149206161499, -0.1336633563041687, 0.5042949786602166, 1759352151898917588
0.13128280639648438, -0.04335278272628784, 0.4877423022191579, 1759352151931337069
0.06772589683532715, 0.11721652746200562, 0.5267858031588207, 1759352151961626334
0.12475073337554932, 0.10393565893173218, 0.5699566813669769, 1759352151988135423
-0.13486313819885254, -0.10444408655166626, 0.5021159745685885, 1759352152018138727
-0.12191903591156006, -0.13881999254226685, 0.4717097549105425, 1759352152049192423
0.47322380542755127, 0.14066600799560547, 0.48559488545162, 1759352152079221734
-0.34475791454315186, -0.12874913215637207, 0.5049188509901336, 1759352152109356610
-0.08632057905197144, 0.17116045951843262, 0.5049683978200897, 1759352152139379897
-0.04224514961242676, 0.14850515127182007, 0.4763019078002711, 1759352152170728715
0.14403128623962402, -0.4250675439834595, 0.4803237371748644, 1759352152202559381
-0.14587759971618652, 0.45636820793151855, 0.5741336309042725, 1759352152229654766
0.10985958576202393, -0.1668562889099121, 0.5330514588491088, 1759352152259646849
-0.16859835386276245, -0.3560771346092224, 0.5108499407370749, 1759352152289744489
-0.036924004554748535, 0.8446057438850403, 0.4844605448148956, 1759352152319721900
-0.21178841590881348, -0.1889013648033142, 0.4604438715130669, 1759352152349852345
-0.15449482202529907, -0.572279155254364, 0.470875261016073, 1759352152379889525
0.04643559455871582, 0.6787695288658142, 0.4985237403248652, 1759352152411060883
-0.7507603168487549, -0.25320106744766235, 0.4985384200864646, 1759352152443515263
0.5130137801170349, -0.6086183190345764, 0.5937748644965212, 1759352152470296880
0.12437516450881958, 0.44000208377838135, 0.5199983067747018, 1759352152500335086
0.45395416021347046, 0.6679423451423645, 0.5006987334790239, 1759352152531168589
-0.38522040843963623, 0.13572096824645996, 0.513396078273897, 1759352152560349764
0.08988744020462036, -0.5338899493217468, 0.4951416708388143, 1759352152590547553
-0.45995283126831055, 0.38948386907577515, 0.4768039971001632, 1759352152620378317
0.15508288145065308, 0.1131783127784729, 0.48093837786482296, 1759352152650138277
-0.4977298974990845, -0.32589930295944214, 0.4882292353325151, 1759352152682613584
0.36749792098999023, 0.2892516255378723, 0.5400840609771559, 1759352152712640979
0.03173798322677612, 0.1943831443786621, 0.5331375461025277, 1759352152741218695
0.25631052255630493, -0.12756115198135376, 0.4857248745658016, 1759352152771290742
-0.34821081161499023, -0.020668745040893555, 0.49538120802771984, 1759352152801239345
0.3951677083969116, 0.0802796483039856, 0.507385631268073, 1759352152831210982
-0.17644327878952026, 0.08745867013931274, 0.5121428412799259, 1759352152861309057
-0.37877941131591797, 0.08184057474136353, 0.5114590387506547, 1759352152891684597
0.10285139083862305, 0.05998605489730835, 0.4723181479181637, 1759352152922537874
-0.32464271783828735, 0.030148863792419434, 0.4840734358934652, 1759352152953143248
0.12573593854904175, -0.1471233367919922, 0.5617004642097202, 1759352152981437849
-0.5791491866111755, 0.21310746669769287, 0.5095814309218849, 1759352153011472819
0.8133715391159058, 0.10772502422332764, 0.4895569190106135, 1759352153041452370
-0.29613399505615234, -0.1863408088684082, 0.4991201793711149, 1759352153071551814
-0.18744546175003052, 0.2931618094444275, 0.48242604730047767, 1759352153101556496
-0.04463005065917969, -0.01145559549331665, 0.5056539476452897, 1759352153131567074
-0.03703165054321289, -0.15380513668060303, 0.473388544208497, 1759352153162964630
-0.2726671099662781, 0.6799989342689514, 0.47807589009697915, 1759352153194785561
0.19838058948516846, -0.23644572496414185, 0.5749362676955104, 1759352153221794010
0.06639742851257324, -0.5251184701919556, 0.5137837727407268, 1759352153251719205
-0.15188562870025635, 0.670821487903595, 0.5318893298276189, 1759352153281788672
0.04662710428237915, -0.0037827491760253906, 0.5148870025103467, 1759352153311937960
-0.13804775476455688, -0.007188081741333008, 0.4808511099188513, 1759352153341974782
0.14772725105285645, -0.5050144195556641, 0.48795740625035156, 1759352153372004094
-0.4968578815460205, 0.7288417220115662, 0.48697686620712644, 1759352153402108721
9.071826934814453e-05, -0.13361293077468872, 0.4604883268552626, 1759352153434703730
-0.5545608997344971, -0.3377586007118225, 0.5703900759345666, 1759352153462282931
0.6311254501342773, 0.43803614377975464, 0.49374478441231, 1759352153492240955
-0.48926305770874023, -0.05595654249191284, 0.5123361637202988, 1759352153522332950
0.4177403450012207, -0.44561970233917236, 0.511644283343991, 1759352153552382430
-0.2274928092956543, 0.49432438611984253, 0.49646777403773773, 1759352153582417698
0.23853451013565063, 0.12419843673706055, 0.4900266642046529, 1759352153612518331
-0.3785666227340698, -0.15133684873580933, 0.4925648096419234, 1759352153642811361
0.0004209280014038086, 0.2304670214653015, 0.47110315015542803, 1759352153674926199
-0.08167046308517456, 0.034166812896728516, 0.5239926546984929, 1759352153704746535
-0.11685395240783691, 0.029777050018310547, 0.5593515823428388, 1759352153732720046
-0.0312386155128479, 0.071469247341156, 0.5068635488276958, 1759352153762823927
-0.4632253050804138, -0.21844297647476196, 0.4547546687417926, 1759352153785375069
0.5867591500282288, 0.057222187519073486, 0.5458023070540806, 1759352153813261759
-0.49024224281311035, 0.29449379444122314, 0.5274152416585044, 1759352153842952284
0.14384454488754272, -0.24835002422332764, 0.5271786239750844, 1759352153872994407
-0.05217158794403076, -0.05972391366958618, 0.46902336486620955, 1759352153903057676
0.007453978061676025, 0.22168660163879395, 0.4776247285852115, 1759352153932119855
-0.5831845998764038, 0.05248284339904785, 0.49378453562254954, 1759352153963245998
-0.2369707226753235, -0.1382710337638855, 0.5093227452845908, 1759352153994658901
0.7689284682273865, 0.30260199308395386, 0.4860735549427446, 1759352154026672786
-0.7809757590293884, 0.0729445219039917, 0.5571760843009781, 1759352154053510272
0.2044200301170349, -0.5430732369422913, 0.4742450430030639, 1759352154083522573
-0.18920302391052246, -0.6334578990936279, 0.502944525789343, 1759352154113849390
0.2737944722175598, 0.8805878162384033, 0.5210412194157243, 1759352154143681557
-0.7975794076919556, -0.38483893871307373, 0.5011891277915947, 1759352154173635477
0.28547537326812744, -0.5637065172195435, 0.49319939108898353, 1759352154203734723
-0.42008697986602783, 0.777539074420929, 0.47391951333271626, 1759352154235602383
0.44720572233200073, 0.10662972927093506, 0.4985799439344369, 1759352154266802821
-0.2149469256401062, -0.4959369897842407, 0.5674069567139665, 1759352154293976396
0.4285518527030945, 0.3489674925804138, 0.5318340769385014, 1759352154323975365
-0.3485070466995239, 0.5159634947776794, 0.4792540754535001, 1759352154354064617
0.4042673707008362, -0.3831011652946472, 0.46972750535700786, 1759352154384072278
-0.1059720516204834, -0.11873328685760498, 0.4991980098956975, 1759352154414143996
-0.3016023635864258, 0.4861330986022949, 0.5097640474736496, 1759352154444200931
-0.03684592247009277, -0.14197123050689697, 0.49456908737063693, 1759352154474685139
-0.3398095965385437, 0.025607526302337646, 0.45644108451519305, 1759352154506966726
0.05839097499847412, 0.23467326164245605, 0.5448759175905803, 1759352154534498491
-0.3003964424133301, -0.06497520208358765, 0.5251619838879221, 1759352154564476005
0.05411791801452637, -0.11442065238952637, 0.5185979355430174, 1759352154594595167
-0.4740679860115051, 0.2906373143196106, 0.5233128633356062, 1759352154624618094
0.2959156632423401, 0.00038743019104003906, 0.506897631888981, 1759352154654661951
-0.10628259181976318, 0.14176374673843384, 0.4818567603340306, 1759352154684722521
0.0610697865486145, -0.010608077049255371, 0.5119808324053903, 1759352154714742105
-0.5375320315361023, -0.022315680980682373, 0.4918367338721568, 1759352154746111325
0.09937185049057007, 0.11564934253692627, 0.4825570496823278, 1759352154776932522
-0.1440257430076599, -0.10931426286697388, 0.5471776138043306, 1759352154815017620
0.04302757978439331, 0.3598465323448181, 0.5268224027205802, 1759352154845052408
-0.3680712580680847, -0.14986753463745117, 0.5379516410687875, 1759352154875246533
-0.4284808039665222, -0.41234612464904785, 0.47962283141941453, 1759352154907018364
-0.012664616107940674, 0.10099059343338013, 0.46079405670706836, 1759352154937316964
0.26026153564453125, 0.5202957987785339, 0.5053513844665096, 1759352154965312560
-0.4358327388763428, -0.34124547243118286, 0.4950743770987311, 1759352154995419458
0.015487194061279297, 0.05339956283569336, 0.5060352739255417, 1759352155025539855
-0.012439608573913574, 0.5315518379211426, 0.5045722839163763, 1759352155055575615
-0.5710790753364563, -0.3541615605354309, 0.49657004463903015, 1759352155086227318
0.5147080421447754, -0.30152660608291626, 0.5314127973673998, 1759352155116311597
-0.23343831300735474, 0.9394569396972656, 0.5208404591600251, 1759352155146900703
0.019065797328948975, -0.10924452543258667, 0.46547322977192496, 1759352155179194833
-0.010127246379852295, -0.4320579767227173, 0.5625440745498546, 1759352155206298352
0.09957432746887207, 0.423816442489624, 0.48952412899493025, 1759352155236364839
-0.1317368745803833, 0.2298852801322937, 0.4784884200831065, 1759352155266379406
-0.16901516914367676, -0.26802194118499756, 0.49899771697425077, 1759352155296005187
-0.2766072154045105, 0.3216237425804138, 0.5198903484443275, 1759352155325087264
0.26323896646499634, 0.09296923875808716, 0.47735207700529025, 1759352155356176639
-0.01205134391784668, -0.07425147294998169, 0.4757569230613067, 1759352155387203318
-0.31065887212753296, 0.1146162748336792, 0.4689882185144844, 1759352155418929966
0.20904213190078735, 0.025676190853118896, 0.5499577313217925, 1759352155446314358
-0.43185317516326904, 0.23599642515182495, 0.5084611210460452, 1759352155476342893
0.4227181673049927, 0.22334909439086914, 0.4896362987795722, 1759352155506434348
-0.3863139748573303, -0.35259896516799927, 0.480515701462933, 1759352155536499385
-0.03862804174423218, 0.34801506996154785, 0.49695428398105274, 1759352155566567807
-0.16615933179855347, 0.154241681098938, 0.5336381465546437, 1759352155596679516
0.06611210107803345, 0.08906543254852295, 0.5323498935670227, 1759352155626770641
-0.26915258169174194, 0.04218798875808716, 0.46134145489024075, 1759352155659005785
0.07412856817245483, -0.16004997491836548, 0.5382354832273216, 1759352155686899696
-0.13071537017822266, 0.29888272285461426, 0.5347691057209002, 1759352155715123697
0.3344065546989441, 0.41458839178085327, 0.4729418578760455, 1759352155746943907
-0.5221477150917053, -0.5475678443908691, 0.48632197987237197, 1759352155777013619
-0.26223284006118774, 0.30154311656951904, 0.48361074902084955, 1759352155806079356
-0.0764930248260498, 0.6488726139068604, 0.45604745365225835, 1759352155837230378
-0.34658175706863403, -0.4731043577194214, 0.5157996280771664, 1759352155867246854
0.1109156608581543, -0.08082413673400879, 0.5022749773156197, 1759352155899654211
-0.4731405973434448, 0.5399327278137207, 0.5348731385146701, 1759352155929172734
0.6085783243179321, -0.21279966831207275, 0.5204894491045023, 1759352155957421206
0.04936397075653076, -0.23760420083999634, 0.4834661778398547, 1759352155987435477
-0.40919214487075806, 0.0481797456741333, 0.42383539653784386, 1759352156010881004
-0.14000815153121948, -0.05593085289001465, 0.5573293817096056, 1759352156047584639
-0.045602500438690186, -0.329384982585907, 0.5154664431519336, 1759352156077649257
-0.4653472304344177, 0.5521572232246399, 0.4831710714707861, 1759352156107716135
0.6801462173461914, -0.06986629962921143, 0.4878360941648762, 1759352156139253071
-0.40563422441482544, -0.21581482887268066, 0.48073710582487816, 1759352156170868443
-0.2160298228263855, 0.37856525182724, 0.5743871418722559, 1759352156197943981
-0.14029860496520996, 0.2972472310066223, 0.5055546970436937, 1759352156227922686
-0.14614808559417725, -0.06653136014938354, 0.4636426784196721, 1759352156258010372
0.014580070972442627, -0.21460819244384766, 0.4904431952866607, 1759352156288065855
-0.3383721113204956, 0.0013291239738464355, 0.5060715109500105, 1759352156318172978
0.16163045167922974, 0.2002720832824707, 0.5037462742838441, 1759352156348239595
-0.142611563205719, 0.1443234086036682, 0.5076383417136877, 1759352156379033747
0.2702539563179016, -0.023143351078033447, 0.4604416288489387, 1759352156411320103
-0.026042401790618896, 0.15409570932388306, 0.5449486309996266, 1759352156438458171
0.018337607383728027, 0.04006969928741455, 0.5142680532165503, 1759352156468521438
-0.558253824710846, 0.4040546417236328, 0.4929852433037196, 1759352156498681968
0.6207888126373291, 0.19919437170028687, 0.511590640301369, 1759352156528584880
-0.5085753202438354, -0.4498654007911682, 0.5107023429168094, 1759352156558649890
0.29789888858795166, 0.4230128526687622, 0.48453565110286567, 1759352156588707088
-0.08838909864425659, 0.6710544228553772, 0.49920434175330497, 1759352156619025180
-0.4928532838821411, -0.6559093594551086, 0.4644658359530194, 1759352156651255472
-0.06510376930236816, 0.27388906478881836, 0.5160577437570502, 1759352156681091315
0.4967178702354431, 0.7848381996154785, 0.5720503081460394, 1759352156708941132
-0.1896449327468872, -0.48954302072525024, 0.5271234213343141, 1759352156738987175
-0.006441295146942139, -0.08378452062606812, 0.5090722069357695, 1759352156769065897
0.13210934400558472, 0.6307885646820068, 0.5178041658977346, 1759352156798147277
-0.20942825078964233, -0.09528982639312744, 0.4678813194218866, 1759352156829264118
-0.008204400539398193, -0.3748079538345337, 0.47876017165612483, 1759352156859574282
-0.42002564668655396, 0.5269613265991211, 0.478398151260317, 1759352156891033279
0.07403391599655151, 0.05822676420211792, 0.5050338439006005, 1759352156922634536
0.028702080249786377, -0.3960075378417969, 0.580076880894012, 1759352156959503738
0.16794008016586304, -0.09632056951522827, 0.4963350576481214, 1759352156989523950
-0.3970441222190857, 0.5105189085006714, 0.497221089574458, 1759352157019619801
0.07119095325469971, -0.024953007698059082, 0.4837684402068358, 1759352157051347122
-0.06133347749710083, 0.1778707504272461, 0.46991336714059334, 1759352157083023213
0.3479235768318176, 0.2807313799858093, 0.5387235540843629, 1759352157109816536
-0.3163830041885376, 0.09908831119537354, 0.4913381930331537, 1759352157139903186
-0.20399689674377441, 0.19375228881835938, 0.5024150630519362, 1759352157169942792
-0.0651279091835022, -0.03285902738571167, 0.5313365563694915, 1759352157200067944
-0.08822554349899292, 0.14470386505126953, 0.5439370359697656, 1759352157229162528
0.0806429386138916, 0.0544169545173645, 0.47334987431504927, 1759352157260258066
0.3805287480354309, 0.13084352016448975, 0.48236072207563796, 1759352157290971977
-0.1684628129005432, 0.13905036449432373, 0.4818192421650333, 1759352157322903727
-0.39729905128479004, -0.209292471408844, 0.5556219890907242, 1759352157350431336
-0.316606342792511, 0.0664510726928711, 0.4726170965734421, 1759352157380408936
-0.6668881773948669, 0.21788090467453003, 0.4210367243838386, 1759352157410466803
-0.15130674839019775, -0.23254597187042236, 0.4107212944218593, 1759352157440521734
-0.21951371431350708, 0.21677470207214355, 0.4299749505041418, 1759352157470707486
0.8320838212966919, 0.3935122489929199, 0.4767020975829751, 1759352157500624028
0.6361292600631714, -0.13418066501617432, 0.4693551988366547, 1759352157530985266
0.6195046901702881, 0.36447376012802124, 0.43914473319180536, 1759352157563324166
0.07835555076599121, -0.07515054941177368, 0.5386625445638387, 1759352157590855386
-0.02086251974105835, -0.04357790946960449, 0.5041273981520284, 1759352157621499953
-0.11884415149688721, 0.6759795546531677, 0.5102071304564005, 1759352157651538651
-0.33732128143310547, -0.2393590211868286, 0.5053796573574844, 1759352157681483495
-0.04656928777694702, -0.3457169532775879, 0.4839612689368768, 1759352157711568476
-0.1121830940246582, 0.7566470503807068, 0.5135960646339436, 1759352157741502976
-0.23335391283035278, -0.14964890480041504, 0.5163992109633626, 1759352157771651997
0.04151874780654907, -0.4557740092277527, 0.47304723335657234, 1759352157802953415
0.15183866024017334, 0.781754195690155, 0.5001794321686962, 1759352157834040688
0.13032084703445435, 0.278566837310791, 0.5181282507511532, 1759352157861618378
-0.5319672226905823, -0.34615689516067505, 0.47095436590077006, 1759352157891696413
0.5797500610351562, 0.16826707124710083, 0.5133870493816125, 1759352157921740380
-0.4150198698043823, 0.25446999073028564, 0.5332094086519285, 1759352157951799690
0.030764222145080566, -0.17314636707305908, 0.5403195657804413, 1759352157981762167
-0.001540541648864746, 0.09174740314483643, 0.507700249400704, 1759352158011881238
0.10355395078659058, 0.08453536033630371, 0.47987941307434134, 1759352158043290433
-0.2785472869873047, 0.3102344870567322, 0.4906360927747116, 1759352158075361927
0.4190925359725952, 0.0971825122833252, 0.5753641586801774, 1759352158102319440
-0.3778895139694214, 0.053053319454193115, 0.4962560313419166, 1759352158132054601
0.1594976782798767, -0.0018680095672607422, 0.49184092315203587, 1759352158162043107
-0.08970856666564941, 0.16893672943115234, 0.49013107878253637, 1759352158192077260
0.2992895245552063, 0.22906190156936646, 0.5214770910950669, 1759352158221106658
-0.48317694664001465, 0.1440708041191101, 0.48396832940824774, 1759352158252204453
0.3393641710281372, -0.009877800941467285, 0.4954295760439958, 1759352158281923235
0.10200333595275879, 0.04066532850265503, 0.47201080697015846, 1759352158315229263
-0.25863754749298096, 0.4154425859451294, 0.5896406620582493, 1759352158342534298
0.1322622299194336, -0.23745721578598022, 0.5125723031267567, 1759352158372468434
0.12403911352157593, -0.19690155982971191, 0.5037793807224836, 1759352158402775741
0.17182230949401855, 0.9073622822761536, 0.5126939769142365, 1759352158432598428
-0.5612092614173889, -0.3914068341255188, 0.48937315482303895, 1759352158462672672
0.5315118432044983, -0.5001247525215149, 0.4980730474229251, 1759352158492948681
-0.1697494387626648, 1.1472185850143433, 0.5022763267487136, 1759352158523409853
-0.35779261589050293, -0.4824678301811218, 0.4786195854525481, 1759352158554965100
0.14878195524215698, -0.512686014175415, 0.5328689296351365, 1759352158582916774
0.3223271369934082, 1.2609970569610596, 0.4940461321575175, 1759352158612997460
-0.5276983380317688, -0.0775611400604248, 0.49534450964334525, 1759352158643025007
0.24681484699249268, -0.6628147959709167, 0.48978397174698696, 1759352158673068593
0.2875518798828125, 0.9373865127563477, 0.5129995854990692, 1759352158702131240
-0.2537453770637512, 0.10669600963592529, 0.4689007698464181, 1759352158733202134
0.15777063369750977, -0.19175052642822266, 0.4873715276774855, 1759352158763260677
0.10668665170669556, 0.049098312854766846, 0.4939841267777102, 1759352158795001174
0.08514726161956787, 0.16993683576583862, 0.5099446042483121, 1759352158826092431
-0.36070120334625244, 0.09213083982467651, 0.5393063745732498, 1759352158853603537
0.32074397802352905, -0.11647367477416992, 0.4854573137608652, 1759352158883579866
-0.3684845566749573, 0.10503733158111572, 0.4930624385680889, 1759352158913617003
0.5496665835380554, 0.16312307119369507, 0.49665349593839675, 1759352158943659827
-0.13284552097320557, 0.038143813610076904, 0.5019784996494464, 1759352158973949085
-0.08621788024902344, 0.22196096181869507, 0.49582904755747836, 1759352159003772714
-0.23455393314361572, 0.08458125591278076, 0.46079710273823604, 1759352159035449021
0.6102588176727295, 0.1551058292388916, 0.4794122861491312, 1759352159067075251
-0.33793526887893677, 0.13594341278076172, 0.605904164625561, 1759352159094017424
0.08917385339736938, -0.015417218208312988, 0.5285334923613861, 1759352159124044843
0.014709413051605225, 0.03460735082626343, 0.4926555185184497, 1759352159153108455
-0.03796243667602539, -0.016467571258544922, 0.46477932015944773, 1759352159184157921
0.0893816351890564, 0.23225730657577515, 0.5022531531567337, 1759352159214220621
-0.5746644139289856, -0.1678815484046936, 0.5063175793863043, 1759352159244273151
0.6468050479888916, -0.033594608306884766, 0.5006992614086296, 1759352159274260960
-0.590487539768219, 0.646753191947937, 0.4424494098452719, 1759352159306998654
0.514011025428772, -0.42835378646850586, 0.5276566769194244, 1759352159334529853
-0.09017449617385864, -0.1315574049949646, 0.5176331008513695, 1759352159364542956
0.5651246905326843, 1.0249912738800049, 0.5243163986457973, 1759352159394657668
-0.40483760833740234, -0.306172251701355, 0.5206348186114501, 1759352159424712153
0.12317287921905518, -0.3878157138824463, 0.4920275438859651, 1759352159454778857
0.20066547393798828, 1.0132209062576294, 0.48663583901761376, 1759352159484792040
-0.39802414178848267, -0.32134145498275757, 0.48430097612391243, 1759352159515019708
0.568239688873291, -0.5688783526420593, 0.4529137799124269, 1759352159547435523
-0.1687970757484436, 0.8927475214004517, 0.5832209692896305, 1759352159575010862
-0.08363467454910278, 0.1275894045829773, 0.5025992656217998, 1759352159605080436
-0.48153358697891235, -0.3727179169654846, 0.49297040737457204, 1759352159635198745
0.1181788444519043, -0.374194860458374, 0.5386734137389659, 1759352159664341666
-0.23473548889160156, 0.5763481259346008, 0.5040133304331343, 1759352159695291509
0.3886600136756897, 0.05891573429107666, 0.4943981896452584, 1759352159725301850
-0.3934307098388672, -0.25807827711105347, 0.48439534107677557, 1759352159754369232
0.41008323431015015, 0.2807089686393738, 0.4437943120521161, 1759352159787037196
-0.10994869470596313, 0.1504603624343872, 0.4999013665450413, 1759352159817751050
-0.22153228521347046, -0.22273343801498413, 0.5527247211306455, 1759352159845625582
-0.226179301738739, 0.3118854761123657, 0.5381538887593288, 1759352159875611474
0.2732124328613281, 0.2190224528312683, 0.5214648782480233, 1759352159905697591
-0.18711715936660767, -0.03216683864593506, 0.4891296027993715, 1759352159935735515
0.10256564617156982, 0.10435271263122559, 0.490332332553925, 1759352159965808825
-0.03863835334777832, 0.12722182273864746, 0.49678218702791094, 1759352159995887849
-0.12516695261001587, 0.14850223064422607, 0.4853272420267316, 1759352160026127938
0.2690690755844116, -0.1345399022102356, 0.46088515964095994, 1759352160058986503
0.25704002380371094, 0.3120664358139038, 0.5548950088738547, 1759352160096022915
-0.3119148015975952, 0.42339473962783813, 0.5159279961901619, 1759352160126163817
-0.1597387194633484, -0.8977043628692627, 0.5136714287620715, 1759352160156200608
0.5478885769844055, 0.41614097356796265, 0.473797811178263, 1759352160187514485
-0.640402615070343, 0.4189268946647644, 0.4542226345119735, 1759352160219292039
0.006769061088562012, -0.7171011567115784, 0.5567941819222615, 1759352160246436353
0.3517388105392456, 0.4101685881614685, 0.5085874963771099, 1759352160276381734
-0.27285492420196533, 0.5634908676147461, 0.49649300594624135, 1759352160306492134
-0.1310402750968933, -0.43522578477859497, 0.5039194933500639, 1759352160336525190
0.10058653354644775, -0.10458910465240479, 0.5050277344090721, 1759352160366641361
0.043012917041778564, 0.538366436958313, 0.5335328211868164, 1759352160396717927
0.33937132358551025, -0.2495926022529602, 0.5226760990113559, 1759352160427084501
-0.47182995080947876, -0.33572691679000854, 0.4642579661126893, 1759352160459386631
0.376306414604187, -0.10482525825500488, 0.5437636734718474, 1759352160486937954
0.06292736530303955, 0.5323906540870667, 0.4898160951355407, 1759352160516929864
0.1951887607574463, -0.18473035097122192, 0.48454287113770245, 1759352160546998973
-0.506534993648529, 0.1375904679298401, 0.49371475075666155, 1759352160577029090
0.10841888189315796, 0.08795839548110962, 0.4807049022411795, 1759352160607093211
0.2971295118331909, -0.002096116542816162, 0.49240899835420837, 1759352160637179315
-0.2649577856063843, 0.16291296482086182, 0.5210508624354053, 1759352160667333229
0.4633414149284363, -0.03155243396759033, 0.4928687552613703, 1759352160699772149
-0.1743549108505249, 0.12819498777389526, 0.5063754031710828, 1759352160729629892
-0.004703521728515625, 0.10929185152053833, 0.5243943281645721, 1759352160757545043
-0.2946767807006836, -0.2426753044128418, 0.48778725400424416, 1759352160787513673
0.5179764628410339, 0.1631186604499817, 0.5028546458291596, 1759352160817579655
-0.20325088500976562, 0.12302917242050171, 0.5270761538124205, 1759352160847640687
-0.29636603593826294, 0.29444730281829834, 0.5029433541727367, 1759352160877710484
-0.016150295734405518, 0.17938506603240967, 0.4871557608765709, 1759352160907812871
-0.12344735860824585, -0.33778655529022217, 0.48432011459967444, 1759352160939570546
0.08375942707061768, 0.225624680519104, 0.4835780197789863, 1759352160971231568
-0.09345430135726929, 0.24093395471572876, 0.5907571529206934, 1759352160998033189
0.2568866014480591, -0.534067690372467, 0.49437382990316237, 1759352161028034122
-0.1284043788909912, 0.34161144495010376, 0.4702775655016848, 1759352161058047492
0.3470911979675293, 0.49831581115722656, 0.5078043717438248, 1759352161087135281
-0.48033833503723145, -0.5140172839164734, 0.47140991568202806, 1759352161118166901
0.2147831916809082, 0.07046478986740112, 0.5093885188233018, 1759352161148286583
-0.1499953269958496, 0.3966062068939209, 0.5065651279434802, 1759352161179595744
0.2933189868927002, -0.6772052645683289, 0.46365183279398564, 1759352161211903103
0.044631779193878174, -0.005087137222290039, 0.5747873290379791, 1759352161238568997
0.2322661280632019, 0.40144455432891846, 0.4982915407126626, 1759352161268746297
-0.2917012572288513, 0.5832148790359497, 0.502036746910037, 1759352161298564744
0.21640151739120483, -0.7469242811203003, 0.49462031522696337, 1759352161328620957
-0.09954613447189331, 0.08899402618408203, 0.4711362510040019, 1759352161358684164
0.26151973009109497, 0.5622305870056152, 0.4911023502329204, 1759352161388809470
-0.23668664693832397, -0.41778457164764404, 0.5110162770877628, 1759352161419247421
-0.3466692566871643, 0.1891411542892456, 0.4930451053458933, 1759352161451882478
0.22008126974105835, 0.5782867670059204, 0.5827395773865893, 1759352161479297931
-0.10344189405441284, -0.28005874156951904, 0.5137449978881997, 1759352161509058296
0.2438448667526245, -0.15833663940429688, 0.5071666112058232, 1759352161539057756
-0.25149625539779663, 0.030105113983154297, 0.5445106565787827, 1759352161568138161
0.292472779750824, -0.0162389874458313, 0.4941766624148866, 1759352161599172073
-0.2815757393836975, 0.0884971022605896, 0.48921458104461696, 1759352161629249368
0.17489242553710938, -0.04664868116378784, 0.4784268521212821, 1759352161659767929
0.004392564296722412, 0.15639597177505493, 0.4768839706517269, 1759352161691282507
0.19555330276489258, -0.11495441198348999, 0.4932107151550186, 1759352161722694557
-0.38631999492645264, 0.025422871112823486, 0.5792206631204891, 1759352161749589695
0.7440271973609924, 0.38301724195480347, 0.5003647443619604, 1759352161779621695
-0.17093956470489502, -0.15197861194610596, 0.5054308530616176, 1759352161809696284
-0.0014380812644958496, 0.025623321533203125, 0.5241000916042412, 1759352161839720864
0.26008474826812744, 0.40312331914901733, 0.5176445395553523, 1759352161869782642
-0.33817368745803833, -0.5144323110580444, 0.4905359231320248, 1759352161899843554
0.12374186515808105, 0.251397967338562, 0.4481370382877275, 1759352161931390223
-0.5464800000190735, 0.3613048791885376, 0.4522479380812271, 1759352161963738936
0.5127833485603333, -0.6285868287086487, 0.5921441778555367, 1759352161990214658
-0.29556238651275635, 0.3170754909515381, 0.5133869132878646, 1759352162020267814
0.7438816428184509, 0.35377389192581177, 0.5019149644748214, 1759352162050345326
-0.401630163192749, 0.3996501564979553, 0.48138339691863524, 1759352162080270149
0.22959941625595093, -0.7244836688041687, 0.4753416310769384, 1759352162110312846
0.021266400814056396, 0.14114946126937866, 0.5031119532202514, 1759352162140373738
-0.005608081817626953, 0.8215243816375732, 0.47990293182083316, 1759352162171755750
-0.47718900442123413, -0.5178247094154358, 0.48389002946819, 1759352162203363024
-0.003593266010284424, -0.1945013403892517, 0.5785982651119597, 1759352162230589299
0.07192063331604004, 0.4181058406829834, 0.5251940435841075, 1759352162260624399
-0.033112168312072754, -0.23671501874923706, 0.5142766327355812, 1759352162290708050
-0.04584801197052002, 0.02317488193511963, 0.5009150924806112, 1759352162320790049
-0.07646441459655762, 0.19033020734786987, 0.5022392383442281, 1759352162350791506
0.3847121000289917, -0.053890109062194824, 0.47928094683336453, 1759352162380865327
-0.4683920741081238, -0.03016561269760132, 0.47776892101047275, 1759352162411819663
0.35249948501586914, 0.029998302459716797, 0.4897685368547866, 1759352162443220810
-0.45557475090026855, 0.06211036443710327, 0.5622068430512711, 1759352162470122739
0.48908013105392456, -0.11858075857162476, 0.46913936971954123, 1759352162501723495
-0.26781338453292847, 0.02415323257446289, 0.499576622670217, 1759352162531753113
0.677300751209259, 0.2420351505279541, 0.5029344469867121, 1759352162561836155
-0.24511945247650146, -0.022072136402130127, 0.5261418953356064, 1759352162591821122
-0.06495881080627441, 0.24032330513000488, 0.5075493768733372, 1759352162621869840
-0.0540158748626709, 0.1501295566558838, 0.482180430626922, 1759352162651873823
-0.23192346096038818, -0.3908451199531555, 0.47539359498993183, 1759352162683643292
0.30084919929504395, 0.24556505680084229, 0.5074455613049259, 1759352162714362426
-0.45371806621551514, 0.28786152601242065, 0.5917865276126082, 1759352162741944013
0.21670031547546387, -0.7449455261230469, 0.5152383610401146, 1759352162771976637
-0.3031579256057739, 0.42258965969085693, 0.5024834761792547, 1759352162802027077
0.4481967091560364, 0.5881045460700989, 0.5041873260814153, 1759352162832309184
-0.6921306848526001, -0.02942979335784912, 0.49221163570492465, 1759352162862241604
0.31629514694213867, -0.7821155190467834, 0.49523958742906593, 1759352162892236905
-0.028388261795043945, 0.6856210231781006, 0.48224689184980746, 1759352162923299157
-0.19123709201812744, 0.7307472825050354, 0.4369244525828292, 1759352162955484482
-0.15201574563980103, -0.7794729471206665, 0.5565147251176304, 1759352162982291857
0.050171732902526855, 0.08044314384460449, 0.5181303066250516, 1759352163012201600
-0.2796518802642822, 0.5888059735298157, 0.5370622995519969, 1759352163042299158
0.039129674434661865, -0.6021177768707275, 0.5250486095625103, 1759352163072281946
-0.08330333232879639, -0.0755462646484375, 0.4848337884453697, 1759352163102362704
-0.2144361138343811, 0.37961721420288086, 0.48984717659149596, 1759352163132416112
0.18158239126205444, -0.3436472415924072, 0.521192059265449, 1759352163163208046
-0.3331320285797119, 0.33077847957611084, 0.4943301487188638, 1759352163195883937
0.24231839179992676, 0.42479997873306274, 0.5621075696632063, 1759352163222643382
-0.5083574652671814, -0.4758491516113281, 0.4528629211498702, 1759352163252731743
0.2895216941833496, -0.02947312593460083, 0.47997770813350743, 1759352163282765200
-0.1965586543083191, 0.18193107843399048, 0.5207560689901098, 1759352163312872724
0.03854036331176758, 0.003242313861846924, 0.5287222439526819, 1759352163342911276
-0.28243768215179443, 0.06603777408599854, 0.4966490993137519, 1759352163372942614
0.06870120763778687, -0.17220616340637207, 0.4898593884645621, 1759352163403197905
-0.1309981346130371, 0.06897085905075073, 0.4699735154376425, 1759352163435240661
-0.04148048162460327, 0.03631824254989624, 0.5463145566804557, 1759352163463432529
0.12714821100234985, 0.2512117028236389, 0.5100096396627726, 1759352163493286107
-0.15499073266983032, 0.25207650661468506, 0.48605250675469147, 1759352163523257760
0.16838693618774414, -0.4720712900161743, 0.4979763317467131, 1759352163553307606
-0.12148749828338623, 0.25367456674575806, 0.5215521740506115, 1759352163583401262
0.33658212423324585, 0.4058874249458313, 0.49194341364142474, 1759352163613479130
-0.756114661693573, -0.3982815742492676, 0.47697325568892723, 1759352163643877075
0.5359800457954407, -0.35650062561035156, 0.46350554896984614, 1759352163675246712
-0.34638524055480957, 0.5371536612510681, 0.4728172392471292, 1759352163706172920
