x, y, th, stamp, 
0.0, 0.0, 0.0, 1759352046085239702
0.0, 0.0, 0.0, 1759352046135432884
0.0, 0.0, 0.0, 1759352046186452299
0.0, 0.0, 0.0, 1759352046245743646
0.0, 0.0, 0.0, 1759352046295319421
0.0, 0.0, 0.0, 1759352046345374499
0.0, 0.0, 0.0, 1759352046395465307
0.0, 0.0, 0.0, 1759352046435428015
0.0, 0.0, 0.0, 1759352046485440245
0.0, 0.0, 0.0, 1759352046535456826
0.0, 0.0, 0.0, 1759352046631853982
-3.6723954017077764e-07, 3.4133432306404354e-07, 0.0, 1759352046691295506
0.0, 0.0, 1.2156903039794997e-06, 1759352046740324970
-4.362497076162994e-07, 4.0547652250022673e-07, -4.764703589899e-06, 1759352046790363463
0.0, 0.0, 1.1908608712474233e-06, 1759352046840415192
0.0, 0.0, 0.0, 1759352046892929469
0.0, 0.0, 0.0, 1759352046930219284
0.0, 0.0, -1.1749291388696292e-06, 1759352046980949700
0.0, 0.0, 3.271487457823241e-06, 1759352047145224251
0.0, 0.0, 2.3344666715274798e-06, 1759352047196289141
0.0, 0.0, -1.1903114227607148e-06, 1759352047285346338
0.0, 0.0, 0.0, 1759352047335353603
0.0, 0.0, 0.0, 1759352047385586931
3.652315396114872e-07, -3.3946825854698687e-07, 4.986308340448886e-06, 1759352047445355243
0.0, 0.0, 3.581499640858965e-06, 1759352047495282355
-4.3664845584489037e-07, 4.058479325808285e-07, 1.1922656995011494e-06, 1759352047545275108
0.0, 0.0, 0.0, 1759352047591343727
0.0, 0.0, 0.0, 1759352047635280152
0.0, 0.0, 1.1911453157154028e-06, 1759352047685319928
0.0, 0.0, 0.0, 1759352047735334435
0.0, 0.0, 1.180290041702392e-06, 1759352047785834434
0.0, 0.0, 0.0, 1759352047831944168
0.0, 0.0, 0.0, 1759352047895421061
0.0, 0.0, 1.1719073427229887e-06, 1759352047946282288
0.0, 0.0, 0.0, 1759352047992290422
0.0, 0.0, 0.0, 1759352048035290979
0.0, 0.0, 1.1923926876988844e-06, 1759352048085278406
0.0, 0.0, 0.0, 1759352048135339209
0.0, 0.0, -1.2542423064587638e-06, 1759352048182861642
0.0, 0.0, 1.2055338629579637e-06, 1759352048232304172
-1.4899686105532591e-05, 1.739977215915164e-05, -0.00017036985082086176, 1759352048341391350
0.002404327799653333, -0.0011500395643211478, 0.018809320405125618, 1759352048393345281
0.05255580973153994, 0.002752459563080845, 0.14712677896022797, 1759352048435298342
0.09202718939118741, 0.009747990508822415, 0.2064121812582016, 1759352048485304671
0.1256589424731369, 0.006851710973973271, 0.29152366518974304, 1759352048535462150
0.1598640587097118, 0.010035733765451837, 0.3954642415046692, 1759352048583284318
0.19388791287470347, 0.007453920029592164, 0.4653426706790924, 1759352048633542448
0.2114347284842884, 0.0020135548178890927, 0.5012784600257874, 1759352048695643576
0.2175877005700379, 0.0017357382435454387, 0.4658268988132477, 1759352048743307011
0.19871531228484435, -0.0035684893677753377, 0.5026519894599915, 1759352048836301487
0.19579437757062745, 0.003193520873971328, 0.4911002218723297, 1759352048886293512
0.1929292520341302, -0.0014375543632012822, 0.48585617542266846, 1759352048937446616
0.2012058801009262, 0.0034431165815938915, 0.48994457721710205, 1759352048984288148
0.19757408217487693, 0.0013512512223280311, 0.4880410134792328, 1759352049035909735
0.18601565814757737, 0.0002422558452835629, 0.5369100570678711, 1759352049076860990
0.19862273645701234, 0.003163400910369813, 0.5200536251068115, 1759352049145303788
0.20278631368754954, 0.0015285515571297301, 0.5136347413063049, 1759352049195341267
0.2038489030366421, 0.004480300152044087, 0.4919845759868622, 1759352049235306464
0.19692209697092436, 0.0014634660168377056, 0.48719316720962524, 1759352049285285633
0.1936071592582709, 0.0004464760079403457, 0.5293035507202148, 1759352049335456684
0.1927796639660289, 0.0017958737063876286, 0.5313799381256104, 1759352049385286205
0.19672800869203821, 0.0002432399860955105, 0.5000042915344238, 1759352049435707960
0.204282989980434, 0.004112108916856413, 0.5034301280975342, 1759352049495869533
0.19600498465056745, 0.0006276706708238257, 0.48883217573165894, 1759352049545294848
0.1944222699648376, 0.002986388002780322, 0.5188299417495728, 1759352049595315747
0.20436658179146053, 0.0008922422277350547, 0.5335195660591125, 1759352049635334523
0.20073063415229545, 0.0016403463223472736, 0.49873101711273193, 1759352049685294256
0.19969086466996241, 0.0018443699279320214, 0.4897182881832123, 1759352049735277160
0.20235255384638737, -0.0003353666962489558, 0.5105016827583313, 1759352049785317809
0.19146702815213423, 0.005987542295154695, 0.4841865003108978, 1759352049846331178
0.2039394465820126, 0.0018180850942761215, 0.5149340033531189, 1759352049875746890
0.19986731173543965, 0.0019221296761616842, 0.516995370388031, 1759352049945321005
0.19709702094083648, 0.0035104777995291145, 0.48399919271469116, 1759352049995330863
0.20108137794833927, -0.00044417567906336955, 0.4988497495651245, 1759352050035357701
0.1925897062148586, 0.0014205375644073858, 0.5247192978858948, 1759352050086328644
0.1955742004272438, 0.004570125401975043, 0.5246350765228271, 1759352050135282873
0.19936098776001532, 0.00012446201847947976, 0.5296099185943604, 1759352050185301552
0.19562735759262562, 0.0006424115858442829, 0.4986034631729126, 1759352050245449350
0.21139645799521403, 0.003553518433870845, 0.4963039755821228, 1759352050275369849
0.1987170772609728, 0.0005050556117079507, 0.5194194912910461, 1759352050345325679
0.19336875376468687, 0.0024910942066021834, 0.4920554757118225, 1759352050395521544
0.1952520980011114, 0.0005710353481589173, 0.496221661567688, 1759352050435410589
0.198594992120495, 0.002231357696238776, 0.5013939142227173, 1759352050485817073
0.20109358686380732, -0.00014269479636100032, 0.5134246945381165, 1759352050535334957
0.2009717409932918, 0.004299091896888848, 0.5063865184783936, 1759352050585218682
0.19739629107736, 0.0028580486744157673, 0.5102283358573914, 1759352050635552258
0.19733083449161462, -0.0019126891510424212, 0.5258855223655701, 1759352050676359386
0.19894842119349665, 0.0028744502749531034, 0.48978567123413086, 1759352050745645055
0.2042283159941906, -0.00015896154044807412, 0.4933582544326782, 1759352050795418421
0.19170454954617647, -0.0015354910726590402, 0.4735029637813568, 1759352050836317397
0.19866473569682985, 0.005354525463481875, 0.5116142630577087, 1759352050885321742
0.19606874759161794, -0.0016515655556847064, 0.5339013338088989, 1759352050935325548
0.20062877335401202, 0.0035359464757023376, 0.5002644062042236, 1759352050985412023
0.19730755664439809, 0.002988271539295778, 0.5027574300765991, 1759352051035380668
0.20534787765857018, 0.002625355434006585, 0.5006265044212341, 1759352051095665087
0.19918248493167118, 0.0019829455041666887, 0.4767876863479614, 1759352051145566891
0.19284992005561208, 0.0016459410193414438, 0.529744565486908, 1759352051195508166
0.20335874135398802, 0.0036541909408932625, 0.5155912041664124, 1759352051235495982
0.19684639239532933, 4.170421500044876e-05, 0.48594364523887634, 1759352051285462976
0.19882803481489555, 0.004325416048629318, 0.4824598431587219, 1759352051332367890
0.20480436181151526, 0.0005185988717083805, 0.5105054974555969, 1759352051381326184
0.19138259217148523, 0.000699459341247835, 0.49708592891693115, 1759352051432088212
0.20224675671083328, 0.002795598575675868, 0.5104238390922546, 1759352051479470055
0.20125161130850622, 0.0016673745793811966, 0.5097822546958923, 1759352051542095108
0.20057419320272174, 0.00440464024892882, 0.4770057797431946, 1759352051590503363
0.19956032519587855, -2.682492286077988e-06, 0.4906814694404602, 1759352051640498083
0.19354007420105224, 0.00013829294484725893, 0.5299389958381653, 1759352051690568485
0.196476724145821, 0.0009020546749637718, 0.5125067830085754, 1759352051730308615
0.1984010226934842, 0.001109751386797157, 0.5081144571304321, 1759352051780465067
0.20159495099464533, 0.002618985434485524, 0.5030369758605957, 1759352051835618766
0.20015758696239108, 0.0010192260675711015, 0.4870048761367798, 1759352051895511044
0.20120576691523848, 0.002579263902726872, 0.5113152265548706, 1759352051945286027
0.18978018943716457, -0.0010860134895890787, 0.5196440815925598, 1759352051996358488
0.2058997948694451, 0.0024331830269346843, 0.5127595663070679, 1759352052035364017
0.1975566215670855, 0.0009056191850628064, 0.5173901915550232, 1759352052085365241
0.2009603527125491, -0.0026724381387412672, 0.48656290769577026, 1759352052135317522
0.19331977613647963, 0.0026058335597938164, 0.47915059328079224, 1759352052185413350
0.20233055002501493, 0.0004956799335824418, 0.49234479665756226, 1759352052236420685
0.20191725171460223, -0.0020828752770996367, 0.51284259557724, 1759352052295419680
0.20065368521134305, 0.004404947508587671, 0.49501943588256836, 1759352052345295611
0.200132030319675, 0.00025264525357977503, 0.5004852414131165, 1759352052391371417
0.1980172187802852, 0.00017053524134496957, 0.49756497144699097, 1759352052435400082
0.1954072299039396, 0.005672371250564458, 0.5242400169372559, 1759352052485369566
0.2035470279950305, 0.00010012698650530114, 0.5271624326705933, 1759352052535362342
0.19473784309167952, 0.0008498485384656929, 0.4927722215652466, 1759352052585454235
0.20059921258369925, 0.0007321143705888627, 0.4772762954235077, 1759352052632036146
0.20016161562478121, 0.00023423049953181694, 0.5120197534561157, 1759352052695434474
0.1901563384302367, 0.0019886701338500817, 0.4912993013858795, 1759352052746370557
0.20013808767928998, 0.0033237266575274482, 0.5180333256721497, 1759352052792373697
0.20201657577357607, -0.0018138436453040425, 0.5058289170265198, 1759352052835488882
0.20056798484581007, 0.002852670921537329, 0.48461204767227173, 1759352052885414310
0.1984097418545509, 9.382663096424784e-06, 0.5110080242156982, 1759352052935335856
0.19754046405641154, -0.0025229647511742863, 0.5088251233100891, 1759352052986455124
0.19643691410365038, 0.00043234704807623437, 0.5027582049369812, 1759352053032226166
0.1953818060197105, -3.2152166924535704e-05, 0.51522296667099, 1759352053095609403
0.20431962722884323, 0.0007743340499458018, 0.4913197159767151, 1759352053142564337
0.19957635756380893, 0.0034712621313411534, 0.4911995232105255, 1759352053192357088
0.19166338233358926, 0.004940895263143423, 0.4952484965324402, 1759352053235403947
0.20143102072907088, 0.00048279231859937654, 0.5451196432113647, 1759352053285373466
0.19492005407193702, 0.0025211675136220593, 0.49832144379615784, 1759352053335345994
0.20060678376355642, 0.0011799165029042595, 0.5025588274002075, 1759352053383514170
0.19769771312688958, 0.0014516794185665987, 0.505534827709198, 1759352053433761121
0.19616827837664838, 0.0028640160866246923, 0.4855201542377472, 1759352053496040875
0.1995841964390487, 0.0009648889601910933, 0.5121753215789795, 1759352053543580953
0.196327945883353, 0.000276880417514101, 0.5315630435943604, 1759352053593413304
0.19842980229691437, 0.0020816005303520074, 0.49136611819267273, 1759352053635392353
0.2017161589634503, 0.0014380784984643334, 0.507448136806488, 1759352053685348557
0.1888183830665959, -0.002238907483845324, 0.4697866141796112, 1759352053736384460
0.20567577379289653, 0.0019000282380524445, 0.4970898926258087, 1759352053784368672
0.195121636780059, -0.002279143485388792, 0.5092203617095947, 1759352053834828038
0.19430952253051198, 0.0014037228590461006, 0.5003387331962585, 1759352053898023187
0.2063629251291377, 0.0004459715765520844, 0.5034750699996948, 1759352053944393634
0.20266711856986164, 0.0014176277926412164, 0.5090882182121277, 1759352053994393675
0.1936734035172848, 0.002549817926090313, 0.4903406798839569, 1759352054035785747
0.20046827323301908, 0.0019260658941078058, 0.5215587019920349, 1759352054085404539
0.20574967377549022, -0.0025070156500731186, 0.5120363235473633, 1759352054135356384
0.19903123903309786, -6.156481518111853e-05, 0.4949588477611542, 1759352054185390635
0.19794227480860258, 0.001994523654525388, 0.47942984104156494, 1759352054235391021
0.19969252691267525, 0.0024849893635425085, 0.511343240737915, 1759352054295191462
0.19594255608384759, 0.0008347742473478204, 0.5054164528846741, 1759352054345436515
0.19905051756825154, -0.00016234291155783632, 0.5331197381019592, 1759352054395402274
0.20163017560484273, -7.834395401524689e-05, 0.510306179523468, 1759352054435415978
0.193728070032131, -0.0012768249175813013, 0.49180859327316284, 1759352054486410875
0.20636296735031448, 0.0014018887581367353, 0.5032920837402344, 1759352054535368814
0.19817221471442772, -0.00036630910139747076, 0.5109922885894775, 1759352054585435375
0.19265289848248227, 0.001107379153233047, 0.48086902499198914, 1759352054635996361
0.1965495658813662, 0.001129658564436387, 0.5149317383766174, 1759352054675574694
0.19840587310495753, 0.0023159089502145912, 0.5030083656311035, 1759352054745426030
0.19758792582393397, 0.0028073571949187976, 0.48592379689216614, 1759352054795409910
0.19291692471276653, 0.0009565771942877603, 0.5153036117553711, 1759352054835442596
0.19311662368795768, 7.045184812083763e-05, 0.5268281698226929, 1759352054886442571
0.20157886260006894, 0.004445213410061885, 0.5180765390396118, 1759352054935465551
0.1959544676523943, 0.0021012297783067173, 0.49745994806289673, 1759352054985397775
0.19833961975953868, -0.0016518892496267346, 0.5043691396713257, 1759352055036884141
0.19852048306062506, 0.002465530760689002, 0.48638659715652466, 1759352055095440577
0.19695983016266524, 0.0008675995558851943, 0.5055150985717773, 1759352055145417609
0.1950452944766244, -0.001621746155496683, 0.5109002590179443, 1759352055195425170
0.1941086522416664, 0.0017348014387984765, 0.4883635640144348, 1759352055236399464
0.2018948644775167, -0.001215754379555651, 0.5149906873703003, 1759352055285399533
0.20314577167070352, -0.0005468220941850981, 0.4924260973930359, 1759352055335425442
0.19894824874842704, 3.080955591040066e-05, 0.496089905500412, 1759352055385453390
0.19915425745152487, 0.0004948084439188506, 0.5164867639541626, 1759352055445545069
0.1902485133869553, -0.0023084887749306345, 0.4878598749637604, 1759352055476497928
0.20285234170486754, 0.0032557041206581956, 0.4874110817909241, 1759352055545432789
0.20078931534624417, -0.0009388344982842155, 0.4986737072467804, 1759352055595444402
0.18911966714668688, 0.00197671911490311, 0.48055803775787354, 1759352055636609927
0.19905248412373575, 0.003128119504974792, 0.5171201229095459, 1759352055685406031
0.1989247993213056, -0.0005637821712276567, 0.510105550289154, 1759352055735454226
0.1960000665490977, -0.0006906846895992581, 0.4899173676967621, 1759352055785825237
0.20617313052827696, 0.0005970956846115612, 0.5048176646232605, 1759352055835313902
0.19249922141970185, -0.0010240502946502242, 0.492407888174057, 1759352055876908054
0.19389453913100568, 0.0066135074753659075, 0.5151458382606506, 1759352055945923647
0.1987260483410542, -0.000487281590852615, 0.5209797024726868, 1759352055996485116
0.1938805646100888, 0.00011856091061484596, 0.49879249930381775, 1759352056037520809
0.20203270505857482, 0.0046043976778837896, 0.47082069516181946, 1759352056089717396
0.20221837038311266, -0.000914220900190646, 0.5003846287727356, 1759352056131349375
0.18851816844790348, -0.00029401488010291166, 0.5108563303947449, 1759352056181836224
0.19499727934063404, 0.00046723943474405574, 0.5290632843971252, 1759352056236336520
0.20133338194380285, 0.006590634596634796, 0.5019540190696716, 1759352056275969877
0.2012166916185865, 0.00029102917118723794, 0.5018829703330994, 1759352056345500059
0.2004946146926108, -0.0003690620015400806, 0.4840633273124695, 1759352056396637229
0.1971226782138351, 0.006034509891521725, 0.5181869268417358, 1759352056435802331
0.19844011884216628, 0.0015947983064019224, 0.5290412306785583, 1759352056485779800
0.19466440729422033, 0.003985905722448094, 0.4950335919857025, 1759352056535877658
0.20298292939447599, 0.0014913771175069745, 0.5069247484207153, 1759352056585417298
0.19915655574486021, 0.00038176379098412306, 0.47874248027801514, 1759352056636701007
0.20224640661437487, 0.0018979717723885871, 0.4849901497364044, 1759352056695931403
0.19816254293604452, 0.0046994643538565825, 0.5472301840782166, 1759352056745539297
0.19407204975032508, 0.001457229913730463, 0.5305010080337524, 1759352056796436961
0.19388895490985608, 0.00483204616768816, 0.5080872774124146, 1759352056835508721
0.20688042180664953, -0.0015483857748909138, 0.5024426579475403, 1759352056885450180
0.19740861879646246, 0.0026469535803238828, 0.4833931624889374, 1759352056935411393
0.19870521120005932, 0.0055970762669238965, 0.5073578953742981, 1759352056985423416
0.1935946963672324, -0.0011994465784826514, 0.5114151835441589, 1759352057036594475
0.20071149173442931, 0.004291124440225966, 0.48900851607322693, 1759352057095452854
0.2034736087988867, 0.001704054388106812, 0.4900546669960022, 1759352057145421033
0.20011923606805043, 0.002210751660171148, 0.5031533241271973, 1759352057191432104
0.19505506807025186, 0.0051405000728070175, 0.5183679461479187, 1759352057235525938
0.20142895993160315, -9.620213166756988e-05, 0.5025581121444702, 1759352057285440624
0.20078260050545102, 0.0025264159373505086, 0.5135959982872009, 1759352057335411899
0.19858963833094426, -0.0015355874432578344, 0.49219027161598206, 1759352057385447850
0.19996229930861043, -0.0019639162406415727, 0.48987528681755066, 1759352057431125148
0.19555517173137776, 0.0022100363651678338, 0.4939383268356323, 1759352057495760821
0.1952001046434545, 0.0012924928837961236, 0.5057561993598938, 1759352057546462157
0.20116503993557772, 0.0007354076497285286, 0.4911993443965912, 1759352057592487997
0.1987839210497563, -0.0010950590394800115, 0.5205172896385193, 1759352057636486789
0.20014701378365668, 0.0031842583753445824, 0.4953191876411438, 1759352057685529418
0.2008039971978137, 0.00019229768756791067, 0.5126323699951172, 1759352057735420915
0.1953927832077014, 2.6582287863017156e-05, 0.5153290629386902, 1759352057786485092
0.2021511496498122, 0.003111231815155914, 0.4957832098007202, 1759352057832512303
0.2010910588277241, 0.002811238792249318, 0.5016213059425354, 1759352057895525616
0.19493334699480558, -0.0026480750582175603, 0.4859926402568817, 1759352057947502265
0.20208127699722098, 0.0033696815445981992, 0.4767661690711975, 1759352057992471708
0.201781870448098, -0.0009295130470556653, 0.5186614990234375, 1759352058036470947
0.19416184490621255, 2.7844433392333024e-05, 0.519464373588562, 1759352058085429509
0.19887964881863635, 0.0007520101945741936, 0.5088796615600586, 1759352058135460173
0.2032708206341619, 0.0009039220613909981, 0.507142961025238, 1759352058183445194
0.19984605359817692, 0.0035399482148680272, 0.48368892073631287, 1759352058245565450
0.19760669343505308, 0.0016017615583079573, 0.4993010461330414, 1759352058295594569
0.19736659256850547, -0.0024416045972694214, 0.5335073471069336, 1759352058343469231
0.19368714485317548, -0.0014375609295155531, 0.512658417224884, 1759352058393451438
0.19853375531508213, 0.0016280433748868397, 0.5049089193344116, 1759352058435481827
0.20133900966068813, -0.0005224225792988498, 0.5130078792572021, 1759352058486482637
0.195774312742224, 0.004196751029554083, 0.48922523856163025, 1759352058536442447
0.19798202418727198, 0.002284931255057743, 0.49539637565612793, 1759352058584468753
0.2013380123238462, -0.001707087568545475, 0.5385551452636719, 1759352058645233479
0.1944803693638186, 0.003511208469337976, 0.47908657789230347, 1759352058675539452
0.19925639378012877, 0.0004617248387496275, 0.48757410049438477, 1759352058744633536
0.20111113977501724, 0.0015472352879791493, 0.5192859172821045, 1759352058794484597
0.1926276898354935, 0.003181602977889992, 0.5170103311538696, 1759352058836485549
0.19767503281334173, -0.003049594852776691, 0.5089403390884399, 1759352058887502390
0.1941214184149156, -0.00172633456867642, 0.4929080903530121, 1759352058938603195
0.2087031143505461, 0.0047796857313898225, 0.47450822591781616, 1759352058985587392
0.20220622254410123, -0.000651350910621462, 0.48095962405204773, 1759352059035899795
0.19994217047928395, -0.0009567991918662698, 0.521939218044281, 1759352059095183204
0.1958970725810167, 0.003256109898573842, 0.5120439529418945, 1759352059145488496
0.20695053282256462, 0.002015617999691281, 0.5077872276306152, 1759352059195469590
0.1984673344352401, -0.0028359146499852684, 0.4949638545513153, 1759352059235524624
0.19587261637987988, -0.000851683777188074, 0.4918600022792816, 1759352059286445098
0.20532883727814602, 0.0018557709570092024, 0.481132447719574, 1759352059335484079
0.19371764475279105, -0.0017418471793018383, 0.5193143486976624, 1759352059385911925
0.19153105097811107, 0.001356000496082924, 0.5099191069602966, 1759352059436722054
0.20597462297914132, 0.005904472082301382, 0.5046724677085876, 1759352059476005658
0.19915113035901819, 0.0006279799992043661, 0.49633970856666565, 1759352059545731127
0.20126795357380353, 0.0032614375471114268, 0.4992777109146118, 1759352059595528730
0.19466102897900753, -0.0008667312677671491, 0.5293619632720947, 1759352059635563488
0.19650415339214714, -0.0020404884289191147, 0.5230380296707153, 1759352059686476125
0.20337723811789876, 0.0031137145971159466, 0.4955878257751465, 1759352059735458716
0.20205148551351249, -4.703147908122286e-05, 0.5057423114776611, 1759352059785514740
0.1918618266360982, -0.0007099992458595442, 0.4880194365978241, 1759352059847272314
0.20542587278142185, 0.002129375815510098, 0.488077312707901, 1759352059876664045
0.19890485229980692, 0.003610744209655075, 0.5164933204650879, 1759352059945674591
0.19510846969684223, -0.0007926514901487724, 0.4825299084186554, 1759352059996505245
0.20913775851037153, 0.0008181799960366806, 0.49598899483680725, 1759352060036538041
0.20697547316050216, -0.0007542882575344166, 0.49923253059387207, 1759352060085510715
0.19626635383808377, -0.003778833336677614, 0.5055648684501648, 1759352060135682602
0.1972770415124876, 0.0020127188178229783, 0.5231373310089111, 1759352060185547653
0.19618230540151796, -0.0007108720386332201, 0.5210644602775574, 1759352060237087164
0.20021141265643075, 0.003795725666349415, 0.4868691563606262, 1759352060276750271
0.20506252593657595, 0.0016749334385423049, 0.4885508418083191, 1759352060345697431
0.19646919298862833, -0.0009605616237658929, 0.5121392607688904, 1759352060396550635
0.19418569086588805, 0.00038890428048249127, 0.49181026220321655, 1759352060436491517
0.2022022233496784, 0.0017177285923734994, 0.5010508298873901, 1759352060485492626
0.19760258971453004, -0.00024812246307749734, 0.5063629150390625, 1759352060535804265
0.20411268380041478, 0.0005488102671285463, 0.5022317171096802, 1759352060585601854
0.19488732427746921, -0.00012476394185297128, 0.5057746171951294, 1759352060636348597
0.19612891652786366, -0.0018539141608057681, 0.5113903284072876, 1759352060676822942
0.20356039808614243, 0.0018079892101503963, 0.4968220889568329, 1759352060746607905
0.19649177190977066, -0.00045751246553290897, 0.49878746271133423, 1759352060796562585
0.1931042096334224, -0.0006871215569594012, 0.49291497468948364, 1759352060837549116
0.2057090120230516, 0.004440894135020013, 0.48599904775619507, 1759352060885704370
0.19703376937281214, 0.005870936530379289, 0.48996493220329285, 1759352060931958694
0.1947842799006718, 0.0006672587802488113, 0.5279837846755981, 1759352060981890745
0.1999173475037236, 0.002500219698053777, 0.5131113529205322, 1759352061036611382
0.1979683864642156, 0.00017500399685819456, 0.5028245449066162, 1759352061076898146
0.20359227574081945, 0.0003179563558334226, 0.5152079463005066, 1759352061146267769
0.1911611139985248, 0.0017404047269487953, 0.5041589736938477, 1759352061196580804
0.20135072952943683, 0.002387650715333274, 0.519176185131073, 1759352061235663361
0.19530652280320251, -0.0021544946004991854, 0.5056898593902588, 1759352061285954798
0.1998118633330714, 0.004513596811537283, 0.48575490713119507, 1759352061335822921
0.19764169470578974, -0.000989499544462612, 0.5085932016372681, 1759352061386516258
0.19610993052555808, 0.0008026944423043829, 0.5036402344703674, 1759352061436721819
0.19897323218649618, 0.004929475714586477, 0.5171260237693787, 1759352061495587288
0.1976295304028703, -0.003168033042939441, 0.5267815589904785, 1759352061546695874
0.19920364174150484, 0.004013430399711371, 0.47931912541389465, 1759352061596649486
0.2047492369081073, -0.002910866597972406, 0.5137515664100647, 1759352061636523741
0.2036631515327886, 0.002202945717700188, 0.5024512410163879, 1759352061685535852
0.19317280931841802, 0.00019566630749649465, 0.4829714894294739, 1759352061736498488
0.19863190394699848, 0.0010681995703369523, 0.50807124376297, 1759352061786585650
0.19459067262168375, -0.0005709888916816818, 0.4929957091808319, 1759352061837970864
0.20141472895581408, 0.0013863394322983836, 0.49150750041007996, 1759352061896803813
0.20270706807535496, 0.0014333323072059443, 0.49443861842155457, 1759352061946523154
0.19160705772011707, 0.002110419589678989, 0.5388683080673218, 1759352061997518152
0.20426717436502245, 0.0052825933777627026, 0.5187254548072815, 1759352062036542170
0.19561846873371336, 0.0004994984690480948, 0.5108712911605835, 1759352062086540082
0.20401213315394748, 0.00044964854871440765, 0.5130900144577026, 1759352062135498624
0.19814764235358348, 0.002309079641811281, 0.4745408892631531, 1759352062185604793
0.19960133667417695, 0.0058017215451550185, 0.49771562218666077, 1759352062231102293
0.19613454307351053, 0.0011846165826600956, 0.5182676315307617, 1759352062276653990
0.19671842539420056, 0.002547466410786139, 0.48870956897735596, 1759352062346662038
0.2028779362378259, 0.0004895189326090501, 0.5015577673912048, 1759352062392645144
0.20167709534578415, -0.002032582354855771, 0.5036529302597046, 1759352062436551845
0.20734698675748656, 0.003601311739180903, 0.49115678668022156, 1759352062485548335
0.19700271711423442, 0.0008249727430027757, 0.5132924318313599, 1759352062535609424
0.18918166508461, -0.002811108056965864, 0.5328410863876343, 1759352062587605772
0.20314575354645475, 0.002924470208057139, 0.49754026532173157, 1759352062632422923
0.20594573159969787, 0.002377919362790235, 0.48445528745651245, 1759352062695679808
0.19500960765843178, -0.002879057519941822, 0.4816569983959198, 1759352062747499644
0.19977317010380213, 0.005308665978943463, 0.5212610960006714, 1759352062792553739
0.19465623039956442, -0.0005963170429977026, 0.5232081413269043, 1759352062836532211
0.2025581024380895, 0.0016062076734883017, 0.5150083303451538, 1759352062885555714
0.19459668067510957, 0.0017831440092573514, 0.5006474852561951, 1759352062936501421
0.20415304936872192, -0.0006370011300443289, 0.5075424909591675, 1759352062983685911
0.1943436415443866, 0.001032545305865295, 0.48222240805625916, 1759352063033341491
0.19996902361865776, 0.002262036762417933, 0.5005333423614502, 1759352063095768939
0.1955893417061988, -0.002221967038954812, 0.5470296144485474, 1759352063142680923
0.1982990543101651, 0.00721753396240111, 0.4915274381637573, 1759352063193567349
0.19869359308925255, -0.0005924070819905091, 0.49140268564224243, 1759352063236558754
0.20150543157965844, 3.112067814701806e-05, 0.49270740151405334, 1759352063286550414
0.19749601895347718, 0.0036312218338309513, 0.4872007966041565, 1759352063336520730
0.19914253842087035, -0.002379896776651592, 0.5151981115341187, 1759352063384686479
0.19720599618386353, 0.0015283571490812568, 0.5055937767028809, 1759352063434834219
0.19859587969069284, -0.000420319943792289, 0.48540550470352173, 1759352063476639268
0.1983079096480533, 0.004464234262546108, 0.4964495599269867, 1759352063544694639
0.20001839890263287, 0.0012991633657348798, 0.5268983244895935, 1759352063594544598
0.19589357329084184, -0.00034942517407267294, 0.5012643933296204, 1759352063636569034
0.2013186725205056, 0.006388997873835043, 0.5022379755973816, 1759352063686543785
0.19287396615350558, -0.001821559826172286, 0.5139665007591248, 1759352063738561159
0.20437971791738274, 0.005009894359459659, 0.46731698513031006, 1759352063785531433
0.19884792381183028, 0.002169978714174649, 0.5142175555229187, 1759352063835198881
0.1936933007154423, 0.002749035312239857, 0.5324604511260986, 1759352063878417080
0.20197964821447284, 0.003923086302521301, 0.49743980169296265, 1759352063945679026
0.19950270852237967, 0.001768219703697369, 0.5023798942565918, 1759352063996573984
0.1994103458107607, 0.0017072446590699953, 0.49534404277801514, 1759352064036689169
0.19960828646216824, 0.001752013092671151, 0.488148033618927, 1759352064086526249
0.19508017548883771, 0.000418944111485532, 0.5273030400276184, 1759352064136533161
0.19157189034523375, -0.001075579403583963, 0.49053841829299927, 1759352064186704190
0.20290793944552293, 0.0013180467129200308, 0.5052191019058228, 1759352064236600431
0.19587134196451111, -0.0030679579267478456, 0.4925974905490875, 1759352064277028217
0.2009198772698394, 0.004923731030007651, 0.486652672290802, 1759352064346793744
0.1951309778068717, -0.00014885086777926805, 0.5091842412948608, 1759352064396580263
0.19999873905191345, -0.0006031979586512998, 0.5433908104896545, 1759352064436555320
0.1977406551227032, -1.8159345108332004e-05, 0.5048311948776245, 1759352064486584942
0.20319102547690676, -0.0006586975376668325, 0.49233198165893555, 1759352064536542448
0.19536935408962763, -0.0008353926093319225, 0.5037878751754761, 1759352064586561624
0.20064525450597753, 0.004302619176737295, 0.50224769115448, 1759352064636637468
0.19604856256117145, 0.0018337811792726005, 0.5258751511573792, 1759352064696320581
0.1990522571895184, 0.00045644118100172845, 0.4796009361743927, 1759352064746660309
0.19905351976346652, -0.001246392818710865, 0.5009775161743164, 1759352064796677155
0.20273816835809857, -9.074146189641844e-05, 0.5041897892951965, 1759352064836587954
0.19640215177047476, -0.0006630218599345293, 0.5152471661567688, 1759352064887568107
0.20018128235755608, 0.0037310073076944022, 0.5037372708320618, 1759352064936648255
0.19770447800388977, -0.000616805136100874, 0.5071036219596863, 1759352064986825521
0.19769581947401452, -0.00106626210637979, 0.4960440993309021, 1759352065036947248
0.20741946753723967, 0.0012561746014252472, 0.471382200717926, 1759352065076160784
0.1979150481079263, 0.00051912325895506, 0.4851284325122833, 1759352065146576452
0.19489272830980425, -0.0013518254944317476, 0.5295764803886414, 1759352065196599305
0.186492346084894, -0.0005622228568995889, 0.48643338680267334, 1759352065236707329
0.19949214169626006, -0.0007725891817949246, 0.5128608345985413, 1759352065286668675
0.20463886177590135, -0.0003259511916635134, 0.49983009696006775, 1759352065336557610
0.1984121856455807, 0.002580539683402788, 0.49551770091056824, 1759352065386656594
0.19369234169618302, -0.0012744408572313215, 0.5146528482437134, 1759352065437888655
0.20513998376350306, -0.0016256506021767952, 0.5500255823135376, 1759352065476396572
0.1932009573432599, 0.0021573187609042876, 0.4828392565250397, 1759352065546559411
0.20173928949749623, -0.001641194575906023, 0.5223553776741028, 1759352065596755137
0.18897098038824586, -1.798433098227066e-05, 0.5048946738243103, 1759352065637634715
0.19674330981022145, 0.0046030594024378335, 0.46921825408935547, 1759352065686710234
0.20042682992619865, -0.0011373365273026196, 0.5370721220970154, 1759352065736274432
0.19308540911259287, 0.0026780707649936035, 0.5087676048278809, 1759352065786843479
0.20118263186661006, 0.0005931592065203407, 0.49874117970466614, 1759352065836480036
0.19434821687126852, -0.0008447741381442901, 0.508205235004425, 1759352065877611126
0.1988429254231846, 0.004370586936287846, 0.5005864500999451, 1759352065946660007
0.20125420615030706, 0.0009364203021026163, 0.5268046259880066, 1759352065996605809
0.19449976349779316, -0.0007285910166975227, 0.51260906457901, 1759352066036483182
0.1967798396152279, 0.0009600822802964734, 0.4716721475124359, 1759352066086765077
0.19951300958329748, 0.0005861077092001803, 0.4864517152309418, 1759352066136829065
0.20299147170433487, 0.002087565338524595, 0.5044130086898804, 1759352066186604691
0.19788726257821043, -0.00014776076670658286, 0.5003350973129272, 1759352066236531604
0.19717554930025352, -0.0013247227940753593, 0.5408015251159668, 1759352066276235866
0.19444206394664057, 0.0038692744938803886, 0.5150108933448792, 1759352066346654136
0.2030136982278275, -0.0005084487587920873, 0.5030964612960815, 1759352066396402031
0.19899033878807093, 0.0009325674089164097, 0.4877779483795166, 1759352066436772196
0.20009142532182791, -0.0007501281514523414, 0.4976159930229187, 1759352066491614310
0.19665266800191805, -0.0002810887297448042, 0.4937545359134674, 1759352066533579761
0.20366427097905485, 0.0004027434492861629, 0.5046185255050659, 1759352066581685002
0.2033019786311495, -0.0006627956585531524, 0.5048965215682983, 1759352066631209964
0.20298799842648615, 0.00023585448281152654, 0.4756011664867401, 1759352066691999473
0.2007925996489412, 0.0008013192266433042, 0.5163184404373169, 1759352066741617099
0.1954001550605093, -0.0013499085394220664, 0.5261574387550354, 1759352066791622161
0.19726706520100157, 0.0015088460438426618, 0.5096327662467957, 1759352066841747427
0.20207816322196256, -0.0002392192881968927, 0.512989342212677, 1759352066891625813
0.20104508934290868, 0.0016381804827114027, 0.48230764269828796, 1759352066931667561
0.20012727229509694, 0.0012554547235129492, 0.46439576148986816, 1759352066986594949
0.19743189292977162, -0.0004821933854771634, 0.5147460103034973, 1759352067031937673
0.20245750130399992, -0.0024140182418647457, 0.5309395790100098, 1759352067076677566
0.19905062649681057, 0.0032310026729058306, 0.48813724517822266, 1759352067146614328
0.19718418175264685, -0.0016700290654550107, 0.5173176527023315, 1759352067192682206
0.1985430642228877, 0.0012727408877195574, 0.5081934332847595, 1759352067236625543
0.1948082424510067, 0.004404845068753538, 0.5022904872894287, 1759352067286625687
0.1877763321916774, 0.002708903529580729, 0.5372653603553772, 1759352067336601741
0.19372588206030555, 0.0013487971751356034, 0.4962434470653534, 1759352067386600880
0.19453286510352408, 0.0027785138624903875, 0.4771970212459564, 1759352067432517351
0.20119676787909122, -6.95220675941729e-05, 0.5060082077980042, 1759352067476292363
0.192518291950409, 0.0007156378059160816, 0.5005714297294617, 1759352067547797136
0.19915350771289844, 0.0013763408261961184, 0.5212549567222595, 1759352067591635090
0.19511814161602012, 0.00031081845821746606, 0.5004610419273376, 1759352067636770690
0.19670327407947383, 0.002215433378658206, 0.4888114333152771, 1759352067686605618
0.20552180352026947, -0.0012042664364034065, 0.5044786334037781, 1759352067736590103
0.19630932169585874, -0.002146667602440332, 0.5050215125083923, 1759352067787621424
0.19732638645062936, 0.0009103174190479763, 0.5015397667884827, 1759352067846763317
0.1970062038071707, 0.002652401160175249, 0.5160880088806152, 1759352067876181391
0.2015321367331496, 0.002154760984462279, 0.4901013970375061, 1759352067943625053
0.19867561266876643, -0.0020420768722395496, 0.5012408494949341, 1759352067993640711
0.19735832637853395, 0.004193219074461273, 0.5024649500846863, 1759352068036618125
0.19543385214988396, -0.000984076609685266, 0.516360342502594, 1759352068086643005
0.19980779260897494, 0.0006206362482990579, 0.4945511221885681, 1759352068136600756
0.19823675752501974, 0.0036582140641121443, 0.5062164664268494, 1759352068184706684
0.20424140323268944, 0.0003177568101701067, 0.5004959106445312, 1759352068246401269
0.19087391442715654, -0.00014212075222862832, 0.4706164300441742, 1759352068276841765
0.19631512165720988, 0.0027164389715547926, 0.5139480829238892, 1759352068344936980
0.19553991990584021, -0.0006400547899435734, 0.5239927172660828, 1759352068394626789
0.19749258578502488, 7.823272271274561e-05, 0.4763762950897217, 1759352068436768770
0.20140105087956298, 0.0009964706208986768, 0.4968111217021942, 1759352068486837830
0.1954184698923511, -0.0020381668965824447, 0.4690733850002289, 1759352068537956764
0.20249534052982837, 0.004214965362225723, 0.5039331316947937, 1759352068584958780
0.19418178083792095, -0.00256679759003138, 0.5277436971664429, 1759352068636089954
0.20336634613021132, 0.0018178959026242793, 0.5165504813194275, 1759352068677292067
0.19721338601921892, 0.0022327347349835086, 0.47981730103492737, 1759352068745968478
0.2002069089908081, -0.0005989552577590126, 0.508635401725769, 1759352068795626140
0.2010289840918031, 0.002131152285104802, 0.47112807631492615, 1759352068836640954
0.19479683444683976, -0.0002367815872431206, 0.5070229172706604, 1759352068887655283
0.19739799124629887, -0.0003385584521472331, 0.5290353894233704, 1759352068936690510
0.19743360984671451, 0.0035566861818732295, 0.5130138397216797, 1759352068986654470
0.2005895754608944, 0.006586591660626065, 0.49004673957824707, 1759352069036770140
0.1972894529430792, 0.0004595191776100595, 0.5173230171203613, 1759352069076537677
0.19820439777584378, 0.003525278973907706, 0.5134187340736389, 1759352069146974700
0.19832258294052849, 0.0009875162605998227, 0.5233298540115356, 1759352069196632002
0.20188021019903382, 0.0010430047949222373, 0.5165919065475464, 1759352069236656812
0.20170943328452934, 0.006329201296367963, 0.4823831617832184, 1759352069287066262
0.20033057362233916, 0.0001925685202425043, 0.4882364273071289, 1759352069336621593
0.19614690533433052, 0.00086361712012444, 0.5127648711204529, 1759352069386695365
0.19692340796277663, 0.004957937989608808, 0.5051082372665405, 1759352069436328078
0.20163117572643177, -0.0008323937146893469, 0.5175887942314148, 1759352069476192655
0.19918221275434925, 0.0020089838979064417, 0.5033106803894043, 1759352069546687478
0.19998809985093777, 0.0024946186472736597, 0.4710095226764679, 1759352069596672239
0.19653918573262044, 0.0006601980510306186, 0.506978452205658, 1759352069636661602
0.2003667103996553, -0.0006701476540644736, 0.5202034115791321, 1759352069687621517
0.20023934064543267, 0.005187387684439783, 0.5033543109893799, 1759352069736720829
0.20184230122309554, 0.005175415892582544, 0.5052501559257507, 1759352069786670978
0.19915732082894436, -0.0008144205669077377, 0.49313074350357056, 1759352069836671697
0.2004229447269622, 0.00269929722205928, 0.4687194228172302, 1759352069877790202
0.19907456740613486, 0.0023429424554775847, 0.5254409909248352, 1759352069946725864
0.19614952884181366, 0.0009749897667298756, 0.5213798880577087, 1759352069996650054
0.19648773567450534, 0.0003153263724751443, 0.47256866097450256, 1759352070036698301
0.2030871273127727, -0.0009618211447112233, 0.5015493035316467, 1759352070086626280
0.19888008608187818, 0.0007525495897608167, 0.4903483986854553, 1759352070136694100
0.19756146684586517, 0.002725193337533522, 0.4873287081718445, 1759352070186972724
0.19831507028933276, -0.0017259167934831707, 0.5402342081069946, 1759352070237205052
0.2001705354970996, 0.00302809478709028, 0.47813907265663147, 1759352070276561349
0.20130668467662238, 0.0025082411968442935, 0.4953518509864807, 1759352070346844750
0.2010185975990035, 0.004478205379546357, 0.5090919137001038, 1759352070396659384
0.19449048038970107, -0.00015445332052718144, 0.4874268174171448, 1759352070437962004
0.19788910936034546, 0.0022210058703212234, 0.5082714557647705, 1759352070486877381
0.20036330853463985, -0.0007014699761711811, 0.5195770263671875, 1759352070536974457
0.2020768916106649, -0.001704477011721149, 0.48691412806510925, 1759352070586887764
0.20335179205860351, 0.0024902041431895086, 0.5102129578590393, 1759352070636276819
0.19816343782890042, 0.00022968779854178807, 0.5187110304832458, 1759352070677274219
0.1971292176280469, 0.002652177642475187, 0.5140966176986694, 1759352070746237864
0.1926844102375109, 0.001212617405637975, 0.5069348216056824, 1759352070796702212
0.20122909625346191, -0.0024903266215874865, 0.5101059675216675, 1759352070837764785
0.19871752503803916, 0.001284133949742512, 0.49076390266418457, 1759352070886762364
0.19128407209318465, 0.00045816555677168845, 0.48489999771118164, 1759352070937844125
0.20221450987181558, 0.002280476166234136, 0.515348494052887, 1759352070986671789
0.20295756082767857, 0.002993901081549826, 0.526130199432373, 1759352071036177621
0.1982445067608537, 0.0006196613768360262, 0.4970807135105133, 1759352071076644283
0.19948442785589351, 6.364997033061936e-05, 0.5037601590156555, 1759352071146654460
0.1986600951645573, 0.0021026978256880324, 0.49242693185806274, 1759352071197101816
0.20005896891888, 0.00040243075436080284, 0.49724918603897095, 1759352071236857908
0.19660266346472627, -0.000498484098512586, 0.4983156621456146, 1759352071291691624
0.20030589402567953, 0.003936426544964935, 0.48499080538749695, 1759352071332643374
0.19832909352397465, 0.0009603609681799254, 0.5061662793159485, 1759352071386793124
0.20143670343751682, 0.00011096959854312789, 0.5018202662467957, 1759352071437807495
0.19872982792203356, 0.0019876586572440897, 0.49874165654182434, 1759352071497000737
0.19666711597677602, -0.001726753610472589, 0.5276068449020386, 1759352071546702610
0.1944140160158875, 0.0016306970057744577, 0.48619750142097473, 1759352071597673118
0.20277716425477618, -0.00047952705866105414, 0.4863240420818329, 1759352071637012843
0.20232513224986468, 0.0004993800392683018, 0.5013914704322815, 1759352071686676546
0.19894087806950747, 0.0016162117901103363, 0.4835130572319031, 1759352071736717302
0.19921035597549513, 0.00046267164079876643, 0.5101109147071838, 1759352071786738197
0.1937120225327774, -0.0034839201552166387, 0.5228998064994812, 1759352071838759128
0.2059832694227625, 0.001888640888095805, 0.4838167428970337, 1759352071876783501
0.20277691246821364, 0.0005095429798009522, 0.49254491925239563, 1759352071946698085
0.20357858101109197, -0.002738121665416788, 0.5043631196022034, 1759352071992688645
0.19448474755536052, 0.002596888584723194, 0.4769099950790405, 1759352072036682104
0.1987102518644573, -0.00033781601576522664, 0.5201197862625122, 1759352072086707261
0.1999365932752697, 0.0030449731733162744, 0.508121132850647, 1759352072136667499
0.19945102343899257, -0.0008797175414606203, 0.47690677642822266, 1759352072186750861
0.19937436013953747, 0.00044273950158395687, 0.4780782163143158, 1759352072232906062
0.19869410297969636, 0.0014283884038544927, 0.5048966407775879, 1759352072276974395
0.1904672855490022, -0.000288532506818612, 0.5140863060951233, 1759352072347906712
0.2056809775126359, 0.004054716185756228, 0.5091826915740967, 1759352072393685124
0.1998600314172367, 0.0012074747448707571, 0.5058243870735168, 1759352072436687192
0.2020555290873618, 0.0009026004605685019, 0.4957559406757355, 1759352072486710157
0.19728231451986575, -0.0011595664694123969, 0.5012184381484985, 1759352072536659557
0.19669505566970438, -0.001970863859809615, 0.49010321497917175, 1759352072587772426
0.19949660829241378, 0.0019632782410515916, 0.4887878894805908, 1759352072646788764
0.19853237256397502, -0.0003283864786793851, 0.4912126362323761, 1759352072676959441
0.19475302659451318, -0.0009394694763698614, 0.5117343068122864, 1759352072748676831
0.20479467846257718, 0.0027427774838970197, 0.47825345396995544, 1759352072793780923
0.2021348499722845, -0.0014834224050035017, 0.509083092212677, 1759352072836689845
0.2000422648801197, -0.0010600720658484322, 0.5040470957756042, 1759352072886720431
0.1992965041086321, 0.003914804699139756, 0.4891090393066406, 1759352072936670478
0.20822626430459118, -0.002012066458159047, 0.4862543046474457, 1759352072984834280
0.20510427913581203, 0.002070630939414174, 0.47945043444633484, 1759352073034265131
0.1951805118804464, 0.0004951648951822312, 0.48827865719795227, 1759352073076175267
0.19372185057123525, 0.001528620564733853, 0.5278444886207581, 1759352073144589939
0.1947971825222915, -0.00025279942649577766, 0.4845965802669525, 1759352073194751794
0.20102198965283624, 0.001489261173094095, 0.5033143162727356, 1759352073236699455
0.2052388577178332, 0.0008752983406214942, 0.4732635021209717, 1759352073287068695
0.19372935256977608, 0.0008837967874347391, 0.49454784393310547, 1759352073337678326
0.19529444000940832, 0.0019310083763392802, 0.5079491138458252, 1759352073385814014
0.2037781625829598, -0.0019217599011536063, 0.5055825710296631, 1759352073435824458
0.19863880371591147, 0.00368499939329443, 0.48467954993247986, 1759352073476771635
0.19472813709325712, 0.0005684617769418122, 0.5094323754310608, 1759352073545824386
0.196205864959327, 0.0015605216472124065, 0.5032581090927124, 1759352073595715250
0.1948812275676931, -0.00038968176214181766, 0.5209752321243286, 1759352073637726508
0.19264308199805494, 0.00102052435489706, 0.5049158334732056, 1759352073688733568
0.1986006422185293, -0.000655399376510496, 0.518133282661438, 1759352073738685629
0.19932900646853463, 0.0056173053783189625, 0.4810778498649597, 1759352073786704950
0.2038703422351059, 0.0007253813813572613, 0.5107277035713196, 1759352073837059801
0.20109661512727017, 4.830826725660748e-05, 0.5502493381500244, 1759352073876200465
0.19583245471109562, -0.0013975076008462197, 0.516330361366272, 1759352073946279192
0.1967675552296368, 0.00031519109460217975, 0.5019193291664124, 1759352073997057208
0.20391895069706645, -0.00046443430335683, 0.5115180611610413, 1759352074036713700
0.1923223985855255, -0.00040954581019946425, 0.4839819073677063, 1759352074087747652
0.2004395634569861, 0.004914875604298079, 0.5170760750770569, 1759352074136722437
0.19250660195830407, -0.0016849727456121355, 0.5363276600837708, 1759352074186802424
0.19388984261291115, 0.0012142792414245754, 0.49322059750556946, 1759352074247913124
0.20433297246231844, 0.003947296493823889, 0.5217972993850708, 1759352074276498828
0.198381409519122, 0.0007736418533290139, 0.49615058302879333, 1759352074346752336
0.19311485451994923, 0.0016672175588101207, 0.4890873432159424, 1759352074397727633
0.20786034243192794, 0.0022847212141040266, 0.508826494216919, 1759352074436775192
0.190965930277417, -0.0024817082187221715, 0.5141032338142395, 1759352074487741076
0.20285207297131388, 0.0032275304516062985, 0.4964907765388489, 1759352074536719236
0.20166057729999134, -0.002047905771775933, 0.5071162581443787, 1759352074586884497
0.19648585710962851, 0.00043747751733968614, 0.4878242015838623, 1759352074637735194
0.19759769201616562, 0.005832052485434037, 0.520348310470581, 1759352074676184122
0.200019023028463, 0.0007247586450934006, 0.5177114009857178, 1759352074746796742
0.19881331041504746, -0.00020671426026738307, 0.49731704592704773, 1759352074796709395
0.20148021106989994, 0.002852961924778994, 0.5021812319755554, 1759352074836752230
0.1994870099168627, 0.00018499208213930857, 0.5047573447227478, 1759352074886781496
0.19433563048912417, 5.068959635690516e-05, 0.5140618681907654, 1759352074936710264
0.19720385475306457, 0.00040281074691399466, 0.5189835429191589, 1759352074986812602
0.1990345596756494, -0.0014621589928580784, 0.5135286450386047, 1759352075037456200
0.20319082539614214, 0.0053715580155157166, 0.4813988208770752, 1759352075096386445
0.19639193400381855, 0.0005352489383725029, 0.5067811012268066, 1759352075146394347
0.19492667802951025, -0.0006427086197160634, 0.5052684545516968, 1759352075196787540
0.19139854447463941, -0.0006760502006250178, 0.4936459958553314, 1759352075237721707
0.20072252224112008, 0.002753667982850419, 0.5030582547187805, 1759352075286805010
0.20004257213516047, 0.0016570529160726739, 0.5176323056221008, 1759352075336888556
0.20094429426763244, 0.0005543297042418606, 0.4932759404182434, 1759352075386887969
0.19450539688563206, 0.0045667811107199165, 0.4918956458568573, 1759352075436548685
0.1967532839720726, -0.00238810440888996, 0.5320629477500916, 1759352075477468929
0.19716659327042962, 0.003335329750617784, 0.49272146821022034, 1759352075546337543
0.20224429464064847, -0.0005073345856517309, 0.496384859085083, 1759352075596388359
0.19434509324430913, -0.0010886639181994897, 0.485139399766922, 1759352075637432242
0.2007408955160123, 0.004031124246380069, 0.47474655508995056, 1759352075686846265
0.1967243140161879, 0.0015765806153729904, 0.5222333073616028, 1759352075736868401
0.19713584066225517, 0.0020808102791652003, 0.5310803055763245, 1759352075786936365
0.1895176262304911, 0.004494133870465977, 0.5030388832092285, 1759352075837943097
0.20557456939679727, 0.0003491107982941734, 0.5243914127349854, 1759352075877648464
0.19786382660176305, 0.0017145835420697662, 0.4927525222301483, 1759352075947036627
0.1946966247636593, -0.000319896192240947, 0.49526914954185486, 1759352075997421516
0.19831052097663487, 0.0002274999842441862, 0.5093718767166138, 1759352076036945416
0.1966834010845309, 0.0016651797599476637, 0.5033396482467651, 1759352076090724747
0.20174965187187086, 0.007796214143013667, 0.485503226518631, 1759352076132785212
0.20232075101886624, -0.0013971437264393505, 0.49629372358322144, 1759352076182743495
0.19903894381617182, 0.0070543838495511196, 0.4963086247444153, 1759352076251809703
0.1963545747862897, 0.0006408417697354556, 0.5195664167404175, 1759352076291812327
0.19629173472445918, -0.0019487419338194663, 0.5104994177818298, 1759352076341782321
0.19812036025464871, -0.0004291699208705089, 0.4843333959579468, 1759352076392749331
0.20615668250982017, 0.002368378113939984, 0.48672905564308167, 1759352076441749211
0.19743588168717288, 0.003521721609607023, 0.47942987084388733, 1759352076487803672
0.1998557362907728, 0.000959569869872857, 0.49582961201667786, 1759352076536778258
0.19710787584878345, 0.0035697172078118884, 0.5118998289108276, 1759352076586799721
0.19959888243329502, -0.0022229717601070418, 0.49756762385368347, 1759352076638434526
0.20736615398891195, 0.0006244164837642489, 0.46417248249053955, 1759352076676756603
0.19870209032399658, 0.005252532450657957, 0.4982408583164215, 1759352076746835246
0.18838436617192064, -0.0021784516769688417, 0.5280184745788574, 1759352076798752127
0.20494157878661573, 0.00021710595547726704, 0.51311194896698, 1759352076836839430
0.19393249737943444, 0.002583642415763238, 0.496222585439682, 1759352076886760669
0.20186128899965772, 0.000708235954698405, 0.47162872552871704, 1759352076936736173
0.19625861084368199, 0.0007206845084086215, 0.4845576584339142, 1759352076986791476
0.1984581828488952, 0.003482529106724117, 0.5177158117294312, 1759352077032839811
0.19282390155392443, -0.0003201046751808259, 0.5211594104766846, 1759352077077773796
0.1983928516710541, 0.002888954272309913, 0.5090382695198059, 1759352077147827996
0.2048743677384311, 0.0013965595529091671, 0.5031521320343018, 1759352077192788652
0.2018547313471834, 0.0009175797310530661, 0.47687673568725586, 1759352077236848308
0.19837277271108336, 0.002290559274036689, 0.48565906286239624, 1759352077286758059
0.19952875580394533, -0.0015062354316651946, 0.5201953053474426, 1759352077336778062
0.18985348655103138, -0.0006798085637019994, 0.5321595072746277, 1759352077387805964
0.19883886064361192, 0.00173123685819574, 0.49612924456596375, 1759352077433450329
0.20240187341272228, 0.00308117356029209, 0.5087951421737671, 1759352077496238821
0.18977316121939058, 0.0003170159072271679, 0.49156609177589417, 1759352077548850765
0.20283493300881883, -0.0013514326821989077, 0.5213214755058289, 1759352077593862883
0.20201005151567022, 0.0007981016939924013, 0.5188605785369873, 1759352077636781260
0.1996041094211237, 0.0026979721446761386, 0.4852941632270813, 1759352077686782459
0.1993863653759663, -3.009080157468904e-05, 0.49274158477783203, 1759352077737900926
0.20005274580420357, -0.00038928383344119175, 0.5092927813529968, 1759352077784800635
0.19065761451269736, 0.0030852464836569854, 0.5075814723968506, 1759352077846349083
0.18686231650454235, -0.003070684200698265, 0.5065470337867737, 1759352077878052603
0.20311136418789053, 0.0014933386413276861, 0.529498815536499, 1759352077943372826
0.19693680664841834, -0.00030660615746192014, 0.47071632742881775, 1759352077994844375
0.20300856641715073, 0.0022471148895066725, 0.47677892446517944, 1759352078037798215
0.19639894002526515, 0.0017843507775081795, 0.5013898015022278, 1759352078087778034
0.19617032942745774, 0.0005891971376068804, 0.5281755328178406, 1759352078137764649
0.20332973329879664, 0.0008557176352312932, 0.5224782824516296, 1759352078184770924
0.19932297775867716, 0.0010266103224369483, 0.49200862646102905, 1759352078235240200
0.19293292866133732, -0.001958867986560694, 0.4806785583496094, 1759352078277788247
0.19949184959684244, 0.001257411449751012, 0.4942000210285187, 1759352078345893981
0.196221815933247, -0.0001934041200875258, 0.5336611866950989, 1759352078395580264
0.19751741962369887, 0.001217964141711133, 0.5134740471839905, 1759352078436809013
0.19596544078008668, 0.0017499407093242787, 0.511762797832489, 1759352078488781434
0.19593525371210727, -0.0013896326821485618, 0.5054563283920288, 1759352078538783973
0.20827980514304753, 0.004900478421285544, 0.4924249053001404, 1759352078585796906
0.19238686191192342, 0.0023880295640924783, 0.5208501219749451, 1759352078635701923
0.1979845387428683, -0.0007306970704194146, 0.5346017479896545, 1759352078677302365
0.1961794739672486, 0.0032447111026574923, 0.4960285425186157, 1759352078746423524
0.1969207233780135, -0.000474120693241827, 0.5031262040138245, 1759352078796868862
0.20184273023624205, 0.00034100423555244425, 0.494317889213562, 1759352078836786190
0.1907676998600865, -0.0003743931831408033, 0.49364563822746277, 1759352078887789094
0.19815016819224557, 0.000777931134601175, 0.5156986117362976, 1759352078936774204
0.1995235798451228, -0.001353396109526683, 0.5059232711791992, 1759352078986896589
0.1950734236815881, 0.002129622052312285, 0.48260608315467834, 1759352079038056701
0.20957121562889688, -0.004767936137517271, 0.5214039087295532, 1759352079077648964
0.2020413571483447, 0.003261053662962189, 0.4845591187477112, 1759352079147059913
0.19440357447461964, 0.0007279958314424081, 0.4986887276172638, 1759352079197809928
0.20246846831447077, -0.002485073217010807, 0.5349154472351074, 1759352079237795703
0.20344640342390705, 0.0009237335319602108, 0.5036144256591797, 1759352079286789941
0.19891185876378378, -0.002320297495470734, 0.4840061068534851, 1759352079336877533
0.20045272109757853, 0.00039513807637886993, 0.5013042688369751, 1759352079386827297
0.19191511416948634, 0.0018139378311007454, 0.5212002396583557, 1759352079437784556
0.20107324641899857, 0.000152198015159178, 0.5176476240158081, 1759352079477168939
0.2024291755475037, 0.0015465998737527464, 0.5068294405937195, 1759352079546223870
0.19344823174762846, -0.0008628172615144249, 0.48968687653541565, 1759352079597892997
0.20295664958081971, 0.0008902043724190277, 0.4914851784706116, 1759352079637777407
0.1953645858626748, 0.0013172978915447157, 0.5198947787284851, 1759352079688780532
0.20355205750895455, 0.0005752504789528323, 0.5036264061927795, 1759352079736893968
0.19496962716417096, 0.0008005155513211694, 0.4955907464027405, 1759352079786921190
0.1900487003607351, -0.0024441634926479477, 0.5166425704956055, 1759352079837475401
0.2032151074752573, 0.001985158262581868, 0.49236708879470825, 1759352079877186926
0.19835616501354564, 0.003763470695829346, 0.5052604079246521, 1759352079946265071
0.19149285828213475, -0.0006315064603432605, 0.5214336514472961, 1759352079997808787
0.19689484065834276, 0.00363110996820529, 0.4803663492202759, 1759352080037858741
0.20126319844505255, 0.0038220929577829368, 0.49851149320602417, 1759352080086962029
0.20485881388074403, -0.0008240525001581133, 0.5068310499191284, 1759352080136912322
0.19916893530709037, 0.0032132445864270936, 0.4974946975708008, 1759352080186376916
0.1927484435094249, 0.0003802381846712212, 0.5212744474411011, 1759352080237718204
0.19763705296909068, -0.0013122626452781241, 0.5184661149978638, 1759352080277359091
0.19580298802033047, 0.004790307710405823, 0.4883840084075928, 1759352080348139240
0.2057069421399992, -0.0023527947419571867, 0.5369099974632263, 1759352080397614279
0.18826122274300797, 0.0008149888147531676, 0.4951152801513672, 1759352080438582750
0.19782271237663662, 0.002332466655706543, 0.4899972677230835, 1759352080487526098
0.20049222594085891, -0.003601135844909701, 0.5220663547515869, 1759352080537934714
0.19447823649147164, -0.0008520849045974344, 0.48363080620765686, 1759352080588045150
0.2050849118180297, 0.001822968006975002, 0.4955339729785919, 1759352080637787742
0.19618112737559149, -0.0035976012519182694, 0.5068188905715942, 1759352080678725951
0.19847240789011075, 0.00363735363725031, 0.48588964343070984, 1759352080748020803
0.2011751808223249, 0.0009378333483355153, 0.5215944051742554, 1759352080797412511
0.19987910653233565, -0.001159507718067155, 0.5058515071868896, 1759352080837592648
0.2001805370907771, 0.0031953712622499984, 0.4849998950958252, 1759352080886968286
0.20064766951457347, 0.0015561970524990306, 0.47388628125190735, 1759352080933062916
0.19591702903816222, -0.0005434167914252334, 0.5217393040657043, 1759352080983925028
0.19810880140040496, -3.239283152679104e-05, 0.5176231265068054, 1759352081033434052
0.1945319563311595, 0.0003875224372879925, 0.4944593012332916, 1759352081082084728
0.20059600917802156, 0.0014414260781182343, 0.5195952653884888, 1759352081144056230
0.20171427949175322, 0.002243111726206495, 0.47749683260917664, 1759352081192820143
0.19745340202953213, 0.002557052533437975, 0.4799169600009918, 1759352081241906973
0.19788914293127002, -0.0005080582713652413, 0.526918888092041, 1759352081287822509
0.1963961841278823, -0.00016170750641600687, 0.5015293955802917, 1759352081336842819
0.19780505344153934, -0.0019558333995716285, 0.49633097648620605, 1759352081387957308
0.20963480835105916, 0.003055437771090575, 0.5049111843109131, 1759352081437349805
0.18965824918347926, 0.0018955240918987412, 0.48513397574424744, 1759352081478015976
0.19898084490464774, 0.004500595345027777, 0.49383920431137085, 1759352081547877140
0.19824690285864033, 0.002403980926601088, 0.5104460716247559, 1759352081597828426
0.19011661602717522, 0.0049601673228890945, 0.5056856274604797, 1759352081637912953
0.21101921356724992, 0.00033100587790359524, 0.504496693611145, 1759352081687832082
0.19793167708181883, 0.0004945487654897844, 0.49176791310310364, 1759352081737814409
0.1906827956600538, 0.006769683278941144, 0.4916840195655823, 1759352081787959465
0.20266254753028637, 0.0002768413674682022, 0.5323216319084167, 1759352081832917323
0.1994495165467823, -5.979961031095074e-05, 0.5262009501457214, 1759352081878082090
0.19991167027019002, 0.004616794364111425, 0.4990643560886383, 1759352081947978572
0.20511013172404394, -0.0018355798003116233, 0.5132465362548828, 1759352081992829787
0.19201615633718064, 0.004553761804377859, 0.4968119263648987, 1759352082037857928
0.1996653254499687, 0.00396854429242887, 0.5120431184768677, 1759352082087832677
0.2002210841555674, 0.0010315106537871351, 0.5269074440002441, 1759352082138003946
0.200258348612202, 0.0032804613744469202, 0.47850561141967773, 1759352082187913686
0.19922591832398626, 0.0013596520119898872, 0.49802637100219727, 1759352082233938961
0.20573723275544592, 0.0002771221985324314, 0.5139762163162231, 1759352082277335587
0.19319476903440835, 0.0023150464046744375, 0.4893348813056946, 1759352082348944007
0.20410298991756676, 0.0031031632906989674, 0.521904468536377, 1759352082393836465
0.19907953169187598, 0.0007798065571981441, 0.515119731426239, 1759352082437861330
0.19892765042037086, 0.0011337832423179057, 0.48299577832221985, 1759352082487841185
0.19947077592241455, -0.0007308180630268174, 0.4960404634475708, 1759352082537826535
0.19740861985834052, -0.0007433135865240407, 0.5300867557525635, 1759352082589026414
0.20326901247172746, 0.0035359960399576947, 0.5081831216812134, 1759352082634423041
0.19582134618658553, 0.0013998961843512355, 0.5044004321098328, 1759352082697218796
0.19963558602639755, -0.0026322357157311286, 0.5109292268753052, 1759352082744359418
0.19900562915799874, 0.0015317111707968713, 0.49194902181625366, 1759352082794874498
0.20125046440985972, 0.004662980188330372, 0.4905270040035248, 1759352082837932322
0.19950497308042606, -0.00036752228342846994, 0.518642008304596, 1759352082887855154
0.2000872462268827, 0.0005162368601545042, 0.5060017108917236, 1759352082937847026
0.19835892602281546, 0.0021027101337194186, 0.48763465881347656, 1759352082985859824
0.2014292547783861, -0.0005452188686571841, 0.5014989376068115, 1759352083036000807
0.19749105069967707, 0.001397148358290736, 0.48418736457824707, 1759352083077749891
0.19808833410560397, 0.0011566275234938667, 0.5040801763534546, 1759352083145344055
0.19375517835490894, -0.00033747865512412785, 0.502407968044281, 1759352083195849768
0.2074953527906528, 0.0007021367819402834, 0.4790220260620117, 1759352083238225975
0.19906758671376956, -0.00023000070260815106, 0.4727126657962799, 1759352083287943264
0.19956101438286802, 0.0007502619364365197, 0.49184706807136536, 1759352083337839140
0.1951173073274799, 0.003189929646912184, 0.515725314617157, 1759352083385588357
0.19864011438899415, -0.0033966838631021914, 0.5463438034057617, 1759352083435254035
0.19263232273513717, 0.001404786857639868, 0.5013369917869568, 1759352083478994054
0.19966626167363455, 0.002892281737293301, 0.4871608316898346, 1759352083546811046
0.19971824096382448, -0.0010989272875393278, 0.48761364817619324, 1759352083596852607
0.20657836934655835, 0.0014898910279386455, 0.48242002725601196, 1759352083637273791
0.19387168545009995, -0.001304994062094943, 0.49231499433517456, 1759352083687834132
0.2022423522297389, -0.000777034205804375, 0.5232405066490173, 1759352083737895311
0.19476153033469015, 0.0001608781188059465, 0.4886002242565155, 1759352083787856506
0.20132986500164907, -0.00037784136412575436, 0.4905579090118408, 1759352083847629137
0.20425006202467025, 0.002354920723487273, 0.4953369200229645, 1759352083877893295
0.1963882456979922, -0.0005187083702154164, 0.49546554684638977, 1759352083947892180
0.19744698861534904, -0.001671908206986857, 0.5323031544685364, 1759352083997858193
0.19882316029085928, 0.0016751968380029822, 0.4988352060317993, 1759352084037891185
0.19765633890983483, -0.002722685293035368, 0.5026909708976746, 1759352084087840670
0.1973656787246055, 0.002244634454910586, 0.5028508305549622, 1759352084137869161
0.19913515565294754, 0.0004594985658919924, 0.5074642896652222, 1759352084187898390
0.19913688346700165, 0.0003900580322752125, 0.4960762858390808, 1759352084237983704
0.2005222014084211, -0.0006977829096597797, 0.5195028781890869, 1759352084277926916
0.20481684313457385, -0.0007653713104559817, 0.5223471522331238, 1759352084346368808
0.20083510646552796, 0.002000831156865215, 0.46847596764564514, 1759352084397925947
0.19415718861330308, 0.004885922503339268, 0.49405425786972046, 1759352084437843389
0.19578313020467347, -0.0028412846076109758, 0.5602302551269531, 1759352084488146938
0.1986796293206579, 0.0035900960053472986, 0.4908910393714905, 1759352084537848409
0.20113650373084827, 0.0027691128730084878, 0.4922052025794983, 1759352084587920286
0.20006225503497918, 0.0003847732369014755, 0.5023015737533569, 1759352084637943024
0.20426073632816938, 0.0018768731791043154, 0.50168776512146, 1759352084677286820
0.19502941350707656, 0.0012072111546782849, 0.5238732695579529, 1759352084748034174
0.19728997337359339, -0.0004658861898292452, 0.5066536664962769, 1759352084797883598
0.19972193092725493, 0.0031525325779505173, 0.48238715529441833, 1759352084837877230
0.20240587303733457, 0.0026127982300691226, 0.5058674216270447, 1759352084887932622
0.1975991345951595, -0.0001044087825620163, 0.5096769332885742, 1759352084937888880
0.20065856332265744, 0.0011311077943557794, 0.5060243606567383, 1759352084987202898
0.19002250624086758, -0.0012681447279661417, 0.5097177028656006, 1759352085038090600
0.19803333054713468, -0.0002073346170504604, 0.5000985860824585, 1759352085077982440
0.2020396122839517, 0.0035925739633233243, 0.49973154067993164, 1759352085147230389
0.20200865919373107, -0.0007846686023168947, 0.5045619010925293, 1759352085197452102
0.19764519381107243, -0.0006278747773346337, 0.5072018504142761, 1759352085237284651
0.19894520862070678, 0.0026565362969207633, 0.5210293531417847, 1759352085287360654
0.1947789441560071, -0.002216600610839498, 0.5125150680541992, 1759352085337889543
0.19428678536200233, -0.0005428963988111794, 0.48902472853660583, 1759352085388861308
0.2083948916427916, -0.0016450291260942669, 0.5080631375312805, 1759352085437232327
0.1972232811644584, -2.3681302521560358e-07, 0.49014613032341003, 1759352085479017623
0.19993905711540816, 0.0031326449593161373, 0.506738007068634, 1759352085542354364
0.1955323757838327, -0.000687250819630367, 0.5090073347091675, 1759352085593176600
0.1974167330774885, 0.0023147026528151896, 0.49511727690696716, 1759352085642898816
0.20456986523379012, -0.0012138301118496857, 0.4859263002872467, 1759352085687594362
0.2002806664143355, 0.0018647813621735809, 0.4856240451335907, 1759352085738019406
0.20021675602535607, 0.0003168036895805611, 0.5247653722763062, 1759352085787873099
0.20040962563779668, -0.0014565308131909381, 0.5138934850692749, 1759352085837299769
0.19747592821249293, 0.002827566652968795, 0.48748984932899475, 1759352085877294890
0.19872350893595606, 0.00010607237151400948, 0.48726317286491394, 1759352085947996383
0.19998600824019863, 0.0005391841443560328, 0.4717424809932709, 1759352085997889329
0.1978495862676731, 0.0024215417077355634, 0.5184067487716675, 1759352086037918203
0.1956927878501348, -0.0006714221567799625, 0.522718071937561, 1759352086087983462
0.1957903752014087, 0.0016789981579022602, 0.48945191502571106, 1759352086137888595
0.20347902598511985, 0.0013219424718734296, 0.5273656249046326, 1759352086187968912
0.19962353435037544, 0.0008154734372610146, 0.5071758031845093, 1759352086238088090
0.20214620074056933, 0.0008210293588952012, 0.5058196187019348, 1759352086277251583
0.19585068105239864, 0.0017384072285950578, 0.5248501896858215, 1759352086347981499
0.20052131512688565, 0.00257811034471919, 0.5051820874214172, 1759352086397371814
0.19719702350910753, 0.0003896847426372223, 0.4807550013065338, 1759352086437932058
0.19840883970726855, -0.0012298854928308241, 0.5031112432479858, 1759352086487900273
0.19957609894549255, 0.001986896980016479, 0.5013197064399719, 1759352086537164495
0.1937436957902394, 0.0019387958252249655, 0.5076952576637268, 1759352086588080396
0.19707578445246265, -0.002511107899793912, 0.5297339558601379, 1759352086638351110
0.20269961736627623, 0.004901076503008204, 0.49650248885154724, 1759352086677595739
0.19770530030341366, 0.003319582564174338, 0.49442678689956665, 1759352086747940477
0.19828302966241457, -0.002385941651218101, 0.5217396020889282, 1759352086792832611
0.19642928291302889, 0.003331601139153354, 0.4835469126701355, 1759352086837898841
0.19349281366333357, 0.0004629358026798587, 0.5145789980888367, 1759352086887930674
0.20595155771596332, -0.00040597272551830027, 0.5062798857688904, 1759352086937883658
0.19292416634572293, -0.0016364680333666602, 0.49283814430236816, 1759352086988984758
0.19957068423229493, 0.0012829247792786557, 0.4822429418563843, 1759352087033813546
0.19999710470942733, -0.0016224568868208806, 0.5080424547195435, 1759352087077985814
0.20371787749947443, 0.00018816632802287929, 0.5193877816200256, 1759352087147213975
0.19716555234930752, 0.0009086540319954606, 0.4987878203392029, 1759352087193996161
0.200930219882221, -0.0004025413176494298, 0.5057088136672974, 1759352087237906116
0.1963263454174129, 0.001994684535325335, 0.48893627524375916, 1759352087287991881
0.19888059154798593, 0.0027642328840786117, 0.48458442091941833, 1759352087337950567
0.19276533246685837, -0.0023822433211268296, 0.5209377408027649, 1759352087388906731
0.20320040733404546, 0.0019594717826206727, 0.4913021922111511, 1759352087434222560
0.1968749431209615, -0.0012246095568670874, 0.5045465230941772, 1759352087477222314
0.19838664635670933, 0.0007583156657407291, 0.4778696596622467, 1759352087549277043
0.20142903974902832, 0.004873731845478915, 0.47443461418151855, 1759352087594914360
0.20282966808414063, -0.00020769678710981805, 0.5413862466812134, 1759352087637907422
0.19598306425655757, -0.0004965655119040451, 0.5195116400718689, 1759352087687969956
0.19702015239862364, 0.0016477142126108991, 0.47047531604766846, 1759352087738016031
0.2042324610356079, -0.0017719062843419712, 0.4807247817516327, 1759352087786008749
0.20174916053097897, 0.0027108839506887754, 0.4738641381263733, 1759352087847381274
0.19838249711143904, -0.0006393117295177716, 0.47719550132751465, 1759352087877542359
0.1995602120099458, 0.00041709227357308545, 0.5110397934913635, 1759352087945393290
0.1951067790835951, 0.0014084725654035448, 0.5009486079216003, 1759352087995915135
0.20197274462791798, 0.0023724658388194274, 0.4713713526725769, 1759352088037916327
0.20316170668428749, -0.0005606102573952037, 0.5084060430526733, 1759352088088010132
0.19387526144291747, 0.0011041365448447278, 0.507777750492096, 1759352088137911546
0.19581675618199162, 0.0013306854518731895, 0.49816155433654785, 1759352088185993428
0.20113631143138327, 1.4678866703496348e-05, 0.5403733253479004, 1759352088235291351
0.19640954070606198, 0.0022165608983699472, 0.4828106164932251, 1759352088277873661
0.19717358734219617, 0.0018908852822602795, 0.4987393617630005, 1759352088346339135
0.19435536165013334, 0.004992429702623354, 0.5362711548805237, 1759352088397015922
0.18906641699496812, 0.0019793032453058086, 0.5227672457695007, 1759352088438921252
0.1995927885227553, 0.0022278636230574937, 0.5045595765113831, 1759352088488900552
0.19114012568831368, -0.00039351069735810807, 0.5169710516929626, 1759352088539956232
0.20283220578876804, 0.0029391115899598474, 0.49025848507881165, 1759352088587987077
0.20038735437681607, 0.0041338726392599985, 0.5004421472549438, 1759352088637964526
0.20322534814395915, 0.003372806031119117, 0.5337255597114563, 1759352088678075069
0.19292545470456496, 0.0040756367091325605, 0.5083132982254028, 1759352088747889128
0.2004113556348605, 0.002000706688342909, 0.5020341873168945, 1759352088797926078
0.2004581278474703, 0.0007522581045535684, 0.5018336176872253, 1759352088837929186
0.19702760110929038, 0.0020169350515110303, 0.48685595393180847, 1759352088889010665
0.20120156280539786, 0.0045236932023083746, 0.5115979909896851, 1759352088937911247
0.20014245147770193, 0.00021081095233843863, 0.5417351722717285, 1759352088988075471
0.20146044352418827, 0.00728982453880395, 0.496155709028244, 1759352089038006326
0.20111398568098407, -0.0009344555984867509, 0.5152623653411865, 1759352089077700044
0.20157318536869048, 0.0031550533477667695, 0.4990956485271454, 1759352089147548794
0.1978740181038125, 0.0065133373993882795, 0.48499736189842224, 1759352089197957145
0.1978832866340226, -0.002249364756192233, 0.5374860763549805, 1759352089237913472
0.19057561016767982, 0.0023060639524939428, 0.5079120993614197, 1759352089288932965
0.20022510626949638, 0.002884381771669413, 0.4900786578655243, 1759352089337941526
0.20266807510554108, -0.0008328128666435312, 0.5239489078521729, 1759352089387995427
0.2032884072197379, -0.0006247733317206322, 0.48533448576927185, 1759352089437174056
0.18860465689864303, 0.0018243252190905754, 0.4804287254810333, 1759352089478083301
0.19922512823820038, 0.0021978338966174883, 0.5158012509346008, 1759352089547756198
0.19889648502036955, -0.0004864017740445962, 0.4877561628818512, 1759352089597944326
0.1999707716376551, 0.004621960654354477, 0.4973711669445038, 1759352089637942271
0.20091307147513207, 0.003936200314295846, 0.5114508271217346, 1759352089687932595
0.19475139434415376, -0.0017669326737092571, 0.49878957867622375, 1759352089738067805
0.19621535605391516, 0.0021948461190818016, 0.5130739808082581, 1759352089788048327
0.2043367863309522, 0.0005407220754882384, 0.5112151503562927, 1759352089837974187
0.19960838467094838, 0.0006477433222989077, 0.49666687846183777, 1759352089877201927
0.19613680921167728, 0.002006776702565053, 0.4800882637500763, 1759352089927744387
0.2034174179637162, 0.003081830748296972, 0.5127043724060059, 1759352089997445184
0.19928382164732483, -0.00014438923368893425, 0.5102866888046265, 1759352090037240585
0.19762052572895777, 0.0019491199354324253, 0.51380455493927, 1759352090087559430
0.20055274177404525, 0.0012981899456805423, 0.5105103254318237, 1759352090137716690
0.19215593742987633, -0.0021475673533650533, 0.4745185971260071, 1759352090188081393
0.20308062909349373, 0.00487290526054125, 0.4855509400367737, 1759352090238218861
0.19874859417473584, -0.0056446591576791985, 0.5054209232330322, 1759352090278261643
0.20151720688530556, 0.0014033317966013791, 0.4932505190372467, 1759352090347822971
0.2005566038433333, -0.003147087054961463, 0.5133447051048279, 1759352090398218443
0.19560816493330777, -0.003038754636358963, 0.5025004744529724, 1759352090439467312
0.2040422036460398, 0.0017501689868060111, 0.491199791431427, 1759352090487963015
0.19580301359942684, -0.0002443469883825716, 0.5276901125907898, 1759352090537679664
0.19561088181060196, -0.0002112863322154858, 0.5222656726837158, 1759352090588150045
0.2008600751135456, 0.00013225012182514995, 0.5068859457969666, 1759352090637179556
0.19912840119414338, -0.00033797470805499213, 0.4887100160121918, 1759352090677285655
0.1982452257980645, 0.0008950282604206587, 0.4927418529987335, 1759352090747343216
0.19213720126163988, 0.0012265981435752628, 0.500901997089386, 1759352090797956173
0.1951599428413366, -0.0025457869035860523, 0.5192516446113586, 1759352090837958558
0.19730648732636571, 0.0009497991334286326, 0.4886537194252014, 1759352090887985263
0.20015622874243189, 0.0015102408932678127, 0.48854994773864746, 1759352090938037736
0.20231632361547533, -0.000574045251340521, 0.5105050802230835, 1759352090987951535
0.2020831070042645, 0.00036706638676816425, 0.48802250623703003, 1759352091037448435
0.1936003471264494, 0.0014613033661381842, 0.505228579044342, 1759352091077454847
0.19465404943847187, -0.0001180109193789269, 0.5148398876190186, 1759352091147157497
0.19782392064588017, 0.00020561157528333876, 0.46729007363319397, 1759352091197991213
0.19527046577358942, 0.0002321630913919881, 0.4886915683746338, 1759352091237960309
0.20281798987020463, 0.0009921585329887128, 0.506186306476593, 1759352091288026387
0.1971073723426941, 0.0001392664778044127, 0.5034441947937012, 1759352091337962442
0.19574278768140538, 0.0025837085580422176, 0.5249719023704529, 1759352091388049431
0.1971753626797132, -0.0015900291706264441, 0.5307263135910034, 1759352091438241086
0.20172246580615616, 0.0015620901147448143, 0.5159594416618347, 1759352091477414296
0.19681641310694692, 0.002279898617550042, 0.5046712160110474, 1759352091548002291
0.1980594966403529, -0.0030841579506468973, 0.517700731754303, 1759352091599988016
0.20396766292687477, 0.001723418726814773, 0.4984740614891052, 1759352091637994024
0.1948654083081866, -0.000548384211642769, 0.5036202669143677, 1759352091687966591
0.19407496778718725, -0.00013210630382382173, 0.52919602394104, 1759352091737969036
0.20563752575201158, 3.451785036681877e-05, 0.4721187651157379, 1759352091788065817
0.1984937343099038, 0.0028138554231268314, 0.5118424296379089, 1759352091847926722
0.204912743359943, -0.0029489784813413475, 0.5424512624740601, 1759352091877184960
0.1959699547076208, 0.002039144307313665, 0.504368007183075, 1759352091948489351
0.20404810142857996, 0.0009301410463088643, 0.5038573145866394, 1759352091994013105
0.20286953037743843, -0.00016670421727402204, 0.4918551445007324, 1759352092037971871
0.20277305794759565, 0.00043832774343871285, 0.4762458801269531, 1759352092087975501
0.19991860811441423, 0.0018704406391320586, 0.5143952369689941, 1759352092137945493
0.19048819895350907, -0.002976891842842169, 0.511445939540863, 1759352092189073503
0.20081750923267977, 0.002298345081779035, 0.49046775698661804, 1759352092234255215
0.20482163589741742, -0.0021663334542307905, 0.49958091974258423, 1759352092277454128
0.1936767437987669, 0.0031838460993392275, 0.4949846863746643, 1759352092349058862
0.19252760735317723, 0.00237845150665391, 0.5234338641166687, 1759352092394996105
0.19438685744846104, 0.003350300448108728, 0.5390896201133728, 1759352092438040198
0.19550370732924374, -0.00029079338354168465, 0.5052573680877686, 1759352092487983027
0.20594635885371487, 0.0005771996977962382, 0.5076909065246582, 1759352092537433345
0.19043626088402174, -0.0005052285974334859, 0.49358099699020386, 1759352092585085808
0.1958346873494934, 0.0038653283180401015, 0.48081719875335693, 1759352092647648985
0.20976324332935228, 9.34493433483136e-05, 0.5251616835594177, 1759352092677320463
0.19518311969017857, 0.0019886924960509666, 0.5120970606803894, 1759352092745794262
0.19777773110217442, -0.0006467367530771377, 0.5006539225578308, 1759352092796080951
0.1987417124487747, 0.0015388145117369446, 0.5112262964248657, 1759352092838070566
0.19372559124311975, 0.0003020124349081433, 0.519126832485199, 1759352092887963656
0.20027156934667079, 0.0007267714960430528, 0.5014694333076477, 1759352092937962698
0.19318832232567013, 0.001976716960504517, 0.5130754113197327, 1759352092985996283
0.20272924835203412, -0.0005248791153759201, 0.5095980763435364, 1759352093035325163
0.1953125295028478, -0.00043071146513374935, 0.4701695740222931, 1759352093077849275
0.19928172234779964, 0.003969653793477784, 0.49311476945877075, 1759352093127774982
0.1959772777116676, -0.0011167810854375536, 0.5212851166725159, 1759352093197077046
0.19168759560169307, -0.00142383439948467, 0.5146024823188782, 1759352093238986694
0.19367323708397216, 0.001284064175696783, 0.5005833506584167, 1759352093289990013
0.20508356714994155, -1.6760229374925417e-05, 0.5251014232635498, 1759352093340000684
0.20320455014106117, 0.003945053547440048, 0.47376197576522827, 1759352093386991231
0.1999466959961931, -0.0008890544765512105, 0.5094910264015198, 1759352093437078964
0.1996775072726709, 0.0019211783435476553, 0.5246338844299316, 1759352093478483341
0.1991074481761417, 0.0033684624299922237, 0.4797041416168213, 1759352093547986327
0.20029156883508792, -0.0005030264663134732, 0.49782595038414, 1759352093598011270
0.20251581420621564, 0.00144642482729794, 0.49299055337905884, 1759352093637969757
0.1942716199477081, 0.0006757591599545175, 0.4931052625179291, 1759352093689001959
0.199592411065376, -0.0011200094821319643, 0.5271350741386414, 1759352093737997427
0.19958449793451588, 0.00047449868469522755, 0.5011640787124634, 1759352093787257560
0.20255891679242075, -0.0008545785196438681, 0.4934237599372864, 1759352093837994447
0.202789143921075, 0.0013944473119094167, 0.5039535164833069, 1759352093877510531
0.19492288082183565, 0.0023830504295758647, 0.48488733172416687, 1759352093947978854
0.19376320110868864, 0.00010070591174183847, 0.5241029858589172, 1759352093998000980
0.20502416087721073, 0.004043584040447566, 0.5271613001823425, 1759352094037200243
0.19395432652851652, -0.0006719952958659631, 0.4847765266895294, 1759352094089003345
0.2023257978804247, 0.002848764780338189, 0.49137216806411743, 1759352094138005288
0.20184533627496712, 0.00288550863593984, 0.527959942817688, 1759352094187224514
0.19629017902507187, 0.005373974272185956, 0.5045275092124939, 1759352094238075074
0.20301899331511625, 0.00038158984204508215, 0.5231419205665588, 1759352094277523102
0.19937824368770576, 0.006178249714856642, 0.5036678314208984, 1759352094348014799
0.2017871370683932, 0.002295603347144982, 0.48078009486198425, 1759352094398072503
0.19634783041375825, -0.0012537569523345445, 0.4982281029224396, 1759352094439008128
0.19701740822379352, 0.00046086023482049313, 0.5087183117866516, 1759352094490043310
0.19750361335497116, 0.0023772878212595613, 0.4873473346233368, 1759352094538000028
0.1983888152942324, 0.005463981527377901, 0.5317819118499756, 1759352094587396341
0.1977266758512337, -0.0005809182280388441, 0.5026651620864868, 1759352094637562576
0.20548559580447362, 0.0017007741944892307, 0.46925467252731323, 1759352094677431048
0.20140387107714847, 0.0032106941103566184, 0.5032166242599487, 1759352094747405679
0.19661198469814595, -0.0012792299425582632, 0.5233402848243713, 1759352094797383740
0.194636243828578, 0.004828916575728273, 0.5055200457572937, 1759352094837298757
0.20115996134616013, 0.00394624061644037, 0.5003069043159485, 1759352094887341549
0.20103032136337887, -0.0006909592681448766, 0.5059510469436646, 1759352094937427013
0.1933172527349051, 0.006113301182421756, 0.4745481610298157, 1759352094988907891
0.20084736873237777, 0.001935965986645981, 0.5095187425613403, 1759352095038441797
0.20044578839256483, -0.002613315608770658, 0.5224894285202026, 1759352095078672265
0.1981107148840451, 0.0021128400803456615, 0.48989126086235046, 1759352095147663895
0.19994745702155034, 0.0032993197806071694, 0.4999116361141205, 1759352095199025351
0.19982598654900727, -0.0009596141550553658, 0.494219571352005, 1759352095238527122
0.19728379253486122, 0.0022471006910643743, 0.48898160457611084, 1759352095287611259
0.19988586296995448, -0.0008946590277601532, 0.5433777570724487, 1759352095337726401
0.2051966901173964, 0.002140833533942093, 0.5029625296592712, 1759352095387263803
0.19539500258133866, -0.0013872793900358226, 0.4749833643436432, 1759352095438614187
0.20171820838929772, -0.0004098522983136692, 0.4836253523826599, 1759352095479203240
0.2031055618753251, 0.004754083532486387, 0.47708800435066223, 1759352095547374502
0.18630289823443658, 0.0005302952742126223, 0.5226154923439026, 1759352095599017440
0.20124801972147083, -0.0019992870287779785, 0.5220935940742493, 1759352095640042971
0.20380408192912003, 0.0009606509423289989, 0.5099227428436279, 1759352095691020144
0.19532364961300755, 0.0026875190491656886, 0.4802130460739136, 1759352095734022078
0.2059505292721065, -0.000734146996163768, 0.5104220509529114, 1759352095783299348
0.19322924922741525, -0.002732276096415242, 0.49779626727104187, 1759352095834382274
0.195475524830902, 0.003124523137175952, 0.5032467246055603, 1759352095881798746
0.20107189067943232, 0.002077784055665378, 0.5235081911087036, 1759352095943275898
0.19298865871882784, 0.0029674597943210967, 0.4775353670120239, 1759352095993161726
0.19943881344385933, 0.002167586841306811, 0.4826492667198181, 1759352096043028346
0.20244881471302317, -0.001096698651839342, 0.5148152112960815, 1759352096093029993
0.1948994483505976, 0.001818506231434435, 0.5053695440292358, 1759352096133010917
0.20448743634969593, 0.0009515887839824915, 0.5222670435905457, 1759352096182200518
0.19956584858812362, -0.0010083371579525276, 0.4972987174987793, 1759352096233516736
0.2012435537609392, 0.0021604494688368227, 0.47865030169487, 1759352096282399113
0.20306415898943642, 0.0029513201765490656, 0.4947117865085602, 1759352096342187220
0.18265661806757033, -0.0018302263820276356, 0.5151517391204834, 1759352096394048347
0.19599525068951582, 0.0021686254354725642, 0.5080745816230774, 1759352096444028832
0.2046630717836582, 0.0008913758638389317, 0.5219939947128296, 1759352096488343340
0.20788127343311388, -0.0020590294778087452, 0.492299884557724, 1759352096537355185
0.19708048392405506, 0.0009932126225183416, 0.46321341395378113, 1759352096587186803
0.194923903568244, -0.0018748019573027967, 0.5048997402191162, 1759352096633551572
0.19778867467711192, -0.0020882822105453276, 0.5565564036369324, 1759352096678400646
0.19893602504863095, 0.004227919414185873, 0.4886760711669922, 1759352096748027711
0.20281033788607844, -0.001743307502415947, 0.502741813659668, 1759352096794063018
0.19323921671020242, -0.0015816804980327793, 0.5049793720245361, 1759352096839039396
0.19706215567513183, 0.002666032594398374, 0.503807783126831, 1759352096888036149
0.20302340558444337, -0.0006476869734569741, 0.5141393542289734, 1759352096938083769
0.19413824306561345, 0.00038354921952144064, 0.49754419922828674, 1759352096989038359
0.20439193589113105, 0.0011420093274767255, 0.48509612679481506, 1759352097034479567
0.19802446065527665, -0.0011670818001262848, 0.49788016080856323, 1759352097078707805
0.19844307915020118, 0.0027434171184738724, 0.5071467757225037, 1759352097148539737
0.20348072565278766, 0.0007640644733694304, 0.5255196690559387, 1759352097194082855
0.19552895987211363, -0.0018656975583247685, 0.49285203218460083, 1759352097239045641
0.20026974475667553, 0.00509111952898423, 0.4885292947292328, 1759352097289041395
0.20214485370358853, -0.0008181553377978108, 0.4922941327095032, 1759352097338024727
0.19935598027676915, 0.0022658590221730905, 0.5130583047866821, 1759352097389276807
0.19372366374716884, -0.00047650325076869544, 0.5030693411827087, 1759352097435493008
0.19644348081290708, 0.0011896416992985147, 0.4950751066207886, 1759352097478746595
0.2045868027176504, 0.00010272073473572839, 0.5110960006713867, 1759352097545267865
0.20276869262329508, 0.0010104939862128099, 0.5005735754966736, 1759352097595266844
0.1905113556057053, 0.0015852877320814687, 0.4892140030860901, 1759352097639049419
0.2018809608771069, 0.002968260974940116, 0.5424284934997559, 1759352097688032546
0.19651767052109234, 0.0019562480345703126, 0.5044376254081726, 1759352097738050867
0.2028980555774159, -0.0010670625663825202, 0.5147550702095032, 1759352097785422688
0.195983026898523, -0.0018720456964698544, 0.4959299564361572, 1759352097835590808
0.19599149610794384, 0.001158101644045499, 0.4635184109210968, 1759352097878526499
0.20111513228199995, 0.0023960586068393335, 0.5007975697517395, 1759352097927239192
0.19451789524786578, -0.0011997495223888207, 0.5141620635986328, 1759352097997182729
0.2026135463012734, 0.001026944009651904, 0.472663015127182, 1759352098039052813
0.2082379313988405, 0.0021322715944319596, 0.5171831846237183, 1759352098088050760
0.19628496198012035, -0.002944037689634928, 0.48943808674812317, 1759352098139152715
0.20664992628677958, 0.002933235810969361, 0.4894093871116638, 1759352098186220968
0.19223576046115562, -0.001364388258518923, 0.5229570269584656, 1759352098237140055
0.20110496242268971, -0.0010032031479124946, 0.5258401036262512, 1759352098279737578
0.2002566831441948, 0.0038004297807630945, 0.4767216444015503, 1759352098347392717
0.20264112166848716, -0.0008171575198407756, 0.48451176285743713, 1759352098397354468
0.20067894070721462, 0.0003211811991364556, 0.470998078584671, 1759352098438217478
0.19987997990131975, -0.0002694741264437457, 0.501263439655304, 1759352098489037321
0.19977981455942065, 0.0014659006015851927, 0.5533564686775208, 1759352098537195395
0.19651922275009842, 0.0017727097242561506, 0.5461490154266357, 1759352098587257058
0.19777724442475716, 0.00046811716659117493, 0.4980229139328003, 1759352098637153904
0.20107488252349226, 0.0007024252468622587, 0.5019468069076538, 1759352098678373457
0.19744254183599896, 0.003153378515253549, 0.5006019473075867, 1759352098747684719
0.1978873311881356, -0.0008340987802523988, 0.5028690695762634, 1759352098798194611
0.20014165863497105, -0.000893852189328224, 0.497943639755249, 1759352098838196008
0.20001370906235388, 0.0003337055941372255, 0.4866626560688019, 1759352098889060662
0.20259972051727232, 0.003870654210663816, 0.49150100350379944, 1759352098938041273
0.19965730298919446, -0.0005640241945191982, 0.5216988325119019, 1759352098987288621
0.1979991318292252, 4.434826556889299e-06, 0.5124931931495667, 1759352099038214113
0.1935516204784343, 0.002135483254268282, 0.5062870979309082, 1759352099078975877
0.20657266062184163, 2.5199092085259313e-05, 0.525239884853363, 1759352099147626433
0.19506565661173722, 0.0007160515436286944, 0.4711773097515106, 1759352099198208826
0.19008572185117123, 0.004250860892930438, 0.5054530501365662, 1759352099239047047
0.19238770900014981, 1.2522727884003366e-05, 0.5233265161514282, 1759352099290065267
0.19849105748190476, 0.004473155924399886, 0.5134577751159668, 1759352099339061995
0.20759539106556654, 0.0027784502860400953, 0.5063363909721375, 1759352099387238228
0.19840718602875773, -0.0007964384818265157, 0.49934548139572144, 1759352099438988799
0.19804237550192047, 0.002045223339256552, 0.4927842915058136, 1759352099478329238
0.1999060712865491, 0.0010164939545584742, 0.5073259472846985, 1759352099528420306
0.19407816615613505, 0.0016965194014338142, 0.5147077441215515, 1759352099598370807
0.20492371532726875, 0.0004310997269795894, 0.49945348501205444, 1759352099638246388
0.1982708186519102, 0.0005430636602236682, 0.5109214186668396, 1759352099687387188
0.19901208816494045, 0.002110186619624693, 0.4914177656173706, 1759352099737556982
0.19716017592289248, -0.0007981854585731212, 0.4875253736972809, 1759352099787864719
0.19584341427741786, 0.0013665680849537292, 0.5124853253364563, 1759352099838672939
0.1951301910177752, -0.0015003083593354237, 0.4858897626399994, 1759352099878942189
0.2036605699375404, 0.001099277999350149, 0.4908813536167145, 1759352099928338941
0.19926643283678905, 0.00232900932913909, 0.5126267671585083, 1759352099998135870
0.20127243888112564, -0.002215297575536985, 0.4925590753555298, 1759352100038476900
0.19748828088717674, 0.004216535788307545, 0.5148633718490601, 1759352100088533545
0.20011188927947793, 0.0008614154804703146, 0.5245276093482971, 1759352100137704958
0.19907028276793962, -0.003335753726797839, 0.5030665993690491, 1759352100188157695
0.1961840932190041, 0.002140035657275017, 0.4676428735256195, 1759352100239083001
0.19771710389340894, 0.0017655681283503604, 0.5084452629089355, 1759352100280652250
0.1988374318762909, 0.004121044192738978, 0.5087085366249084, 1759352100348439648
0.19579065721967073, 0.0031715187392627534, 0.5053001046180725, 1759352100398333312
0.19479340365387715, -0.0013607714737538994, 0.5040410757064819, 1759352100440083555
0.20872096748957958, 0.0032675654454324466, 0.4933064877986908, 1759352100488190141
0.19317671081193316, 0.0026511988712981417, 0.4937724173069, 1759352100539084103
0.20343559010508142, -0.0005219010099928143, 0.5286195874214172, 1759352100588280467
0.19203348496522554, 0.0008413465962404467, 0.49848589301109314, 1759352100638924208
0.20126347454040153, 0.0024140796400136414, 0.4793976843357086, 1759352100679148088
0.19782341810009824, 0.0009089430354267266, 0.4817613363265991, 1759352100749076456
0.2017592228719073, 0.004064619472433797, 0.4835675060749054, 1759352100799087203
0.19846986609143216, 0.0021690351837652306, 0.5312659740447998, 1759352100838154027
0.1932967858557028, -0.0007173370470599614, 0.5338190793991089, 1759352100889088496
0.19501501616078815, 0.003295535503182975, 0.5245887637138367, 1759352100939086457
0.20572046038263794, -0.00131251905090917, 0.5203434824943542, 1759352100988350400
0.1947321002223999, 0.0018808108272815407, 0.499053031206131, 1759352101039144524
0.19952566990875717, 0.001905349472508549, 0.4825071394443512, 1759352101078640511
0.19422790735159778, 0.0019997069724167417, 0.514765739440918, 1759352101129081347
0.19118562606075554, 0.002548965693312278, 0.5240810513496399, 1759352101200135018
0.19810058779516646, 0.006630124522719893, 0.5028409957885742, 1759352101239225390
0.20253924186036157, 0.005104334829296104, 0.4936429560184479, 1759352101289145129
0.2037745914111077, 0.0018883181770452924, 0.5009289979934692, 1759352101338221455
0.20372393404768516, 0.000774669186045369, 0.4932211935520172, 1759352101388258441
0.19596063601850436, -0.0013233224284013192, 0.5191953778266907, 1759352101439836777
0.20115575489521456, 0.0018431432270644582, 0.5106702446937561, 1759352101478783045
0.20351769789496096, 0.0018126980420299452, 0.49115410447120667, 1759352101548179676
0.19996458417816235, -0.0012182694000919534, 0.5054195523262024, 1759352101599418229
0.20062903345474276, 0.007836232240022367, 0.48475486040115356, 1759352101638234695
0.1936078972548265, 0.0025078199476612877, 0.5035021305084229, 1759352101689135425
0.20263765417150922, 0.0043250455619323214, 0.5250125527381897, 1759352101738210332
0.19486367974276317, -0.0007287303691458727, 0.4834662973880768, 1759352101789080126
0.201701321262685, 0.0028830236569339267, 0.49169325828552246, 1759352101834521624
0.1975599082579777, 0.002335071093938001, 0.5085041522979736, 1759352101878618505
0.19754605742389578, -0.0014705068199048596, 0.5313788056373596, 1759352101948183957
0.19908771449445412, 0.0021693645157624688, 0.49664556980133057, 1759352101994146491
0.20433033416611757, -0.0017635667385355479, 0.530296802520752, 1759352102038147639
0.196035652048756, 0.006000164029119305, 0.4999631345272064, 1759352102088238308
0.1937276474670732, 0.0014583190770735355, 0.465379923582077, 1759352102139083749
0.1919507264642029, -0.0018506796642868493, 0.5115845203399658, 1759352102189291404
0.20084029908867673, 0.005333813712634421, 0.49576956033706665, 1759352102248438215
0.20451235578472426, -0.001011115159704703, 0.525424063205719, 1759352102278170825
0.2005525677461854, -0.0015890157430564922, 0.5018413066864014, 1759352102328106569
0.19826915415944846, 0.004149514600870918, 0.48440316319465637, 1759352102395152188
0.20083796795324646, -0.0015060899810765535, 0.5474144816398621, 1759352102438149311
0.1906928294322644, 9.123571088905403e-05, 0.5204676985740662, 1759352102488170442
0.20013309460432285, 0.002749549657995673, 0.48545506596565247, 1759352102538134132
0.19327690062751116, -0.0021407134257252097, 0.5056980848312378, 1759352102586085230
0.20509629246966438, -0.0003807316790675235, 0.5089084506034851, 1759352102635281670
0.19485752246109506, 0.0003421800745830455, 0.480142742395401, 1759352102679014125
0.19606863683192322, 0.0025328727958805206, 0.5119439959526062, 1759352102746494693
0.19738749709048348, -0.0013275879710096846, 0.5077225565910339, 1759352102796345122
0.20326133663285104, 0.001677039815791603, 0.5124028325080872, 1759352102838148580
0.19677875344250997, -0.0018405530915025917, 0.5051446557044983, 1759352102889090468
0.2046996794044185, 0.0013152360601042254, 0.5156171917915344, 1759352102938152932
0.19561181623453905, -8.244432687906352e-05, 0.4991915225982666, 1759352102986142785
0.19666464639331557, -0.0018933247123788537, 0.5061714053153992, 1759352103036317638
0.20194233931317165, 0.00025039166280499273, 0.4810095727443695, 1759352103078374422
0.19605921697946363, 0.0025931408716770897, 0.4784352481365204, 1759352103147613606
0.20197451385556994, 0.0003357497701481256, 0.5218782424926758, 1759352103197267852
0.19414624195690872, 0.0021530861070305947, 0.5195596814155579, 1759352103239173502
0.19449016427244867, -0.0003162980747103235, 0.4843796193599701, 1759352103290136432
0.1976886952624856, -0.003788481901809865, 0.5101345181465149, 1759352103341136462
0.20942512272728941, 0.003371852212889, 0.4838874638080597, 1759352103388164211
0.1970557216977404, 0.000830045404409899, 0.4926742613315582, 1759352103438260103
0.19166592615223801, -0.0007851642224016055, 0.5166199803352356, 1759352103479006062
0.19543862561194109, 0.0012385743499838768, 0.5055989623069763, 1759352103548667074
0.20558460570408008, -1.1428413585297933e-05, 0.5097227096557617, 1759352103598229399
0.20158143019271307, -0.0016770387093136166, 0.5172843337059021, 1759352103638174621
0.1938273198279484, 0.0015040438811482096, 0.4939638376235962, 1759352103688206516
0.19504585558037582, 0.0020748282383311026, 0.5045081973075867, 1759352103738143790
0.20413903238601144, -0.00015752762391408912, 0.5491020679473877, 1759352103788186210
0.1921788064034526, 0.006507179839335418, 0.4869750142097473, 1759352103838268676
0.19443216902950952, -0.0024063862604761185, 0.4949057996273041, 1759352103878350675
0.20049478445598148, -0.0015883105261798299, 0.5021226406097412, 1759352103928182230
0.1983249897533943, 0.00236162870428856, 0.4896734058856964, 1759352103998254174
0.19803521530847343, -0.002010264445637408, 0.5260277986526489, 1759352104038168142
0.19229329980782978, 0.0005244642159276708, 0.5141699910163879, 1759352104089191054
0.19735919418267817, 0.002771490462622837, 0.4836783707141876, 1759352104138164122
0.20496799057890064, -0.00036171372972474715, 0.5012471675872803, 1759352104188165775
0.19611446398330865, -0.0007279241607088028, 0.4871886670589447, 1759352104238605729
0.19663133885706766, 0.002243536805890171, 0.5095599293708801, 1759352104278941692
0.19312975778644653, -0.001090614754665273, 0.5338597893714905, 1759352104329613588
0.20185010118791752, 0.002032167726074534, 0.5060458779335022, 1759352104398199124
0.1962776628134092, -0.0008214084152473955, 0.4913097023963928, 1759352104438478356
0.20375937789112045, 0.0020596673278897833, 0.49149471521377563, 1759352104488387448
0.19540058641034225, -0.0009221260684931256, 0.507365345954895, 1759352104538425053
0.19360077162181438, 0.0011924733179862503, 0.5093693733215332, 1759352104588648674
0.19647632219111832, 0.0006876662027088255, 0.5013870000839233, 1759352104638992607
0.20745920200933018, -0.0002869767612860149, 0.5137659311294556, 1759352104678132417
0.1982168990648465, 0.0022125767449638826, 0.4851917028427124, 1759352104748829871
0.20304964860259692, 0.0005682305926164898, 0.5015226006507874, 1759352104798387922
0.18669140208854812, -0.0039879516887749425, 0.5086238980293274, 1759352104840103003
0.19850854803610005, 0.003297255392928798, 0.513759970664978, 1759352104888584799
0.190449306475153, 0.0011392814563252229, 0.5092867612838745, 1759352104938623459
0.19790525630869876, 0.0005943457109633338, 0.4777156114578247, 1759352104988719918
0.20198657414058005, 0.0032810115959495257, 0.47347837686538696, 1759352105038204735
0.1929936470160615, -0.003386957398232918, 0.5113288164138794, 1759352105079868402
0.19685739594882062, 0.006139573199842829, 0.48972287774086, 1759352105148845900
0.19997274677517862, -0.0005449309431811338, 0.5287947058677673, 1759352105198195161
0.203437879021814, -0.0028689580943464413, 0.5128611922264099, 1759352105239184503
0.19514903819957155, 0.004176664494470006, 0.48401474952697754, 1759352105288225686
0.2027394293384335, -0.0019255844153080555, 0.5049958825111389, 1759352105338185288
0.19973943596161356, -0.0008161726568258793, 0.5094772577285767, 1759352105388223017
0.19481526783735198, 0.0033919332956333444, 0.5062065124511719, 1759352105438201729
0.1955764272784334, -0.003924229778943998, 0.47076281905174255, 1759352105480627052
0.20552117873087575, 0.00570432369535623, 0.4887378215789795, 1759352105548268271
0.19370703088529093, 0.0009292984252830951, 0.4919203221797943, 1759352105594189577
0.19411498081527995, -0.0036473461861463306, 0.5120859146118164, 1759352105642188992
0.19339636753312403, 0.0008136677951029385, 0.5251255035400391, 1759352105692234825
0.20159141319453572, 0.0006286323865590104, 0.4844810366630554, 1759352105734276258
0.2016354549977968, 0.0004773553746157354, 0.502855658531189, 1759352105784196615
0.20028410128539648, 0.0021876324747638087, 0.5063062906265259, 1759352105833251460
0.19058860598117558, -6.658385484169339e-05, 0.48865121603012085, 1759352105883829223
0.1998865538965279, 0.00019526227219035397, 0.519962728023529, 1759352105948197335
0.1941618377892609, 0.0016628519969894557, 0.4962273836135864, 1759352105999285737
0.208481435639922, 0.0001318553167081695, 0.49110299348831177, 1759352106038193462
0.1962813740678555, 0.004087755980611386, 0.5002315640449524, 1759352106088232825
0.19383701197012512, -0.0011005658543550869, 0.5070691704750061, 1759352106138193747
0.19867445393891264, 0.0012925964465204424, 0.5174134373664856, 1759352106188201137
0.19926257344999873, -0.001251051960910784, 0.5172214508056641, 1759352106239300781
0.20278042281486702, -0.0031097519586171457, 0.48569703102111816, 1759352106278870922
0.20263906433215145, 0.0022864811677340145, 0.49373677372932434, 1759352106348191382
0.19682666200816223, -0.0008751796071094834, 0.5178020596504211, 1759352106398514514
0.19407968131745715, 0.0010215199853318019, 0.5141100287437439, 1759352106438205493
0.19791123590013038, 0.002286703920233075, 0.49837321043014526, 1759352106488302636
0.20298309505698306, -0.002203767627799659, 0.49873030185699463, 1759352106538194080
0.19636302374648512, 0.002815844679571121, 0.4790624678134918, 1759352106588182666
0.1995689311157794, 0.00531643085471399, 0.5024505853652954, 1759352106634259865
0.20037729610434024, 0.0023695462821576455, 0.5385769605636597, 1759352106678558432
0.19777230018219397, 0.0033651623163158204, 0.49277806282043457, 1759352106748808317
0.20718313845602063, 0.0015134687199384986, 0.5059365034103394, 1759352106794283766
0.19343619898549716, 0.0016125989932253104, 0.4899459481239319, 1759352106838203975
0.20564773343233617, 0.004265581264218805, 0.4759426414966583, 1759352106888202523
0.19893097869679793, 0.001110970621614774, 0.5246946215629578, 1759352106938274800
0.19394433386149626, -0.0003991055732910705, 0.5274868607521057, 1759352106989203969
0.19757506685171855, 0.0045314093053091965, 0.49271485209465027, 1759352107034302649
0.20117737950281206, 0.0014909576114436383, 0.48208731412887573, 1759352107078369951
0.2005156886466575, 0.0009428673109780405, 0.5049331188201904, 1759352107128646223
0.1999513022132616, 0.003962509500571839, 0.5232650637626648, 1759352107195230868
0.19723378018423063, 0.0033654115270634038, 0.5142048597335815, 1759352107238205734
0.20075362706504976, 0.0006092237038988137, 0.5049453377723694, 1759352107288206577
0.19719346863153175, 0.0046270679218642086, 0.48881927132606506, 1759352107338193732
0.2010743164469998, 0.001522922754581242, 0.5085350871086121, 1759352107385189075
0.1961920680233465, 0.0015515533378932073, 0.4914124011993408, 1759352107435337706
0.19515811568911753, 0.0020474461400521826, 0.48113390803337097, 1759352107478804777
0.20309547880533813, 0.0038232612822937254, 0.5188233852386475, 1759352107545403188
0.1981649702207985, 0.0014048775093897746, 0.4896928369998932, 1759352107596447761
0.2029313575596332, -0.002199612938404889, 0.49791276454925537, 1759352107638206934
0.19882049000315177, -0.002147688059084568, 0.5103872418403625, 1759352107688192353
0.19610990659004834, 0.0017283896152875588, 0.48804447054862976, 1759352107738194260
0.2024781891652551, 0.00025616926669496466, 0.5045487880706787, 1759352107786232021
0.19783735398065952, -0.001397348643698919, 0.5043850541114807, 1759352107836285451
0.19387109628015592, -0.0006647535254821764, 0.4899800419807434, 1759352107878729578
0.1980989897133071, 0.0008582176858370863, 0.4910546839237213, 1759352107946774844
0.19844281705232433, 0.003139560009168913, 0.5188915133476257, 1759352107997341178
0.20760482307606687, 0.0011577911858097795, 0.5203059315681458, 1759352108038213141
0.19751458737113325, 0.0039839209565846, 0.5143651366233826, 1759352108089216921
0.19693600526119773, -0.0003903907783863842, 0.5089972019195557, 1759352108140211257
0.20001075402602855, 0.0020941016033800713, 0.46724486351013184, 1759352108188363279
0.20275339467218068, 0.0012654477157050578, 0.5113414525985718, 1759352108237226616
0.18864797218313395, 0.0017246407378446182, 0.5168330073356628, 1759352108279702017
0.19665462294212116, 0.0009304489777976571, 0.48174354434013367, 1759352108329423907
0.2025800052228982, 0.001958445917289435, 0.49879008531570435, 1759352108398481350
0.2024312253543598, 3.170244500330758e-05, 0.49664685130119324, 1759352108438243113
0.1980798847878534, -0.0004391769610062207, 0.4898540675640106, 1759352108489201345
0.20220902519544096, 0.0009103020953441844, 0.5403847694396973, 1759352108538222531
0.19758021142380383, -0.0005382716908205807, 0.5103790163993835, 1759352108588202216
0.20390828253895102, 0.0002057650107495965, 0.49403467774391174, 1759352108638343998
0.19823823439342336, 0.0004598284593184868, 0.5058731436729431, 1759352108678433404
0.19819734740921938, 0.003054429380161052, 0.4890659749507904, 1759352108748339553
0.19763672647895777, 0.00021558066250391798, 0.5192636847496033, 1759352108798295710
0.19020574690126388, 0.00015275184741113016, 0.5243786573410034, 1759352108839433453
0.200128788673295, 0.00116640885487844, 0.5145818591117859, 1759352108889214698
0.20459033104839144, 0.004268733579994259, 0.499519407749176, 1759352108938289314
0.1977356487961376, 0.0019215062164000699, 0.5047054886817932, 1759352108988297091
0.20140742565589606, 0.002393308853171066, 0.5346618890762329, 1759352109038294789
0.19310886638060415, 0.0005044496982395803, 0.5082800984382629, 1759352109078507543
0.19770636597058214, -0.0015686570527278837, 0.4948776662349701, 1759352109129558473
0.2007064504518748, 0.002665386114915604, 0.5010737776756287, 1759352109198335024
0.19710507388755186, 0.0008387048688041029, 0.4818185269832611, 1759352109238427287
0.19317183695599266, -0.0027048337688123977, 0.5013280510902405, 1759352109289512243
0.20454681747113707, 0.003238818190013622, 0.5045375823974609, 1759352109338435527
0.2032201962352095, -0.0012618293279746192, 0.5081387162208557, 1759352109388506514
0.1992401360728802, 0.0016075253811923475, 0.5059589743614197, 1759352109438338478
0.19885857911536117, -6.988316230351318e-05, 0.47527098655700684, 1759352109478960988
0.2007111079604973, 0.00174269331072173, 0.5018235445022583, 1759352109548898895
0.2031836247925443, -0.002604626982377088, 0.5561956763267517, 1759352109598326366
0.1907409069356359, 0.0034628870926261017, 0.4815841019153595, 1759352109639060837
0.2033125278120987, -0.002954172594178006, 0.5097852945327759, 1759352109688545768
0.20466506629649667, 0.0018935314394875494, 0.4845105707645416, 1759352109738673736
0.19849552492465541, 0.0009573491785900407, 0.4915322959423065, 1759352109788778880
0.19572904669641736, 0.0022891039045608605, 0.5292230844497681, 1759352109838345857
0.19105457287211172, -0.0038109593433601255, 0.5299898982048035, 1759352109879338020
0.20320817600951588, 0.003773193723436295, 0.487820029258728, 1759352109928401057
0.20281488839105474, 0.0003724247575004694, 0.5159085988998413, 1759352109998394711
0.19695986145241337, -0.0018592114995282238, 0.4957752227783203, 1759352110039242824
0.20260752076320795, 0.0006529814625638951, 0.48703426122665405, 1759352110088246330
0.19749266067533347, 0.0009722385044591294, 0.5261616706848145, 1759352110138318502
0.19871856189766662, 0.0032908549673626897, 0.5099323987960815, 1759352110188222442
0.19578143405398976, 6.0798260259659096e-05, 0.4832380414009094, 1759352110239362399
0.1981526134654924, -0.0012933809341852513, 0.5105467438697815, 1759352110280495759
0.20223669497728544, 0.0024405339214047628, 0.4943389296531677, 1759352110348356386
0.19615336675509526, -0.0008328280799348495, 0.5223705768585205, 1759352110399429510
0.2044283831018729, -0.0014262112147604943, 0.5400972366333008, 1759352110438529960
0.20067930844936893, 0.001626035175100105, 0.5007727146148682, 1759352110488316122
0.19932697733171525, 0.0001923093158614523, 0.48544859886169434, 1759352110538426162
0.20238635965025198, 0.0014295730565147783, 0.5100482702255249, 1759352110588287973
0.19629327744096306, -0.00190092513249469, 0.5151311755180359, 1759352110648573765
0.19809219942423945, 0.00138729411985383, 0.5199447274208069, 1759352110678495726
0.1939817503372021, 0.0005201358122039601, 0.5141029953956604, 1759352110729398911
0.19966815875470623, 0.0023900597608145693, 0.5043982863426208, 1759352110799267984
0.19708446485949133, 0.00335779417074385, 0.4657478332519531, 1759352110838495765
0.2017653875050556, -0.002245689284942188, 0.518400251865387, 1759352110888257915
0.19618904864013761, 0.0016790914664196932, 0.5009077787399292, 1759352110938348720
0.20356779346528128, -6.407701718299606e-05, 0.5142989754676819, 1759352110988103689
0.20144097681314108, -0.0004084049436221312, 0.5036332011222839, 1759352111038492328
0.19859481891406874, 1.0554352210538195e-05, 0.4963817000389099, 1759352111079105073
0.2017779254754314, 0.002375182800142554, 0.49486517906188965, 1759352111148776952
0.19575382525463045, -0.0002666032648061351, 0.5134220123291016, 1759352111198351980
0.1926079571119667, 0.003928181573478926, 0.5067988634109497, 1759352111238251665
0.2019963964044705, -0.0019581084051998278, 0.5254190564155579, 1759352111288254450
0.20180802605942802, -0.000497429886710729, 0.48470014333724976, 1759352111338242161
0.19402370786967457, 0.0037066792993485885, 0.48513996601104736, 1759352111388263058
0.19928524882252507, -0.001455948010156586, 0.5336387753486633, 1759352111434264424
0.19573388632382133, -0.0010231504054850327, 0.5320430397987366, 1759352111478287296
0.20165043161252597, 0.002962346709037343, 0.4889461100101471, 1759352111548285979
0.1984121191228882, 6.55115927673167e-05, 0.49632444977760315, 1759352111594509788
0.19490967373582127, 0.00036499799363856334, 0.5098173022270203, 1759352111638255398
0.198036021640612, 0.0005273708242877534, 0.49411290884017944, 1759352111688269516
0.20244121195763987, -0.0018332854192882671, 0.5208187103271484, 1759352111738258715
0.19157183279451806, 0.001515912836676615, 0.5004035234451294, 1759352111789245107
0.2031139781320223, 0.0039996611748660035, 0.48113149404525757, 1759352111835366245
0.1956690861857524, 0.00034414179390873726, 0.5093409419059753, 1759352111878362630
0.20201830642822954, 0.00268221319794056, 0.5090689063072205, 1759352111928198837
0.19444746461488485, 0.0015087624761731175, 0.5083816647529602, 1759352111995295174
0.20251932424093466, -0.0016249420653259685, 0.5236705541610718, 1759352112038329829
0.1975784148899682, -0.0007513169193863744, 0.47452881932258606, 1759352112088258528
0.20504587998045998, 0.0014179112200345006, 0.4729824662208557, 1759352112138254568
0.19227306297372274, -0.00033241674045789187, 0.5245773792266846, 1759352112189270208
0.2017802797635826, 5.9585948280313126e-06, 0.5159925222396851, 1759352112235378421
0.19616851004431304, 0.0006192334935418391, 0.5149385929107666, 1759352112278100834
0.1996439929743295, 0.0020464963796491186, 0.49100014567375183, 1759352112329001241
0.1988196885437311, -0.0005400708676482181, 0.513787567615509, 1759352112396336512
0.2076390404137782, 0.0025193534476543955, 0.4884580969810486, 1759352112438291532
0.20024296336641065, -0.002280916207630857, 0.519786536693573, 1759352112488335729
0.19690347975755224, 0.00627868783184069, 0.5014448165893555, 1759352112538251405
0.19715745358891074, -0.001137448448824009, 0.49035799503326416, 1759352112586348720
0.1993712843408112, -0.0018058399258159888, 0.49290090799331665, 1759352112636348569
0.1955662783578968, 0.003627996213506507, 0.4706465005874634, 1759352112678737139
0.19982512239703604, 0.0008238789683683453, 0.499326229095459, 1759352112728629563
0.19921114329035958, 0.001165936844624195, 0.5283056497573853, 1759352112797296357
0.1981442081836445, 0.002928509826788132, 0.49410009384155273, 1759352112838278070
0.20217100256283138, -0.0015465358038200172, 0.5013428330421448, 1759352112888303056
0.19493379446564427, -0.00041634007682985754, 0.49552255868911743, 1759352112939255791
0.1981413198638269, 0.003740203750823691, 0.49708226323127747, 1759352112987274433
0.1922790447687403, -0.0032301059325887042, 0.5224852561950684, 1759352113037445845
0.2080171859951432, 0.002393772256032375, 0.5084668397903442, 1759352113079506024
0.19854517105536565, 0.003160067307795071, 0.4890955686569214, 1759352113147298969
0.20046121244407067, 0.002109993159794119, 0.5002027153968811, 1759352113197310712
0.20262577873774482, 0.0009059293018568168, 0.47143974900245667, 1759352113238353785
0.1977302084572362, 0.004350373300156548, 0.5187690854072571, 1759352113289258934
0.1974116861946847, 6.930876010623585e-05, 0.5399074554443359, 1759352113338258047
0.1970707862001274, -0.0022831977995577384, 0.5108174085617065, 1759352113388432528
0.19800255123743363, 0.005450630164528186, 0.48929449915885925, 1759352113438679090
0.20864897357299483, 0.002695725597885889, 0.4878183603286743, 1759352113479116717
0.19678252879061353, 0.0025347437967318484, 0.4896319806575775, 1759352113528764167
0.19617053540651916, 0.0023361726241837933, 0.5123289823532104, 1759352113598553384
0.1979138276259828, 0.00012934019252688875, 0.5163511037826538, 1759352113638268105
0.19545059163087652, -0.0010881959589887997, 0.4878220558166504, 1759352113689274937
0.20274102220339155, 0.005027466627958573, 0.49138081073760986, 1759352113738514858
0.2026874712136338, 5.192748890154925e-05, 0.5218806266784668, 1759352113788257744
0.18909942188172044, 0.004305581848302715, 0.510130763053894, 1759352113839518501
0.2009987323920387, 0.001309364553093539, 0.5278163552284241, 1759352113879141147
0.20116930656121895, 0.003439976963328917, 0.5041491389274597, 1759352113929470535
0.19843391420733003, 0.0016990690138501286, 0.47792065143585205, 1759352113999309217
0.2041701234995179, 0.003728628671595344, 0.5056673884391785, 1759352114038399749
0.19306813838772646, 0.000871404943655596, 0.5196363925933838, 1759352114090521027
0.20384437898372626, 0.003092396832201269, 0.5109007358551025, 1759352114138426109
0.19886326182297698, 0.0044118425431325554, 0.4907582998275757, 1759352114188549760
0.20421957474678792, 0.0009102330807905754, 0.5214502811431885, 1759352114239337072
0.20155221152696734, 0.0020123060083722054, 0.481661856174469, 1759352114278433366
0.19473209638617833, 0.001138406208901717, 0.5065116882324219, 1759352114349052004
0.19133577598989474, 0.001407564791337294, 0.5166865587234497, 1759352114399874733
0.20307521766513692, 0.0009497368554737423, 0.5049031972885132, 1759352114439411995
0.2016758665784284, 0.0011233238374591939, 0.48985663056373596, 1759352114488523440
0.2029272774948119, 0.002207161813866097, 0.4821001887321472, 1759352114538624457
0.19575902696593173, 0.004104797670913918, 0.4898882210254669, 1759352114588793454
0.20581844480532113, 4.748854675167587e-05, 0.5324709415435791, 1759352114638332153
0.18893130253349238, -0.0008763532455355261, 0.49907130002975464, 1759352114679420160
0.2015767542908121, 0.0023779640267392595, 0.5051760077476501, 1759352114748472331
0.19606439995412592, 0.002442467811221357, 0.5138547420501709, 1759352114799423306
0.1998444689465151, -0.0009086623036171826, 0.5018451809883118, 1759352114839276613
0.1999157046433872, 0.0031109783979098474, 0.5070939064025879, 1759352114888275193
0.19932537433476755, 0.0011594079553039394, 0.5072400569915771, 1759352114938286848
0.19670114549019366, -0.0012118837818568804, 0.5030187368392944, 1759352114988281553
0.1962827986423685, 0.0014935186234114662, 0.49830788373947144, 1759352115039360779
0.19855728662517486, 0.0013623974590530289, 0.4969993829727173, 1759352115079995305
0.20083575407991228, 0.003153656825837967, 0.5207105875015259, 1759352115128261093
0.19488998968629795, 0.00284066493303312, 0.5219411849975586, 1759352115199290889
0.2021043590942419, -0.002916431202020334, 0.49737119674682617, 1759352115240275318
0.2031414491908715, 0.0037442340978247877, 0.4812728762626648, 1759352115288151577
0.19477319204378787, 0.0013254877273685352, 0.4930700957775116, 1759352115338297008
0.19701428349848366, -0.0005134533049104797, 0.5198703408241272, 1759352115388297458
0.1897079396064277, -0.0003232403843232899, 0.5028095245361328, 1759352115439339487
0.20011177671122582, 0.0013847904668954447, 0.4916274845600128, 1759352115479576314
0.19954386940798416, -0.00014804586895657027, 0.5089538097381592, 1759352115545083286
0.2007100427556479, 0.0019370010560137419, 0.4854753017425537, 1759352115595484016
0.20064169218616476, -0.0019069408677883021, 0.5053464770317078, 1759352115643299498
0.2001926253490528, 0.0013045758713072745, 0.5276486873626709, 1759352115693301388
0.19426306466215784, -0.0018724150601280383, 0.49621835350990295, 1759352115734302148
0.20327668666308787, 0.001463809208159214, 0.5062562227249146, 1759352115783306980
0.19806781456419412, -0.0003730955060873555, 0.5003550052642822, 1759352115833362037
0.1913583050289734, -0.001849435398972938, 0.4849036931991577, 1759352115883394111
0.2018036349911924, 0.0029442223315499314, 0.5116618871688843, 1759352115933300149
0.19365542901658395, 0.0015472998685040185, 0.5248958468437195, 1759352115994304213
0.1954770282519704, -0.0014778769349522143, 0.486356258392334, 1759352116044310254
0.20734888242548802, 0.002647216119724854, 0.5028420686721802, 1759352116093315652
0.20016578762399093, 0.0005747684005630275, 0.4983367323875427, 1759352116133309896
0.19448429288997426, -0.0014371858333529469, 0.5112669467926025, 1759352116184301071
0.1938148296328947, 0.0010913567403978924, 0.5222589373588562, 1759352116234382551
0.1961891981683331, 0.0010529413308323137, 0.4977126717567444, 1759352116284528398
0.2037604643537833, 0.0017021459377269585, 0.4798678755760193, 1759352116343104222
0.19554230959995247, 0.0016920218644312878, 0.4981086850166321, 1759352116394627175
0.19222140827552767, -0.0009773872327854258, 0.494881808757782, 1759352116439515194
0.20269641879110975, 0.0009476018142545082, 0.5258187651634216, 1759352116488359166
0.1945011935719428, 0.0009067873687647552, 0.5172128677368164, 1759352116538325503
0.20110349182853826, 0.0002559424776622602, 0.488731324672699, 1759352116589323235
0.2050497025484253, 0.0035576712613052982, 0.4940553903579712, 1759352116635387452
0.19086085672042488, 0.0013565597935623196, 0.5096539855003357, 1759352116679796159
0.19962512435663074, 0.0004154981040283617, 0.5240931510925293, 1759352116728791683
0.19555261360384543, 0.0020010701733656822, 0.5063212513923645, 1759352116795448142
0.19962578178177795, -0.0031464627904966872, 0.5195418000221252, 1759352116839332557
0.20380909596402086, 0.004818899865636389, 0.4782765805721283, 1759352116888327781
0.19508925674710964, 0.0016705066950097405, 0.49777159094810486, 1759352116938304424
0.19793402377411376, -0.0023599893865689733, 0.514721155166626, 1759352116989329785
0.1967612786692584, 0.0035389243390703735, 0.4921439588069916, 1759352117035407290
0.19806052519235068, 0.0022609022490706863, 0.5039058327674866, 1759352117079630136
0.19931126068633342, 0.00013334466935672595, 0.5010054111480713, 1759352117150374369
0.20664009896343777, 0.0068670988789346025, 0.4783010184764862, 1759352117196317327
0.20074391585611057, -0.002999113743936029, 0.5180511474609375, 1759352117239334864
0.1978095471739538, -0.0023755287235488532, 0.5106734037399292, 1759352117289335461
0.20064000243492452, 0.002570181664584146, 0.4829796552658081, 1759352117339318221
0.20368113345732128, -0.0031329331486616317, 0.527725338935852, 1759352117385316297
0.19037412874956633, 0.0018270768235645345, 0.49138587713241577, 1759352117436443731
0.18169776127549478, 0.0009112190523360898, 0.46161484718322754, 1759352117479853780
0.1950682900794882, 0.0030467538500699555, 0.5286688208580017, 1759352117547654314
0.19746980695094593, 0.002391620817024958, 0.5233215689659119, 1759352117597578120
0.2017021557252258, -0.0018371665077805406, 0.5027657747268677, 1759352117639402728
0.19622770562718528, 0.0034440346913239966, 0.4890965521335602, 1759352117689324252
0.20103158778552613, 0.0005841664052676805, 0.5064775943756104, 1759352117739347058
0.1974659811903319, 0.0013290863223363112, 0.5085280537605286, 1759352117787325975
0.19296991649297074, 0.0011631096979130085, 0.508263111114502, 1759352117837338405
0.19846458880326442, -0.00016610488498948082, 0.4904739260673523, 1759352117879681218
0.19706574359030424, 0.002488300479696633, 0.47882261872291565, 1759352117930758916
0.1997884967009067, 0.0015828695107894225, 0.522646427154541, 1759352117997423398
0.19515313127625405, 0.0006530454416499666, 0.5075074434280396, 1759352118040455208
0.1965971501630883, 0.0012984291348536658, 0.5004223585128784, 1759352118090344115
0.1984868104912335, -0.0024228913731219044, 0.5214108228683472, 1759352118141334294
0.20680832972593685, 0.0026676831110321944, 0.4847424626350403, 1759352118188534532
0.19363666162056536, 0.0016013407773063152, 0.4847615957260132, 1759352118239920559
0.1977116785197044, -0.0013292099334994627, 0.5249494314193726, 1759352118279246608
0.1975737856469333, -0.00013871425871421136, 0.5206871628761292, 1759352118329396564
0.19500668509561891, 0.001924870806947916, 0.5111250877380371, 1759352118399753877
0.20627059865002587, -0.0012948550708524, 0.4980524778366089, 1759352118439339157
0.1945493226149016, 0.0008831969851217233, 0.49894461035728455, 1759352118489345719
0.20050056575143813, 0.0037814713171226266, 0.5220527052879333, 1759352118539342346
0.19937396650277497, 0.0008297050518885626, 0.5336052179336548, 1759352118589341840
0.19790423435687005, 0.004883998487970965, 0.4888247847557068, 1759352118639979565
0.19506986251540231, -0.0016966710711406937, 0.4954102635383606, 1759352118679768389
0.20280079813842622, 0.0016360019963185344, 0.5209029912948608, 1759352118749196239
0.1952253125827501, 0.005578694796435133, 0.4528447091579437, 1759352118779603189
0.1966682844059208, -0.0011645086701074113, 0.5001401901245117, 1759352118839482506
0.20024274451572968, -0.000336865186010759, 0.5205402970314026, 1759352118889532790
0.19513159643332115, 0.0007082864946748518, 0.4809460937976837, 1759352118939667775
0.2000945165204038, -0.002399325034171977, 0.5140631794929504, 1759352118989591198
0.19946334243482328, 0.00230408685385307, 0.484486848115921, 1759352119039805135
0.20349151953869904, 0.003490093337137988, 0.5052219033241272, 1759352119079346593
0.19532267457384214, 0.0015207527326008242, 0.5314809083938599, 1759352119149600616
0.1983998897247257, 0.0025006903876553374, 0.49284279346466064, 1759352119199832156
0.19570764257204662, 0.0012117903332567802, 0.48920729756355286, 1759352119240201638
0.20588920757412557, 0.002481590321950085, 0.497931569814682, 1759352119289580579
0.1982185353863718, 0.003437916314681446, 0.49853232502937317, 1759352119339692940
0.19652838517095939, 0.0027006118977596348, 0.49647268652915955, 1759352119389723978
0.20413784425545858, 0.0032187498951845414, 0.5243369936943054, 1759352119439373202
0.20215473578796248, 0.001434768761581253, 0.4902343153953552, 1759352119479791489
0.20076556840183604, 0.006183609015035548, 0.4968284070491791, 1759352119549150867
0.20074209350809438, -0.0005458468256447604, 0.5109602212905884, 1759352119599528059
0.19030187177176172, 0.0004711105741660301, 0.5008240938186646, 1759352119639525993
0.19928798592498148, 0.0022817249469366373, 0.4900260269641876, 1759352119689384696
0.20526292639699217, 0.002816343732513224, 0.5073842406272888, 1759352119739387076
0.19965506634734628, 0.003505127418002647, 0.476908415555954, 1759352119789385855
0.19719830437264005, 0.0034322513795503, 0.47773149609565735, 1759352119839503729
0.19477890627907435, -0.0012388682588842972, 0.5395956039428711, 1759352119880756535
0.19320902562667988, 0.005723704712837776, 0.5103892087936401, 1759352119929731595
0.20283491957462313, 0.005389573944664714, 0.5157613754272461, 1759352119999409189
0.19948776439169047, -0.0011502828240676725, 0.4950774312019348, 1759352120040390666
0.20232329431254997, 0.0019349197867545719, 0.46366703510284424, 1759352120089391816
0.19911606327988843, 0.0007824641953572399, 0.4880821406841278, 1759352120139395117
0.1985078146094637, 0.00030251722372669334, 0.5318608283996582, 1759352120189375815
0.19156192184354245, 0.00045275315098701154, 0.5234098434448242, 1759352120239390729
0.20043040852036673, 0.0043858519778133195, 0.5087350010871887, 1759352120279605219
0.2012692291526789, -0.0013601195483869447, 0.5049809813499451, 1759352120329404001
0.19748744637755405, 0.002643873703017125, 0.4856220781803131, 1759352120399577789
0.20677384220028977, 0.00014820402367360112, 0.5236281752586365, 1759352120439398289
0.19464022020441052, -0.0014373280906986358, 0.49887001514434814, 1759352120489386163
0.19782853934302452, 0.003957872323483764, 0.47690388560295105, 1759352120539403540
0.20876365287851645, 0.0005263707003975962, 0.5108581781387329, 1759352120589401219
0.20004941661559192, 0.0026798923495891416, 0.48572760820388794, 1759352120639400133
0.18646528375783367, 0.003077431037693025, 0.4771605432033539, 1759352120684886160
0.20078449007447127, -0.0011076721871537223, 0.516260027885437, 1759352120744783594
0.19693587850661137, -0.0008126580177156923, 0.4937897324562073, 1759352120794834311
0.20990800441858654, -0.0005903912669658822, 0.49610012769699097, 1759352120844406597
0.20254434726003442, 0.0010251803526363115, 0.48059821128845215, 1759352120894409821
0.19237828353005987, -0.001233715175968537, 0.5101562142372131, 1759352120934408471
0.19424344111377506, 0.0035154287162379384, 0.5338467359542847, 1759352120984398300
0.20266077265737223, 0.0007178047887327078, 0.5071280002593994, 1759352121034973592
0.20252611424362799, -0.002119182296153662, 0.49171310663223267, 1759352121084871422
0.19966355463233415, 0.0013864388367053142, 0.49655449390411377, 1759352121130406893
0.1973014749926013, -0.00015977992353841214, 0.5078417062759399, 1759352121201003661
0.20645451421451314, 0.0010197737146660556, 0.5138112902641296, 1759352121239414173
0.1971542553381124, 0.0037591474365236887, 0.49764546751976013, 1759352121289412763
0.20593825610996724, -0.0014967596531441406, 0.5277053117752075, 1759352121339416856
0.19620783189098565, 0.003819569787904667, 0.47485899925231934, 1759352121389394249
0.2017945132885901, 0.0036204471387184956, 0.4814337491989136, 1759352121435417253
0.19970364897875273, -9.560946800363552e-05, 0.520965576171875, 1759352121479677482
0.19540750446562902, 0.002087427648550575, 0.5116897225379944, 1759352121529426666
0.20019691062088357, 0.002253698699744246, 0.4946609437465668, 1759352121595624133
0.19835803606610852, -0.0035859730465109515, 0.4916074573993683, 1759352121639546672
0.20103935902848488, 0.004084075554861454, 0.48188260197639465, 1759352121689423301
0.20285481420359264, -0.001044063106137347, 0.5139968991279602, 1759352121739404882
0.1918469101887631, -0.0010783795777271577, 0.5328056812286377, 1759352121790426234
0.20035439458139628, 0.000952409788854794, 0.5058836936950684, 1759352121834441047
0.19859726394518337, 0.00137000098191733, 0.49560055136680603, 1759352121879640283
0.19884441791809968, 0.002367860497383005, 0.49489837884902954, 1759352121950683938
0.20992009099726883, 0.0008335842047749712, 0.5239489078521729, 1759352121996429940
0.199034680949066, 0.004290874504133082, 0.50475013256073, 1759352122039430754
0.19962330374342302, -0.0010266637822872599, 0.5009315609931946, 1759352122089437885
0.20219713270722495, -0.0001247956228959672, 0.48631715774536133, 1759352122139413340
0.20139726376365075, 0.001703568523852824, 0.49592748284339905, 1759352122186421644
0.1985511581815387, 1.4788401952700443e-05, 0.4980981647968292, 1759352122236444707
0.1923242705218474, 0.004739315914111141, 0.5116729140281677, 1759352122280056337
0.19992297458498082, 0.00207711721308143, 0.5207412838935852, 1759352122346699423
0.20323337432787586, -0.0014498825218521771, 0.4965404272079468, 1759352122397310147
0.19996869032651132, 0.000723355920173631, 0.4823053777217865, 1759352122439674452
0.20092603922832453, 0.000311952504177268, 0.5041074752807617, 1759352122489418232
0.19166955176107908, 0.0004208256535379102, 0.502519965171814, 1759352122539442509
0.19950688628098398, 0.00039878940211475635, 0.5222889184951782, 1759352122587421901
0.19879250098263282, -0.001043140470365519, 0.5074483156204224, 1759352122637440045
0.19932404541026089, -0.00019830453341809044, 0.4975779056549072, 1759352122679714924
0.19804889920379432, 0.0022133092464483215, 0.5070571303367615, 1759352122747171254
0.1971444075678868, 0.0002877468330694072, 0.5271168947219849, 1759352122797594309
0.19498931264890865, -0.0006144812451278696, 0.5065628290176392, 1759352122840458621
0.20114546850341763, 0.004255733369031488, 0.5062546730041504, 1759352122890425807
0.19670690283205663, -0.0017287471277280836, 0.510469913482666, 1759352122941427621
0.20325501945702412, 0.003158165193518841, 0.48970383405685425, 1759352122988454002
0.19691188603199478, 0.002770161489758764, 0.5059126019477844, 1759352123038446551
0.20305026693261735, -0.0013429838263916305, 0.5228318572044373, 1759352123079565666
0.19070125975799224, 0.00039202659170494564, 0.4866177439689636, 1759352123131031408
0.2064505541116593, 0.0006481263544294576, 0.4962539076805115, 1759352123199450155
0.20214441441944583, -0.0010249598838283237, 0.5148435831069946, 1759352123239439077
0.1997931185214825, 0.0007584635852428732, 0.49358201026916504, 1759352123290438650
0.1962788921969822, 0.0024132323724142674, 0.5145117044448853, 1759352123339469625
0.19639527656228928, -0.0026509909496438763, 0.534282386302948, 1759352123389445914
0.1976588152605269, 0.0012415592225964492, 0.4842282235622406, 1759352123439989601
0.20201948797165248, -0.0017820604598824635, 0.5107693076133728, 1759352123479983244
0.20458689981529443, -0.0003147635900829728, 0.4896923303604126, 1759352123529245788
0.19552668941924167, 0.0033016012787639476, 0.4887741208076477, 1759352123599462507
0.1945982303180528, -0.003791679741715039, 0.5212075710296631, 1759352123639527866
0.19957791061408844, 0.001158931854518056, 0.49869731068611145, 1759352123690543477
0.2048610687844874, 0.00325832531334957, 0.5048313736915588, 1759352123739683202
0.19956240412845733, 0.0014912295430046408, 0.5031008124351501, 1759352123789761096
0.19669333761764826, 0.001199337174044362, 0.51651930809021, 1759352123839496746
0.1945545649382355, 0.0019892875437854066, 0.5168741941452026, 1759352123879188340
0.19687667643317164, -0.0010929601004010486, 0.5055378079414368, 1759352123930694574
0.20112320060989392, 0.0003982530124253512, 0.4850258231163025, 1759352124000852508
0.20412534448032515, 0.0008147793935642967, 0.4865303635597229, 1759352124039127942
0.1903927031733234, 0.0009605331594637102, 0.4969865083694458, 1759352124090554953
0.19999260620211856, 0.0017824797737442963, 0.5100153684616089, 1759352124139746585
0.20170867269118584, 0.001802076333971504, 0.5153800845146179, 1759352124189298651
0.19962387991740588, -0.0025405279285941845, 0.5152735710144043, 1759352124239479358
0.19483412734586525, 0.0030440334026110424, 0.46951937675476074, 1759352124299880043
0.2039792912077659, -0.0037779667042361223, 0.5079120993614197, 1759352124329738217
0.19596828654682744, 0.001426579227446515, 0.5252710580825806, 1759352124399567210
0.19421818093296883, 0.002778250457867026, 0.49217453598976135, 1759352124439622706
0.1983137154806118, -0.0007655695015933954, 0.513705313205719, 1759352124489478915
0.20498043217403333, -0.0004000066821387657, 0.5014260411262512, 1759352124539483117
0.197362832943764, 0.0020615899992691747, 0.48894003033638, 1759352124589500839
0.1981800718853315, 0.0018403075943220946, 0.5057222843170166, 1759352124639525757
0.1855896342270013, -0.003168021822289319, 0.5289744734764099, 1759352124681044143
0.20504550426479035, 0.0032718555180221293, 0.5106335878372192, 1759352124729367886
0.19690107172646543, 0.001858315884974953, 0.5001781582832336, 1759352124799496132
0.19596489568240005, -0.0001467363882851341, 0.49331969022750854, 1759352124840481300
0.19977371979625805, 0.0025760897777010916, 0.49181365966796875, 1759352124889487731
0.19264941495988253, 0.00020478535453843816, 0.5132421851158142, 1759352124939490778
0.20014772383812546, 0.00025563061949595087, 0.5204724073410034, 1759352124989506938
0.20173971490856568, 0.0015506825423553033, 0.4761608839035034, 1759352125039575324
0.1961212506195445, -0.003507476412394755, 0.5121108293533325, 1759352125081108209
0.20333785768853527, 0.0008824001857164164, 0.48669886589050293, 1759352125129881258
0.19780489902291865, 0.0012705855525603107, 0.5025978684425354, 1759352125199497789
0.2032418756791294, -0.0021362610425377975, 0.5111585855484009, 1759352125239509249
0.20040803361729975, -7.178202474132779e-05, 0.5064438581466675, 1759352125289486309
0.19544053594213628, 0.001027003910379687, 0.4780277609825134, 1759352125336498423
0.1999540710725355, 0.0016966484627682632, 0.49513426423072815, 1759352125385476544
0.19079278987480927, 0.0012537864387472538, 0.5025363564491272, 1759352125436584333
0.20071025336287016, 0.0007118839584129065, 0.5282593369483948, 1759352125483328779
0.20133023761598007, 0.0013728883477823748, 0.5016220808029175, 1759352125544208514
0.1939013697140439, 0.0016378659832898274, 0.48304495215415955, 1759352125595128108
0.2011617544556137, 0.004526730474336399, 0.4737027585506439, 1759352125644507191
0.20156231379324552, 0.0014345909401006641, 0.5364637970924377, 1759352125694500365
0.193594376862664, 0.0004057287118469807, 0.5243871808052063, 1759352125734500559
0.19651741525873895, 0.001817561619824807, 0.4879865050315857, 1759352125784504865
0.19325490528719788, -0.001537211394982506, 0.49608078598976135, 1759352125840564955
0.21026816790051175, 0.004036734954997995, 0.47446322441101074, 1759352125879287862
0.19997890673051205, 0.0004430331798581516, 0.4811422824859619, 1759352125929874020
0.1926871322501007, -0.0009063420330482143, 0.5341871380805969, 1759352125979508858
0.1937771707226434, 0.0053307751728167915, 0.5099837183952332, 1759352126039509631
0.20630064200966705, 0.0008192576463938935, 0.5346886515617371, 1759352126089511268
0.1986430832618698, 0.0011501660445038077, 0.503172755241394, 1759352126139510807
0.1979702623180731, 0.002549604946943638, 0.4706631004810333, 1759352126189498799
0.19395249122631306, 0.0002705651265508494, 0.5379870533943176, 1759352126234609742
0.19885531443657598, 0.0027323049596746124, 0.5261435508728027, 1759352126279168826
0.19637449950151775, 0.0016342463359074362, 0.4834682047367096, 1759352126329355785
0.20023033086620198, 0.0032915615467836454, 0.49088162183761597, 1759352126379809380
0.19780245243580782, 0.0039925553841467475, 0.5012126564979553, 1759352126440514441
0.19790519218892355, 0.003528224563847263, 0.49373164772987366, 1759352126489522568
0.19872603350320123, 0.005451706211310035, 0.526788055896759, 1759352126539518511
0.19768061601839504, 0.0019290838229109564, 0.5072504878044128, 1759352126590519000
0.2043774164279462, 0.0051788306754669885, 0.49082159996032715, 1759352126635544272
0.19620149935868791, 0.0010051185562238996, 0.48052746057510376, 1759352126679716417
0.20110056734720141, 0.002122690037697916, 0.5059836506843567, 1759352126729825751
0.19807249416840517, 0.0037277221563169023, 0.49044638872146606, 1759352126796871109
0.2039074912073646, -0.0008387522528368793, 0.526753306388855, 1759352126839530565
0.19688856239315608, -0.0005356648345799666, 0.4959432780742645, 1759352126889529197
0.19854850574085564, 0.003353272307691853, 0.49256181716918945, 1759352126939504774
0.1967598062970639, 0.0003167830842713594, 0.5123724341392517, 1759352126990532540
0.20228793829810102, -6.66095976577083e-05, 0.5234594941139221, 1759352127036627064
0.1951336895865324, 0.0037487840476612376, 0.48948997259140015, 1759352127079911153
0.20227678573244165, 0.002164072559365437, 0.5193839073181152, 1759352127129892643
0.2015980335137343, 0.0016561012678044228, 0.4836462140083313, 1759352127197494317
0.2034016203721704, 0.002608806538987622, 0.4811546504497528, 1759352127239531754
0.19566454453399842, -0.0011615165882848959, 0.5280448794364929, 1759352127289512152
0.19652138137142536, 0.004363835762170584, 0.5004004836082458, 1759352127339533969
0.19569363450008875, 0.004332754345334405, 0.491151362657547, 1759352127387515546
0.20486247897652704, -0.0008163660409060599, 0.5157267451286316, 1759352127437628409
0.1968613723678693, 0.0034116270357714236, 0.47344163060188293, 1759352127479794608
0.200852624549091, 0.0011090328932708974, 0.49761465191841125, 1759352127547573608
0.19861966210459386, 0.002143296073414083, 0.5161139369010925, 1759352127597306229
0.19657711820106502, 0.0021114413087932027, 0.482424795627594, 1759352127639580418
0.20302513942034342, 0.000554261497620794, 0.5107421278953552, 1759352127689518352
0.19797542776216095, 0.0010026217898314288, 0.49518051743507385, 1759352127740521808
0.19615863620958524, 0.0057750597530650555, 0.49166977405548096, 1759352127788541563
0.19950982505861733, -0.0006699462231301767, 0.5218310952186584, 1759352127838540918
0.19440766771589393, 0.0008266536199369676, 0.5076488852500916, 1759352127880806684
0.1964985956420399, -0.0022172617986870756, 0.49003517627716064, 1759352127931467648
0.20258016940016765, 0.005171618321141103, 0.49408668279647827, 1759352127999555243
0.19912166327732578, -0.0007159283138710912, 0.5085558295249939, 1759352128039606896
0.19436105674432755, -3.916987289531551e-05, 0.5147659778594971, 1759352128090535421
0.2005514934878816, 0.0022959752904943473, 0.5256720185279846, 1759352128139719196
0.20252638934611256, -0.002298781693160817, 0.5032913088798523, 1759352128189565910
0.19278302289774962, -0.000490211275289141, 0.485794335603714, 1759352128239593380
0.2049010376620645, 0.003054480537632389, 0.4977100193500519, 1759352128279244131
0.19532807983282244, -1.851663804404628e-05, 0.49937713146209717, 1759352128349827447
0.19956058152687017, 0.0009224582727060861, 0.5011277198791504, 1759352128399858327
0.19753443108753962, -0.0001594941324366778, 0.5112612843513489, 1759352128439811966
0.20116605381904837, -0.004149031104074431, 0.5024906396865845, 1759352128490646065
0.2007101838954626, 0.006381997087609555, 0.4683705270290375, 1759352128539699677
0.20149740491658996, -0.002618311460499352, 0.5171126127243042, 1759352128589830297
0.19747790977073237, 0.0018584828566550755, 0.5171089768409729, 1759352128639324084
0.19550896644334115, 0.001132177910492027, 0.5057258009910583, 1759352128679229962
0.20108046215670955, -0.0004263873814709688, 0.49192774295806885, 1759352128749743313
0.19755303227420085, -0.0006616280611870476, 0.47533857822418213, 1759352128799953737
0.20242397262729833, 0.0014904604215917236, 0.5110259056091309, 1759352128839219430
0.1961279532786177, -0.0046176884392032805, 0.5097812414169312, 1759352128890346852
0.19638060667221993, 0.002241550790156514, 0.5100541710853577, 1759352128939422264
0.20355779645601343, 0.0008372642123330052, 0.4867071509361267, 1759352128989888301
0.20480763993008852, 0.0002788736005431085, 0.5013759136199951, 1759352129039577177
0.19281743761968576, 0.005470197990429152, 0.48260071873664856, 1759352129079966426
0.19729568763950558, -0.0005110971969513032, 0.52285236120224, 1759352129149760425
0.19706133376815896, -0.0017000475851980986, 0.5076900124549866, 1759352129200174244
0.2034198434495801, 0.0001345631308070483, 0.4788081645965576, 1759352129239674594
0.20392665626953652, -0.0005407589585398025, 0.4862470328807831, 1759352129289718898
0.1983005480688016, 0.0008907384206244297, 0.502819299697876, 1759352129339572096
0.19388647492783814, 0.0016295086563713073, 0.5206420421600342, 1759352129389576194
0.19873534501456663, 6.543998015806984e-06, 0.5276151895523071, 1759352129439671800
0.19780024539522773, -0.0016091112978762559, 0.5047382712364197, 1759352129480375132
0.20129881573245442, 0.0022271870311623807, 0.4970700740814209, 1759352129549484587
0.19902691463852426, 0.0017232103209875815, 0.4913243055343628, 1759352129599654345
0.19635766373590494, -0.003046526296824493, 0.4917699992656708, 1759352129640577770
0.1952293657626725, 0.004374775337827394, 0.508736789226532, 1759352129689580094
0.19683255936915817, 0.003020079490521268, 0.5388995409011841, 1759352129739580238
0.19912362892632274, 0.0006684215976525429, 0.5041812062263489, 1759352129789576948
0.20143046280562207, -0.0010958860239678116, 0.4858289957046509, 1759352129839589965
0.19832051833100045, 0.00172775250661356, 0.5164202451705933, 1759352129881502250
0.2020955684435394, 0.001908179449245901, 0.5157280564308167, 1759352129929496115
0.19221687094179443, 0.002632992093106802, 0.505494236946106, 1759352130000600844
0.1899895545067295, -0.0003621669642145707, 0.4956056773662567, 1759352130041640506
0.2029777491534203, 0.00042307023257890633, 0.47892412543296814, 1759352130089583549
0.2060470797387938, 0.0007583212834188097, 0.48009634017944336, 1759352130139587769
0.19761791786443816, 2.9692375592282214e-05, 0.5263547897338867, 1759352130189569035
0.18575323325876192, -0.0008011763955683064, 0.4923267662525177, 1759352130236691312
0.20195172335217015, 0.003690414046631221, 0.5035489797592163, 1759352130283356442
0.20327272973737912, -0.001700729502182441, 0.51911461353302, 1759352130333780713
0.19950211029477977, 0.0018545199441311947, 0.48609569668769836, 1759352130375603778
0.20172428305037785, 0.0022377921788711962, 0.5033864378929138, 1759352130443590189
0.1948162602597855, 0.0015585984474256191, 0.520844578742981, 1759352130494593685
0.20365789216246769, 0.0030549324104238275, 0.49116721749305725, 1759352130534593960
0.19986705185303563, -0.00037708146266133283, 0.501097559928894, 1759352130584594190
0.19560848380718918, -0.0006849273795293948, 0.489507257938385, 1759352130640673232
0.20337479071235107, 0.0012500088626968375, 0.4936322867870331, 1759352130679463101
0.1977719009017581, 0.001684797292936863, 0.5190768241882324, 1759352130729499935
0.1988158770241311, -0.000342801853927286, 0.5101280212402344, 1759352130779719902
0.2018937513271996, 0.0023044078071416067, 0.49557605385780334, 1759352130839609229
0.19963302609809094, -0.0005490188683894667, 0.5072787404060364, 1759352130889601212
0.19711385071167603, 0.0006323622164455876, 0.5051579475402832, 1759352130939589153
0.1950519655652524, 0.001569379220143606, 0.5001066327095032, 1759352130989584165
0.1917173401214501, 0.0014918269215852267, 0.5036088824272156, 1759352131040611518
0.20425550027396266, 0.0004753068262151904, 0.519516110420227, 1759352131079430437
0.2001448577802628, 0.0011154364386287473, 0.49764981865882874, 1759352131149142088
0.19833211014006175, 0.0024815921261603867, 0.5127260088920593, 1759352131195169257
0.1971004427721689, -0.0020938681642850994, 0.4924454689025879, 1759352131240615901
0.201493646869945, 0.002696787467851093, 0.519939124584198, 1759352131289606224
0.19736708037063433, -0.00036613781021611566, 0.5165320634841919, 1759352131339588739
0.1930889500291233, -0.00028485635941733704, 0.49491605162620544, 1759352131390760478
0.20311301177533175, 0.001715560796754598, 0.48829230666160583, 1759352131435964530
0.19783303317242396, 0.0012926711048767204, 0.5147620439529419, 1759352131480530972
0.1964162538626598, -0.0012667396948820126, 0.5090272426605225, 1759352131550756243
0.20627025563107534, 0.0016766330626119704, 0.4815031588077545, 1759352131579830615
0.20138231025121056, -0.0002457026420478283, 0.5064008235931396, 1759352131639605947
0.20435680748921897, 0.002341049126339818, 0.4837764501571655, 1759352131689615050
0.1966442622849666, 0.0013456526228723565, 0.49062156677246094, 1759352131739594858
0.19286148513869758, 0.0024017831284627433, 0.5402824878692627, 1759352131790596159
0.2014559623058188, 0.005431588232480256, 0.5005725026130676, 1759352131836626306
0.20326152596969968, 0.0027305066517713567, 0.5042596459388733, 1759352131879475226
0.19739775895083653, -0.00045580173291239135, 0.5004755854606628, 1759352131951386827
0.20815492362647567, 0.006987848637261713, 0.47805291414260864, 1759352131979772456
0.19453534317217785, 0.0026413176229801725, 0.5145267844200134, 1759352132040656386
0.20430045743423203, 0.0032904439226367163, 0.5186909437179565, 1759352132089601540
0.19910540010467395, 0.005816442613091389, 0.4812544584274292, 1759352132139623895
0.19862800609550385, -0.0023026666556949958, 0.522221565246582, 1759352132186605870
0.19554209061574623, 0.0036037889429533, 0.49894773960113525, 1759352132237622155
0.19728657966816945, 0.0029228450992392365, 0.48968926072120667, 1759352132281018017
0.19928427507683139, 0.0034267914821721397, 0.5285694599151611, 1759352132330052267
0.19863635763989612, 0.0022572933569337387, 0.5092061161994934, 1759352132380732818
0.20145674228951907, 0.003302630072885011, 0.48958560824394226, 1759352132440640656
0.2021830835085297, 0.002518818040105442, 0.4830133318901062, 1759352132490630298
0.19607703605110774, 0.0024426255378306393, 0.5025503635406494, 1759352132540610868
0.20252917322101147, 0.003914855989666005, 0.5096588730812073, 1759352132588619577
0.19180687177218653, -0.0006826787374993856, 0.5102968215942383, 1759352132638898852
0.1980257229787241, 0.0011849505282494044, 0.4966413378715515, 1759352132681627122
0.20159968175757728, 0.0026832875786331487, 0.49225157499313354, 1759352132748869180
0.20394549603799741, 0.0009074570042081928, 0.5205441117286682, 1759352132798294476
0.19565749404660565, -0.001581229010328576, 0.4988003969192505, 1759352132840649233
0.19214617315403537, 0.0040569573162739635, 0.5004062652587891, 1759352132891615806
0.1934259498291012, -0.00300083933663554, 0.5132719278335571, 1759352132941854597
0.20638314311873127, 0.0013359710521656893, 0.4973672330379486, 1759352132989629657
0.1948792826132234, 0.0028265256545387026, 0.4885368347167969, 1759352133039659990
0.19742541869486865, -0.0027714418249293583, 0.5092116594314575, 1759352133080769512
0.20420082232331652, 0.003803125962698416, 0.5017920136451721, 1759352133149336141
0.19382560283922326, 0.0009745346871425637, 0.49294787645339966, 1759352133199793727
0.20631451250511978, -0.0010792394890742339, 0.5218433141708374, 1759352133240797129
0.19735002850829741, 0.0014598786403551293, 0.4635632038116455, 1759352133290926863
0.20364536210138764, 0.0026241270532224637, 0.4918907880783081, 1759352133339672354
0.19733846529018276, -0.0005490575613760366, 0.5392650365829468, 1759352133389938146
0.19914867780726353, 0.0028533039447384964, 0.5008964538574219, 1759352133439509715
0.18893523560807907, -0.0029935071271075626, 0.4789420962333679, 1759352133481310630
0.21329694733054044, 0.003184323748681457, 0.5093842148780823, 1759352133529215344
0.19333949319390786, 0.0031229956175607915, 0.47629520297050476, 1759352133600974028
0.2086053495797211, -0.003370034108528087, 0.5534125566482544, 1759352133640208807
0.20037682502489249, 0.0004962554556636533, 0.5125168561935425, 1759352133690618609
0.20023093255619748, 0.003273745025351817, 0.4945630431175232, 1759352133739735797
0.20084470655452052, 0.0004618138862960247, 0.48783859610557556, 1759352133789795401
0.19725008007223702, -0.00021295463517147467, 0.49768248200416565, 1759352133840995161
0.1918400254785033, 0.0039206091535563155, 0.47402629256248474, 1759352133881907898
0.20375525940189548, -0.0023223063757839943, 0.5395347476005554, 1759352133931253913
0.19848121213598802, 0.003582071871040202, 0.514719545841217, 1759352134000213560
0.19617894384552317, 0.0007827211157383703, 0.47936058044433594, 1759352134040686314
0.20444713515361315, 0.002297862710471971, 0.5133214592933655, 1759352134089756632
0.19864379789563555, 0.003939417202804403, 0.5144842267036438, 1759352134139800034
0.19546781044009554, 0.0014741135349960145, 0.5148599147796631, 1759352134189678341
0.1983802155857726, 0.000382830281598964, 0.5302049517631531, 1759352134240743921
0.20176320736298078, 0.0010174088589468262, 0.49611008167266846, 1759352134280534724
0.19952449065083494, 0.003247132720738295, 0.48116159439086914, 1759352134350301785
0.19898127316905667, 0.0009112313548801735, 0.4924751818180084, 1759352134400782801
0.19374779762827385, -0.0014676098754809212, 0.5019875764846802, 1759352134440682075
0.20328934850972322, 0.003941115559115094, 0.4994349777698517, 1759352134489664815
0.20584159489853285, -0.0008047355897048317, 0.5024804472923279, 1759352134539668912
0.20028559126879314, -0.0015954214608630598, 0.5019025802612305, 1759352134589687643
0.19757400586257823, 0.0026034448886848747, 0.4992715120315552, 1759352134640749195
0.19994879871946317, -0.004085021365775953, 0.5344502925872803, 1759352134680878116
0.20006435703624884, 0.0007111143266916796, 0.5080481171607971, 1759352134729371463
0.1990797054775801, -3.172109171702713e-05, 0.5030069351196289, 1759352134800737618
0.19685004724504765, 0.00042373159607560044, 0.48885977268218994, 1759352134841825838
0.20331990057147048, 0.0021440711301757196, 0.4791406989097595, 1759352134889661066
0.19705413796079824, 0.002038036999952513, 0.5171229839324951, 1759352134939671849
0.1981991308074805, -0.002198601347829992, 0.534177839756012, 1759352134990678895
0.19615307519677255, 0.0013516201449562668, 0.5015272498130798, 1759352135040750432
0.1986495146098312, -0.003245231675698477, 0.5143298506736755, 1759352135081589240
0.20207034120806067, 0.0030597476691607913, 0.51695716381073, 1759352135131013598
0.19989958415207892, 0.0023905238689573127, 0.49890536069869995, 1759352135200682006
0.20024399464713963, -0.0035366397076092336, 0.512352705001831, 1759352135240676471
0.19997187321974025, 0.0019173338359270255, 0.4917558431625366, 1759352135290682627
0.19504115926587107, 0.004213300528315585, 0.4779219329357147, 1759352135340738750
0.2001093244210686, 0.0017857886536876042, 0.5045028328895569, 1759352135390682140
0.20010263415082172, -0.0002759771992482592, 0.513167679309845, 1759352135440760050
0.19943277885137983, -0.0005138508242304762, 0.503523588180542, 1759352135480618952
0.19447237500067754, -0.0006781900076311799, 0.5118135213851929, 1759352135530900744
0.2015657703951655, 0.0007820390781812144, 0.5067350268363953, 1759352135600708636
0.20174817825987548, 0.000940237258943926, 0.49933913350105286, 1759352135640702809
0.20079507032090474, 0.0003478305352812993, 0.4953083097934723, 1759352135690686718
0.19658562819548678, 0.0007471656566713794, 0.5150414705276489, 1759352135740684972
0.19799962388906805, 0.0045300692652478144, 0.4913276135921478, 1759352135790673872
0.19888088505392273, -0.0004410265633076813, 0.5143575668334961, 1759352135840791213
0.20189602027014608, 0.0007864840775084258, 0.4911659061908722, 1759352135880620121
0.1992674739843958, 0.002137036682002956, 0.48826196789741516, 1759352135929373389
0.19783338861880995, -0.0006265585657488967, 0.5205883383750916, 1759352136001143183
0.19254613493518877, -0.00030736697737602457, 0.49139395356178284, 1759352136040857420
0.20380175158166172, 0.001220322649049324, 0.49273020029067993, 1759352136090682978
0.20220933273441558, 0.0006931189151411808, 0.5085217356681824, 1759352136140696699
0.19879269074782993, 0.0008115969858350792, 0.4861447811126709, 1759352136190675147
0.19859162916369488, 0.0011513005198015142, 0.5084384679794312, 1759352136235698219
0.20609645034956586, 0.002274445680339702, 0.507484495639801, 1759352136280293134
0.19598430348885995, 0.0017475378475979577, 0.49591994285583496, 1759352136350543979
0.19703925388609597, -0.0003846895659400035, 0.5137321352958679, 1759352136396362080
0.19413299600761919, -0.0017119374584893944, 0.49638697504997253, 1759352136440783356
0.2012731412253027, -0.0001153266889098323, 0.478367418050766, 1759352136490702161
0.19940043059881102, 0.0012482946636501449, 0.5424084663391113, 1759352136540681040
0.1973795467915422, -0.0016383594294443807, 0.5453418493270874, 1759352136590710456
0.1968484922258326, 0.00022136881387733445, 0.480590283870697, 1759352136636801431
0.1993718067773964, 0.0006565012813049477, 0.4960536062717438, 1759352136680717496
0.20822176286345642, 0.002154655209592843, 0.4921973645687103, 1759352136730797170
0.19386608526749802, -2.8334574450790928e-05, 0.4875950813293457, 1759352136781037083
0.19432595253606946, 0.0019061179680718362, 0.519081175327301, 1759352136840706931
0.1995008551858667, -0.00103035677054005, 0.5067958831787109, 1759352136890733724
0.2027709461179189, 0.0021022683354808953, 0.49057266116142273, 1759352136940688018
0.19486302887233575, -0.0006934774371510876, 0.504136323928833, 1759352136987694143
0.20020237830495194, 0.0002505085540383474, 0.5093324780464172, 1759352137037816547
0.19723954853760228, 0.0025829530416865945, 0.5135830640792847, 1759352137080657984
0.1995284383120646, 0.0010074196468453603, 0.5029316544532776, 1759352137130936774
0.1996105869235371, -0.0004607501988207575, 0.5043618679046631, 1759352137180923963
0.19931674845329672, 0.0034689762205499922, 0.4791063070297241, 1759352137240735337
0.19600438998814526, -0.0019708227543595567, 0.49765363335609436, 1759352137290693402
0.19660191427422807, 0.0005157486776640789, 0.5189383029937744, 1759352137340727628
0.1899424042639519, 0.000769824983141192, 0.5261102914810181, 1759352137388807501
0.20652860157352096, 0.0006754545314626371, 0.5171745419502258, 1759352137438813445
0.19503661578222214, 0.0012941695030059817, 0.4994186758995056, 1759352137480771444
0.2014757419450266, 0.0019696525964439213, 0.4919518530368805, 1759352137530186348
0.20104459186682425, 0.0006142723029765153, 0.5244512557983398, 1759352137580833750
0.194029094187962, -0.0016276989107008749, 0.5212483406066895, 1759352137641727651
0.19784847251287963, 0.0007353494822894217, 0.4770297110080719, 1759352137691701973
0.19484938605142224, -0.002090825255541991, 0.4957222044467926, 1759352137742707170
0.201546654735211, 0.0043610453945478155, 0.48199376463890076, 1759352137789850480
0.2026758418911299, -0.0003929860258359044, 0.5119264721870422, 1759352137839137681
0.19948839788483086, 0.0018641436202445959, 0.5000723600387573, 1759352137880158930
0.19307021919851758, -0.001755666215382193, 0.48544713854789734, 1759352137931056155
0.203642713007408, 0.001935178421607483, 0.5133710503578186, 1759352138000214798
0.2061120046890829, 6.8735664413122945e-06, 0.4840594232082367, 1759352138040727311
0.19613937397871434, 0.0007777684231246809, 0.4805246591567993, 1759352138090903783
0.1939038719721006, 0.0011326507440050447, 0.5257434248924255, 1759352138140926622
0.192919414189667, -0.0008151351840935249, 0.5068605542182922, 1759352138191055458
0.1995594828487688, -0.0007070252184634701, 0.48430585861206055, 1759352138240939373
0.20834607076533407, 0.0018208873285551802, 0.502367377281189, 1759352138280932844
0.20115349281048814, 0.0005016589310886084, 0.48763033747673035, 1759352138330519574
0.19317287797712684, 0.0025750430280946208, 0.4889576733112335, 1759352138400998357
0.19489527675702153, 0.001516290998013369, 0.5393995642662048, 1759352138441063339
0.20498320049801008, 0.001424403842432736, 0.5294421315193176, 1759352138490099851
0.1971565575396182, 0.002533872461340826, 0.4872690737247467, 1759352138540434048
0.2021588554263867, 0.0013581329523159405, 0.4996117353439331, 1759352138590895064
0.19258137007515336, 0.002274312379891698, 0.48585593700408936, 1759352138641032771
0.2045082275158925, 0.0014288800979663716, 0.5088274478912354, 1759352138680780411
0.19024680386132728, 0.0012402349000118075, 0.5302869081497192, 1759352138731194843
0.20125950956649352, 0.0028486430365297242, 0.49310752749443054, 1759352138800218286
0.19509646101343237, 0.0015478594023718702, 0.4892488420009613, 1759352138840749540
0.19915530734385503, 0.002425707897488522, 0.5229607820510864, 1759352138890816748
0.19640925623259967, 0.0028253839680159195, 0.520962119102478, 1759352138940887487
0.20098154152240166, 0.003077385507730767, 0.523440420627594, 1759352138990763293
0.19581392396445826, -0.000550777708601924, 0.4995799958705902, 1759352139040832362
0.20715797919140003, 0.0038178952996457617, 0.49945560097694397, 1759352139080207982
0.19508178115715705, 0.002431020022216244, 0.4882577061653137, 1759352139130496784
0.1968686587231134, 0.005384604198776111, 0.5193564891815186, 1759352139200794841
0.195079259993288, 0.002665166200917089, 0.5146752595901489, 1759352139240751679
0.19912262538767564, -0.0004982105229820184, 0.5035590529441833, 1759352139290746120
0.20353642902035987, 0.0005658428213140765, 0.5139902234077454, 1759352139340751543
0.2016020730314281, 0.002251533045703116, 0.4826551079750061, 1759352139390864359
0.20219373845534344, 0.0011448778316627852, 0.5169443488121033, 1759352139440749936
0.19107794386013519, 0.0018647949705849088, 0.5215370655059814, 1759352139481848501
0.2012795952177428, 0.003555193025585368, 0.4988003075122833, 1759352139550203801
0.196872855156471, -0.00104146515051918, 0.4904331564903259, 1759352139600939553
0.19732946808209323, 0.002213214135798048, 0.480849951505661, 1759352139641775338
0.19815911674696243, 0.00603327998821924, 0.5029025077819824, 1759352139690758579
0.20017458953172534, 0.0013403993345715353, 0.5339868068695068, 1759352139740757786
0.19541181150963946, 0.0022785342654124885, 0.5063326358795166, 1759352139790745472
0.20300392178060284, 0.00033877985879094487, 0.5020468831062317, 1759352139840766488
0.19064839121686383, -0.001059937935319213, 0.520976185798645, 1759352139882389709
0.20419678785927992, 0.0033720338902087275, 0.49474260210990906, 1759352139930909277
0.1950731233673313, -0.0002461572117982059, 0.5145742893218994, 1759352140001007077
0.20564146144441944, 0.0005589886304340168, 0.5288716554641724, 1759352140040853999
0.19644029198590998, 0.001754472310778289, 0.49709296226501465, 1759352140090764812
0.19840604764056555, 0.0035261666487514435, 0.47833868861198425, 1759352140140763556
0.19639197166502576, 0.001374304726960185, 0.5082729458808899, 1759352140190747344
0.198543155853607, -0.0006580950466656483, 0.513145923614502, 1759352140241767216
0.20439687430210435, 0.005099640401521173, 0.4960145652294159, 1759352140280765355
0.20403036945406783, 0.002090096076252503, 0.524485170841217, 1759352140350215989
0.19372089379730276, 0.004811509327246254, 0.48354271054267883, 1759352140400740794
0.2018593552564371, 0.0011481450933162488, 0.4652489721775055, 1759352140440936419
0.19868029204344403, 0.0015362024421155473, 0.5204178690910339, 1759352140490775238
0.1925161423210746, -0.00020652966093615645, 0.49990716576576233, 1759352140540771679
0.19630076307562264, 0.0050398344087095774, 0.4949142038822174, 1759352140590771589
0.19877766687332454, -0.0013792484595026536, 0.504112720489502, 1759352140640772532
0.19904875416000808, -0.00028926765739458707, 0.4907885789871216, 1759352140680887525
0.19853469761680012, 0.0010575635073318576, 0.5003820061683655, 1759352140730654780
0.1973398153233974, -0.0017289453474281181, 0.5212663412094116, 1759352140780468078
0.1963413595615546, 0.002209619896818691, 0.5082283020019531, 1759352140840781114
0.1979692851089797, 0.0001457298466690915, 0.5131241679191589, 1759352140890778324
0.2010888253608678, -0.0011666013839948112, 0.5054682493209839, 1759352140940758867
0.194309868548895, 0.0008724130510803471, 0.47660860419273376, 1759352140990780811
0.19856977721634939, -0.003383053634420126, 0.5040767788887024, 1759352141035778422
0.19593897407982, 0.0012420940471286619, 0.49746984243392944, 1759352141080913405
0.19785911679636567, -0.0004670749766444464, 0.48959431052207947, 1759352141130862765
0.2023191734688623, 0.0017273416985863015, 0.49568042159080505, 1759352141196643753
0.199415648735961, -3.1655045061648844e-05, 0.4961608052253723, 1759352141240804650
0.19551844714022415, 0.0009511136918665951, 0.5140643119812012, 1759352141290787732
0.19653144072835496, -0.001645380803655749, 0.527317225933075, 1759352141340773746
0.19961478496801194, -0.0013593140238583117, 0.5038479566574097, 1759352141391765409
0.20133777771939407, -5.356907623698589e-05, 0.47655630111694336, 1759352141436826326
0.19837649326553547, -0.00019540520840388435, 0.4806594252586365, 1759352141481088587
0.2044578902219844, 0.0020166801751135255, 0.5217142701148987, 1759352141530197898
0.1938609709138685, 0.002234116434270872, 0.48997417092323303, 1759352141597803224
0.19924937802943435, -0.0007741701223869421, 0.5031300783157349, 1759352141640803669
0.2018185659418278, 0.0006276029967718064, 0.4912933111190796, 1759352141690777805
0.19766588803919793, 0.001576683901316594, 0.5013670325279236, 1759352141740792234
0.20594493070667644, -0.0015911212394785028, 0.5210925340652466, 1759352141791777528
0.19706684827257318, 0.000303732016501005, 0.5062693357467651, 1759352141837837414
0.19248618751384566, 0.003034963978246474, 0.5148617029190063, 1759352141880293109
0.1981463875823008, -0.0006161273418146162, 0.5214020013809204, 1759352141930925197
0.20323235193667094, 0.0026874972042180215, 0.4843366742134094, 1759352141980250431
0.19745579562268803, 0.0011835022572177917, 0.4820344150066376, 1759352142040897042
0.20066233916335963, 0.00021048009488234805, 0.525985598564148, 1759352142090781715
0.19177111551933265, 0.0049208393478056296, 0.5176783204078674, 1759352142140795758
0.19854521470061523, 0.0014288261612427752, 0.5003464818000793, 1759352142188788823
0.20338394102721483, 0.0008095670396658735, 0.5084680914878845, 1759352142238862679
0.19919904254657028, 9.325653440299751e-05, 0.4909805953502655, 1759352142280824185
0.2009246486039154, 0.002160220734009836, 0.5008204579353333, 1759352142330594410
0.20258589719426634, -0.0012471292650071445, 0.5340558290481567, 1759352142380148592
0.19526840326681952, 0.00168420351885723, 0.4926838278770447, 1759352142440803599
0.20488780097336912, -0.0002416006677703108, 0.5038936734199524, 1759352142490784953
0.1943245636551255, -0.002434271211266243, 0.4823862910270691, 1759352142542788397
0.19174777539122445, 0.0009171349397473647, 0.4790835976600647, 1759352142589880542
0.19269247097267464, 0.002930862146636237, 0.5229479074478149, 1759352142639933938
0.2050391475454768, -0.00032032085776260045, 0.5177500247955322, 1759352142681900328
0.19553110165063525, 3.437120079135638e-05, 0.5063667297363281, 1759352142732244724
0.20188776203640751, 0.004882482378717054, 0.501721978187561, 1759352142800439337
0.19775481460492889, -0.003192922888597689, 0.5016091465950012, 1759352142841086803
0.19839646705655417, 0.0013269090539012832, 0.5193182826042175, 1759352142891242698
0.1959083310233449, 0.0034340439314555532, 0.49291226267814636, 1759352142941056021
0.19856380653786013, -0.0036287380015140955, 0.5116959810256958, 1759352142990395941
0.19702373631626352, 0.0028733626991409, 0.47608381509780884, 1759352143040399187
0.20418887637867952, -0.0003774321064010717, 0.4900539517402649, 1759352143080983779
0.19689843505126, -0.0006365720782331386, 0.5079812407493591, 1759352143131264383
0.19779250338622334, 0.0038147576182703305, 0.5155770182609558, 1759352143200180529
0.20265638842474035, -0.003006856901010863, 0.5132231116294861, 1759352143240385953
0.19676452767322847, -0.0009556802915267811, 0.5080159306526184, 1759352143290385763
0.2049024626529832, 0.002025497451302786, 0.4781648814678192, 1759352143340444127
0.19653977519230512, -0.004247263416104573, 0.5054084062576294, 1759352143390461073
0.19015864314689587, 0.0026796279782905223, 0.5051351189613342, 1759352143440988514
0.20062774901972957, 0.0022251186125668344, 0.513342559337616, 1759352143480253492
0.2002489312075087, 0.001824868425570563, 0.5115390419960022, 1759352143551014359
0.19858748931346829, 0.0022442734923216793, 0.48107102513313293, 1759352143600218841
0.1904526517456914, 0.0030377258660064565, 0.5000287890434265, 1759352143641349043
0.19485335938041612, -0.002371175627746791, 0.5360966920852661, 1759352143692836055
0.20402652242275587, 0.005026719928540627, 0.5236332416534424, 1759352143740949411
0.20167795639679897, 0.00045107901126052854, 0.49829527735710144, 1759352143790986327
0.20411479494661372, 0.001856736001801164, 0.5209280252456665, 1759352143840805877
0.19141161050632957, 0.0022316153075166894, 0.47753235697746277, 1759352143881070925
0.19708855559008176, 0.0014521097356533018, 0.48951035737991333, 1759352143950710567
0.19317751706127864, -0.0019812969375092742, 0.5292569398880005, 1759352144001836321
0.20571317591146535, 0.0016098459873185307, 0.4668343961238861, 1759352144040832098
0.19431807622826106, -0.0012508738571375812, 0.5047486424446106, 1759352144090834124
0.20377621849234517, -4.069671121121395e-06, 0.5011516213417053, 1759352144140836686
0.19995640735927636, 0.0005731225471379868, 0.504554033279419, 1759352144190841102
0.20020921134233557, 0.0017996151232008548, 0.5153420567512512, 1759352144240932908
0.19515178384531673, -0.005293526626038655, 0.5206212401390076, 1759352144281107043
0.20282561339985272, 0.0035776485661404905, 0.4883829951286316, 1759352144330857908
0.20072858094865767, 0.0027296817473962984, 0.5023645162582397, 1759352144401039028
0.19477197905712548, -0.0019036454696044188, 0.48545220494270325, 1759352144441852399
0.1988334194379, 0.0034704242941134508, 0.5077687501907349, 1759352144490842028
0.19936701608926996, 0.005102313147501656, 0.49903327226638794, 1759352144540845797
0.2008876835034956, -0.0030269771754142002, 0.5036219954490662, 1759352144590852689
0.20451013796754752, 0.0037446815989881465, 0.48652786016464233, 1759352144640935368
0.20097537984194475, 0.0013194335900539777, 0.5153561234474182, 1759352144681160364
0.1982503713775933, 0.002575725403320607, 0.5187499523162842, 1759352144750241783
0.19484558963091142, 0.004865408990293351, 0.49268585443496704, 1759352144801043408
0.1884825916012864, -0.0013140371345401205, 0.4900032579898834, 1759352144843044940
0.21121466885492643, 0.006771337400617626, 0.47959399223327637, 1759352144890849556
0.20029357511872076, 0.003910997266666926, 0.48900070786476135, 1759352144940856803
0.1952747212996484, -0.0004412038811487933, 0.5223991274833679, 1759352144990844237
0.18025897070763003, -0.0018273735453329997, 0.4778284430503845, 1759352145041962095
0.18211998530494095, 0.007360195636769177, 0.45411619544029236, 1759352145080137239
0.16748876003812227, 0.0003645598802589674, 0.43092164397239685, 1759352145150816716
0.1659230251197862, 0.004066163366527679, 0.424416184425354, 1759352145181085001
0.18087483939774918, 0.002306545549494655, 0.4398629069328308, 1759352145240882482
0.18106299432254983, 0.0014185339354699587, 0.4874238967895508, 1759352145290863304
0.19428970273389642, 0.0037447257705563214, 0.5029932260513306, 1759352145340868481
0.20928522973987068, -0.0021361876436639276, 0.5138663053512573, 1759352145385851421
0.19795643545148967, -0.0018463462827827848, 0.4820343554019928, 1759352145436952702
0.20272694590648174, 0.0024476042050050723, 0.48363569378852844, 1759352145486071265
0.19804449915901814, 0.00040669528932885004, 0.49475982785224915, 1759352145536029388
0.196094706192409, 0.0027605302288217747, 0.5304400324821472, 1759352145576008346
0.19691454400825506, -0.00010031772308149447, 0.5303184986114502, 1759352145646012306
0.20336876624880373, 0.003777587358927711, 0.4944225251674652, 1759352145695876481
0.20315945217835507, -0.0003798016727744116, 0.4960140585899353, 1759352145735874991
0.19868616266202438, 0.000716194894188156, 0.501345694065094, 1759352145785877695
0.19519019311251834, 0.0034470493344337795, 0.4736826419830322, 1759352145836980892
0.20412550491448275, -9.407934394851422e-05, 0.5221443176269531, 1759352145880401833
0.1972035144760323, 0.001326650219380986, 0.506131649017334, 1759352145930890263
0.20011018429564792, 0.0014575959403305848, 0.488381564617157, 1759352145996507763
0.1936182202399175, -0.002698981221800918, 0.5117884874343872, 1759352146041033073
0.20030316407827317, 0.002218660173517618, 0.5217115879058838, 1759352146090887136
0.19916089122411057, 0.0021003524204412003, 0.5136904716491699, 1759352146140886000
0.19774560247096815, -0.0034119172289914733, 0.5106508135795593, 1759352146191873190
0.20139793305301787, 0.0016456248272798328, 0.483589768409729, 1759352146236892472
0.20703986532383906, 0.0034853538146212724, 0.5113111734390259, 1759352146280109970
0.19426665745207944, 0.00254381143875286, 0.5018011331558228, 1759352146330538199
0.2002734582075833, 0.0020973080740676322, 0.5079148411750793, 1759352146397108268
0.19020163508037216, -0.00141140219094577, 0.4918901324272156, 1759352146442067327
0.20947018150832106, 0.0016219598815799157, 0.5087891221046448, 1759352146490897585
0.20006619344373588, 0.002347446759958515, 0.4833501875400543, 1759352146540879300
0.1927191141471336, -0.0016823147935504713, 0.5080417394638062, 1759352146592908388
0.2015053313580966, 0.0028432605691512923, 0.5282608866691589, 1759352146638018528
0.20210604883609923, 0.002789427110785848, 0.5039064884185791, 1759352146680237536
0.19596833564179802, 8.639022314499259e-05, 0.505497932434082, 1759352146731070568
0.20026010056921592, 0.0029391286397939397, 0.4938731789588928, 1759352146781034469
0.19685720608585774, 0.0019807969774872417, 0.48488160967826843, 1759352146840927299
0.20004580048958057, 0.002760914828596138, 0.5143687725067139, 1759352146890917964
0.1950951195470376, 0.0014599410153579586, 0.5111657977104187, 1759352146940891210
0.20132685520284352, 0.0020457971528183385, 0.48622506856918335, 1759352146988907465
0.20341551160805024, -0.0009855657450336959, 0.5195537805557251, 1759352147038923727
0.2034644695312856, 0.0008172865249867666, 0.5108482837677002, 1759352147080405702
0.19924602146063117, 0.0024132421494267257, 0.4987814426422119, 1759352147148277177
0.19943904316369318, 0.0003579586272184818, 0.5165785551071167, 1759352147181055943
0.2053727728295031, 0.0016368393810088178, 0.49888816475868225, 1759352147240924574
0.19362736757767307, 0.0009904383006647981, 0.47171542048454285, 1759352147290897715
0.1969468136201368, -0.00023111152873457296, 0.5043529868125916, 1759352147341944622
0.20400297112115107, 1.9442783937570446e-06, 0.4977809488773346, 1759352147389905178
0.19693829026648027, 0.004964121536810734, 0.49539753794670105, 1759352147439959070
0.20242757484497112, -0.0008190858651375026, 0.5233239531517029, 1759352147481001047
0.2001018054517073, 0.0012365716305046954, 0.5011463761329651, 1759352147549232949
0.19812976226136683, 0.00012763736452187321, 0.4948307275772095, 1759352147599424640
0.20523527347758116, -0.0012150672934649613, 0.5219990611076355, 1759352147641992539
0.1945996389050122, 0.001481466397201352, 0.5159466862678528, 1759352147692213197
0.19361980383997604, 0.0014103314236245102, 0.4964085817337036, 1759352147742198526
0.20597512228900391, -0.0029653185097098123, 0.5105469226837158, 1759352147790275677
0.19911252438241028, 0.003594605169013076, 0.4631008803844452, 1759352147840985284
0.1994327796032752, 0.0012432150571404382, 0.504923939704895, 1759352147880489697
0.19649783202461865, 0.0007983582966304898, 0.525762140750885, 1759352147951013595
0.19158531019901745, 0.005634092003909283, 0.5162166357040405, 1759352147980377465
0.20007101480441905, -0.0017305257512222963, 0.4995494484901428, 1759352148041513671
0.19989941279756837, 0.001259381688612649, 0.4934467375278473, 1759352148091977498
0.2038392888298795, 0.0033964513596744794, 0.5031461715698242, 1759352148140963258
0.19364436880430616, 0.003163446144347962, 0.503227174282074, 1759352148190976220
0.1984740079621013, -0.00010559703982274983, 0.5232847332954407, 1759352148241093539
0.1983568813040831, 0.0017595884931010206, 0.49345046281814575, 1759352148281311207
0.20323511535603697, -0.00122122326635519, 0.4883473217487335, 1759352148331695622
0.20235309159053916, 0.0018198922952582495, 0.4887831509113312, 1759352148401393634
0.19398628413544222, 0.0008012326052881568, 0.49832281470298767, 1759352148441469852
0.19492922082506697, -0.0002698846083727446, 0.5310421586036682, 1759352148492957777
0.2030537283330899, 0.0033287987106019237, 0.5289802551269531, 1759352148540955055
0.19966665441201217, 0.0016937177507006592, 0.498104989528656, 1759352148590103567
0.19754043665775625, -0.002059871752859659, 0.4895471930503845, 1759352148641938173
0.2028134590607397, -0.001232992827348248, 0.4801352620124817, 1759352148681437470
0.1972696274160379, -0.0004160597722711938, 0.46512705087661743, 1759352148733338933
0.20434976645765612, 0.0019646896439029678, 0.5356491208076477, 1759352148801233593
0.1875695476822174, 5.997695685743639e-05, 0.4975346028804779, 1759352148841982964
0.20198490793507626, 0.003618088370150496, 0.49365490674972534, 1759352148890969129
0.2047334624564083, 0.0013458200382054943, 0.5146034955978394, 1759352148940962096
0.1949770447376723, -0.0003488998501243458, 0.5058103799819946, 1759352148990964984
0.19546062277835358, -0.0002579224026727209, 0.5190635323524475, 1759352149041984679
0.20615714155155976, 0.0001539915616466218, 0.52455735206604, 1759352149081435004
0.20365188810421803, 0.00225178183191741, 0.4896690845489502, 1759352149130670428
0.1971006577799285, 0.0007823259895404782, 0.48052114248275757, 1759352149201279786
0.19114059973310069, 0.0018819728773951767, 0.5090602040290833, 1759352149241981198
0.1977230969896032, 0.002531805700945484, 0.5090380907058716, 1759352149290970796
0.19564559579693547, 0.0012619243723051789, 0.5025977492332458, 1759352149340973343
0.20035197797509632, -0.00190190074390854, 0.5145480036735535, 1759352149391009815
0.1990690235741927, -0.000986880307141361, 0.49380549788475037, 1759352149442070318
0.19782754343049308, -0.0016392385965919788, 0.5103020071983337, 1759352149482449121
0.19465398195438074, -0.0005898606654583539, 0.5198280811309814, 1759352149531925873
0.2001149602681695, 0.0022563290128167477, 0.5081214904785156, 1759352149601306098
0.19454700503802905, -0.0007197810882486382, 0.49041566252708435, 1759352149643003222
0.2057290230673312, -0.00013087733099716503, 0.4918646216392517, 1759352149692043109
0.2010169933130977, 0.0022283044760822938, 0.47826045751571655, 1759352149740984152
0.19541633550571574, 0.002567196478924966, 0.511441171169281, 1759352149790987304
0.1929807341665793, 0.0004908911592451167, 0.5165107846260071, 1759352149842041168
0.1999706295624993, 0.001640847486623344, 0.5174520611763, 1759352149881817333
0.20124533969414138, 0.004399302013499627, 0.5078848004341125, 1759352149950849764
0.19821852365366788, -0.0011593081115122367, 0.5169951915740967, 1759352150001208553
0.19201765568420137, 0.003434279434033004, 0.49158570170402527, 1759352150042042803
0.19632074979264383, 0.0004071358535894419, 0.49782252311706543, 1759352150095995738
0.19677796672336012, 0.0009263331365519178, 0.498222291469574, 1759352150136997399
0.19625379974571627, 0.0027791073614896996, 0.49729326367378235, 1759352150185997685
0.1960469578246897, -0.0006359164051906581, 0.5208133459091187, 1759352150237060203
0.19933549461655592, 0.00041120355864834364, 0.5119928121566772, 1759352150286076518
0.19753707819782737, 0.0010906691067188064, 0.5089158415794373, 1759352150335259889
0.1997392261817053, -0.001002281823228578, 0.5409339070320129, 1759352150375188641
0.19454565078134414, -4.892243596102589e-05, 0.48620888590812683, 1759352150445986192
0.2073681313552157, 0.0022689665127841306, 0.4984729290008545, 1759352150496003960
0.1980949127593765, 4.067491450821489e-05, 0.5114077925682068, 1759352150536004549
0.19167661331033353, -0.0009574416260868381, 0.5147272348403931, 1759352150591996255
0.19690327934006632, -0.002204588701555737, 0.4972291886806488, 1759352150642105688
0.20536334437145032, 0.005154760733899819, 0.509512722492218, 1759352150681518993
0.20554714252092912, -0.0003680747939439999, 0.49564826488494873, 1759352150730287101
0.1965170588270305, 0.0008321898658725698, 0.48644647002220154, 1759352150781023648
0.1938794324276694, 0.002110651240553086, 0.5184852480888367, 1759352150842051462
0.20154428248309736, 0.0014290013278094459, 0.5065318942070007, 1759352150892027723
0.20513905298855475, 0.0037076267467846774, 0.5001143217086792, 1759352150941012611
0.1954406668607739, -0.0010968527320821741, 0.498279333114624, 1759352150992006184
0.2045690845198334, 0.001928032619761636, 0.47045835852622986, 1759352151036143751
0.19210432902212263, 0.0034352457873607924, 0.46688273549079895, 1759352151081480191
0.20037487886640515, 0.0025308736632375594, 0.5444903373718262, 1759352151130613681
0.1985434193530293, 0.001531526775259133, 0.514022946357727, 1759352151180253553
0.19499556340454707, 0.00110249546974842, 0.49589404463768005, 1759352151242043364
0.19827319126713874, 0.00011010892849191631, 0.4986726939678192, 1759352151291024760
0.20657911706571433, 0.002042954528395248, 0.49776190519332886, 1759352151341026681
0.19349909328354592, -0.0021786223495061756, 0.5347431898117065, 1759352151392016133
0.19539040839608537, 0.0018000056647777777, 0.5019711256027222, 1759352151438015045
0.20031555649574126, 0.0036403481385230236, 0.4906103014945984, 1759352151501129524
0.19457334045683694, 0.0022625156998582916, 0.47304001450538635, 1759352151552805528
0.21017469128026242, 0.002378840613144066, 0.4810245931148529, 1759352151581718004
0.19548150657988028, 0.003001503421669058, 0.5064807534217834, 1759352151642050200
0.1969625192528899, 0.0016121445646636525, 0.5222817659378052, 1759352151691016506
0.1977068819716435, 0.001246494861589157, 0.49890589714050293, 1759352151742018675
0.20147713592903832, 0.004092593040307168, 0.4859659671783447, 1759352151789045129
0.20841206081001817, 0.0022693368554048783, 0.5053221583366394, 1759352151838155766
0.19246363238509676, 0.001290188944645953, 0.5025836229324341, 1759352151881643785
0.19487541109876538, 0.004139590808525612, 0.5180946588516235, 1759352151931945631
0.20247304897901527, 0.00032921416930832575, 0.5249983072280884, 1759352151981269373
0.19934034569757597, 0.002772387988783549, 0.49317318201065063, 1759352152041169859
0.19832399071817577, 0.0027911878642482213, 0.48801693320274353, 1759352152091154925
0.19441930537321253, 0.0003520266852229758, 0.4958333969116211, 1759352152142029194
0.19305454111571138, 0.0026306192078880556, 0.5018895268440247, 1759352152190044654
0.2046073021987589, 0.0022225769425947054, 0.5272185802459717, 1759352152239248525
0.20586928104581742, 0.0056382310624298595, 0.5273874998092651, 1759352152281131216
0.20121837311766982, 0.0014832794030979906, 0.4770951569080353, 1759352152349144043
0.1916884107616017, 0.00012764709821064287, 0.4728783667087555, 1759352152382526314
0.1998412668301282, 0.0006054720444802713, 0.5305999517440796, 1759352152442131019
0.1911612654007855, 0.0025822401733950687, 0.5167219638824463, 1759352152492205329
0.19567323078686655, 0.0006116010615349777, 0.5055736899375916, 1759352152543261620
0.20196682936595223, 0.0006260463759595167, 0.494869589805603, 1759352152591060702
0.19548173167982974, 0.0026997023423450278, 0.461353063583374, 1759352152642026826
0.20934156970874673, 0.002158823462300098, 0.5388189554214478, 1759352152681414175
0.19560763154581257, 0.002902247502322749, 0.5173051953315735, 1759352152731776716
0.2021859544310996, 0.002264446562679241, 0.49427151679992676, 1759352152801566071
0.19758798116582899, 0.0028161120616176983, 0.5009880065917969, 1759352152842087553
0.20556127523140896, 0.002536896251285838, 0.5261410474777222, 1759352152891099513
0.19775707851557156, 0.003929886718642953, 0.48601409792900085, 1759352152941135209
0.1982475533354602, 0.0003089228533200628, 0.5232204794883728, 1759352152991209690
0.19015438625272307, -0.0009126082381020607, 0.4944819211959839, 1759352153041385695
0.20495415703708447, 0.0030492809882222837, 0.48798832297325134, 1759352153082081394
0.1989170800764407, -0.002075347584889797, 0.49854767322540283, 1759352153131764601
0.19903135303535924, 0.0033974972443467427, 0.5046074390411377, 1759352153201582918
0.19625585602211576, -0.00026733429523376103, 0.5162549018859863, 1759352153241600178
0.20166425718252842, 5.901447739371933e-05, 0.5267981290817261, 1759352153290601471
0.19741866224094615, -0.0029226224847527884, 0.499763160943985, 1759352153341177163
0.20415694482180588, 0.001919106363968272, 0.4886153042316437, 1759352153391141606
0.19777296211711085, -0.0014047271470844847, 0.5057893395423889, 1759352153441204966
0.1885367264098237, 0.004415121752616547, 0.4812924861907959, 1759352153482081754
0.19544023597468105, 0.002125096709086282, 0.5114260315895081, 1759352153551916100
0.2057988016842468, -0.002612230202137391, 0.4956217110157013, 1759352153582027242
0.1972933050151735, 0.001004373466124808, 0.4944714605808258, 1759352153642087266
0.198840978541005, 0.0027572779902984832, 0.5082226395606995, 1759352153692090691
0.1998127327201663, -0.0013340455539321509, 0.5224775671958923, 1759352153742090237
0.19825279013211106, 0.0017822155683424098, 0.509857714176178, 1759352153792094368
0.2097125116753472, 0.001996306114023615, 0.5232086181640625, 1759352153841220457
0.19471859676087994, -0.002438728650008452, 0.5175613760948181, 1759352153881100793
0.19329980689729173, 0.0014007691932699132, 0.4585994482040405, 1759352153931765842
0.19985678825574588, 0.0037101129371186277, 0.5123323798179626, 1759352153981365857
0.1983144516553327, -0.00014188378382201165, 0.5169264674186707, 1759352154041232653
0.19132600848237782, -0.0005886794670750997, 0.47772905230522156, 1759352154092097264
0.20451284803423847, -0.0018819249057178355, 0.5241962671279907, 1759352154141102647
0.20059295278380548, 0.0007462945323813443, 0.5005806684494019, 1759352154191111217
0.19895059286648412, 0.002034269066123229, 0.49016377329826355, 1759352154242082366
0.19600533302532885, -0.0017035848441128046, 0.5330387353897095, 1759352154282109065
0.1986622883636648, -0.0009201409584806235, 0.5178331732749939, 1759352154332088122
0.20031553958493434, 0.0014527235802451, 0.47920912504196167, 1759352154402503223
0.2053361593352778, -0.00021579899716046963, 0.4978310763835907, 1759352154442132089
0.20305064853782176, 0.0014045149446429747, 0.5026200413703918, 1759352154491111377
0.19523160725427685, 0.002940537184819494, 0.498012900352478, 1759352154541108562
0.19510440811765747, -0.000283764462778593, 0.523196280002594, 1759352154591115984
0.20066714775103475, -0.0003968399399314027, 0.5177181363105774, 1759352154641257541
0.19978057078906628, -0.0013029402062618067, 0.4927031099796295, 1759352154682112170
0.20339409344527112, 0.0010635198025460495, 0.5086674690246582, 1759352154751209589
0.18387868305732294, 0.0015893037645766752, 0.5003848075866699, 1759352154781277970
0.19314871572818654, 0.0038765202269525167, 0.518966019153595, 1759352154842077653
0.19997077266692564, -0.0004280176002585055, 0.527690052986145, 1759352154895221782
0.20082558343615242, 0.0017518191576252518, 0.4725375771522522, 1759352154937120074
0.1955175374506145, 0.0005350766842455036, 0.4825713634490967, 1759352154987106218
0.2020746698041854, 0.0001735305232066572, 0.503514289855957, 1759352155037270719
0.2004772584067801, 0.001655407167687155, 0.498670756816864, 1759352155086121904
0.19681738540094115, 7.286279981376946e-05, 0.5288932919502258, 1759352155146215849
0.18275980269070422, 0.003295773063346524, 0.5023384690284729, 1759352155176490862
0.19380789834005777, 0.004261458252658603, 0.495634526014328, 1759352155246304133
0.20366604370122027, -0.0002364291286517782, 0.5011653900146484, 1759352155291127373
0.19273484276868255, -0.0012134124349450633, 0.5008535981178284, 1759352155342131613
0.19791756130873886, 0.0010337592662306573, 0.4833011031150818, 1759352155391119417
0.1942533060406086, 0.001107551136251435, 0.4986366629600525, 1759352155442118641
0.20074678360025663, 0.002404733729050609, 0.5064234137535095, 1759352155481137632
0.19824181090492798, 0.0007772662436366421, 0.4858393967151642, 1759352155551240283
0.19794073973259596, 0.002493674206708271, 0.5269436240196228, 1759352155602347404
0.20014749477377677, -0.001803062469157146, 0.5159590244293213, 1759352155641426086
0.20031777431259704, 0.0010677447199271236, 0.5031400918960571, 1759352155691139463
0.20037091726298886, -0.0020887643747053287, 0.5020440220832825, 1759352155741140050
0.20555286872512543, -0.0007001751619972759, 0.48500388860702515, 1759352155791141556
0.19421407011724065, 0.0026223027658764187, 0.4592175781726837, 1759352155837125715
0.19106185935702896, -0.001729879541750058, 0.526841938495636, 1759352155881144000
0.20224811605003726, -0.0002047145045494439, 0.5226683020591736, 1759352155931437315
0.19824191949340952, 0.0018635963051460485, 0.4833035469055176, 1759352155998035057
0.20230531880234306, 0.00010371295667971193, 0.516231119632721, 1759352156041313248
0.20103103144493087, 7.11053852792051e-05, 0.5100001096725464, 1759352156091183039
0.19119282246910324, 0.0031150363887235927, 0.5036835670471191, 1759352156141131393
0.19916014109433283, -0.0011537747786035525, 0.5122750997543335, 1759352156192129643
0.20130218967376315, 0.0007929228910741916, 0.4994649291038513, 1759352156237151077
0.192375358109202, 0.0032866609103146933, 0.477016419172287, 1759352156282151038
0.19739591792415748, 0.001512852652642168, 0.49613985419273376, 1759352156352735605
0.20461814553077687, 0.003489461318917513, 0.5170605778694153, 1759352156381627676
0.19838960414957363, 0.0008194627452340872, 0.49928751587867737, 1759352156441294697
0.20408333705715928, -0.0011883073762354508, 0.5073451995849609, 1759352156491138916
0.19438848292781424, 0.002811677178290026, 0.5095212459564209, 1759352156541161682
0.20374808916668302, -0.0009074476639387205, 0.4929364025592804, 1759352156588149744
0.2021323098902726, 5.2016109372260636e-05, 0.5024136304855347, 1759352156638148068
0.19071161792570626, 0.0010195138529497602, 0.5082905292510986, 1759352156681357377
0.1960131666903813, -0.0010579228094932836, 0.5279979705810547, 1759352156748491883
0.20192479997046256, 0.0038225092381141287, 0.5056931376457214, 1759352156781297748
0.20029713628380505, -0.0018082867305113837, 0.48146364092826843, 1759352156841358014
0.20254164023470403, 0.0009313574205582528, 0.4969741404056549, 1759352156891150151
0.19906759907514937, 0.0036424044082066327, 0.5353355407714844, 1759352156941199474
0.1969499404693035, 0.0023239363193723475, 0.5092689394950867, 1759352156989162899
0.19978191117426852, 0.0019389455800800793, 0.5027506947517395, 1759352157039158649
0.20407795501006246, -0.000124155574449474, 0.49863019585609436, 1759352157081304448
0.19904733380227294, 0.0026342360898973984, 0.4849686920642853, 1759352157149804438
0.195128399608976, 0.006402186898798099, 0.5202176570892334, 1759352157200052130
0.20153549594866238, 0.0030829587948142437, 0.5180363059043884, 1759352157241444655
0.19485986777840889, 0.0012827288796825127, 0.49222832918167114, 1759352157292175435
0.19855953747687907, 0.002542409787627625, 0.5108119249343872, 1759352157343177641
0.1932802577159232, 0.0002097414620209203, 0.46816325187683105, 1759352157390336230
0.1687122184855562, 0.0034775961660563045, 0.41209712624549866, 1759352157440468989
0.15997527600810044, 0.0035775071322256564, 0.44362473487854004, 1759352157482430682
0.1731443829206589, 0.003548409122009217, 0.479316771030426, 1759352157532139936
0.19287074282825584, 0.0005079501222133715, 0.47351762652397156, 1759352157582813076
0.21202585880648014, 0.0008704969562820708, 0.5087683200836182, 1759352157641267814
0.20153006749300997, 0.001418246034214662, 0.5021321773529053, 1759352157692328665
0.1970461399602964, 0.006209026106476461, 0.49372488260269165, 1759352157742042617
0.19908371123781687, 0.00011351730120187047, 0.5159802436828613, 1759352157791378782
0.19856457850392725, 0.001451536451868553, 0.5055445432662964, 1759352157841398178
0.19942315613928882, 0.0041379908293334095, 0.46528610587120056, 1759352157881946304
0.20172845239582168, 0.002266390925124206, 0.517623782157898, 1759352157951913713
0.19014201866309377, 0.0005095603694549041, 0.5449105501174927, 1759352157981622262
0.19763775331018277, 0.005090696224626276, 0.5059505701065063, 1759352158041651651
0.19377245311053223, -0.0022828960465249397, 0.5168324708938599, 1759352158092726903
0.20648468883031598, 0.0017462807775046848, 0.5049766302108765, 1759352158141200822
0.2015955920674714, 0.0009605982722375485, 0.4913176894187927, 1759352158191242049
0.19189655720877558, 0.0001606316378411952, 0.4931984841823578, 1759352158241309621
0.197939811280682, 0.0014658698186747494, 0.5020977258682251, 1759352158281261412
0.2017418281964138, 0.003639089301757045, 0.5239023566246033, 1759352158351200703
0.19742197402066416, -0.0005871310619688499, 0.5081973075866699, 1759352158381248781
0.1979340892861713, 0.0023539089878880474, 0.5037649273872375, 1759352158441374031
0.19558138691520935, 0.0030657191943384587, 0.5022053122520447, 1759352158492210188
0.20508004525519852, 0.002006334993912792, 0.504396378993988, 1759352158541209838
0.1988541093355733, -0.0024520710588627616, 0.5004563331604004, 1759352158591210289
0.1983761410778221, 0.0015385241728943582, 0.4948573410511017, 1759352158641192651
0.19855478278243982, -0.0026566052426689533, 0.49214428663253784, 1759352158681294815
0.1999700203447443, 0.003987301805322335, 0.4725031852722168, 1759352158732065075
0.1997936234736473, 0.002359173499648048, 0.5105929970741272, 1759352158801796228
0.20754203546915084, -0.001608287399846015, 0.5182353854179382, 1759352158841256648
0.19450589090070217, 0.0008323852816184643, 0.48815473914146423, 1759352158891219480
0.20123393513597565, -0.0005787993544942764, 0.49658599495887756, 1759352158941221606
0.2057646382755894, -0.0003761604911012596, 0.503361701965332, 1759352158991223865
0.19961029161668284, 0.0038319577015265833, 0.4876477122306824, 1759352159041220590
0.18961738155091132, 0.00020517062616150303, 0.5245463252067566, 1759352159082267689
0.20085466840516894, 0.002041388983124608, 0.5221803784370422, 1759352159131653680
0.19846340688766698, 0.004629411036725401, 0.47549331188201904, 1759352159201897538
0.20096638032341574, -0.003213260419053445, 0.5197238922119141, 1759352159242251452
0.20615507858620666, 0.00252433471866552, 0.49033302068710327, 1759352159291228145
0.19352946976886298, 0.0011908718516057922, 0.48940354585647583, 1759352159341228774
0.1986606124932372, 0.00011132444935647612, 0.5208101868629456, 1759352159391231402
0.20747616387275913, 0.0036963159397341043, 0.5149198174476624, 1759352159441231686
0.1924868710901658, -0.00273476479572065, 0.4843350946903229, 1759352159482307366
0.20358111228042097, 0.00487124911260207, 0.49129074811935425, 1759352159546474816
0.19727828879506107, 0.0004463652500959154, 0.5197710990905762, 1759352159596370124
0.18934538752526528, 0.0019009946379529047, 0.4973940849304199, 1759352159647305630
0.2124958157264052, 0.00045055593677796596, 0.5187510251998901, 1759352159691238173
0.19963476261950336, 0.0007507212065993, 0.48960262537002563, 1759352159741240297
0.20190203677545976, 0.002854989013069193, 0.4817292392253876, 1759352159791225416
0.19603950496945577, 0.001093037400972438, 0.5125014185905457, 1759352159842231209
0.20138990219070402, -0.0022595932506265007, 0.5318750739097595, 1759352159881409595
0.19631917172261282, 0.00017416872412883327, 0.500015139579773, 1759352159931954414
0.2049735906384395, -0.0007642492105690502, 0.4930586516857147, 1759352159981982208
0.19899954457123614, -0.00020441301293667134, 0.5003178715705872, 1759352160042341760
0.20558978467325284, 0.001421624693302394, 0.5128182172775269, 1759352160091250004
0.19829666548039587, 0.0017975583209735853, 0.5062662363052368, 1759352160141251013
0.1981127069589449, -0.001277291951755717, 0.49834704399108887, 1759352160191231899
0.19776285097632598, 0.0012553619617004775, 0.49330830574035645, 1759352160241237940
0.20339046942616423, -0.000754929175670029, 0.5040732622146606, 1759352160281347629
0.19684668436701913, -0.0006441016183532329, 0.5017043352127075, 1759352160351516196
0.2004369014564584, 0.00025690369978371844, 0.5231273174285889, 1759352160381551279
0.19948679365318323, -0.0014005261695806297, 0.5246906280517578, 1759352160441419971
0.1981282477153373, 0.0026872723752633066, 0.49855878949165344, 1759352160491257747
0.20197354391947747, 0.0003350888581705743, 0.4874424338340759, 1759352160541261371
0.2000157582598119, -3.313215311805482e-05, 0.48960253596305847, 1759352160591260839
0.19316722708346906, 0.0033508730155005005, 0.47947636246681213, 1759352160637259245
0.1972905514966761, -0.001064547681803119, 0.5272762179374695, 1759352160681348548
0.20307861243742437, -0.0001862011165268222, 0.5052079558372498, 1759352160751184818
0.20115903179806152, 0.002887353568943878, 0.4846384823322296, 1759352160781361361
0.20044936403784, 0.0003453427516828545, 0.5108745098114014, 1759352160841514304
0.2005451141399969, -0.0020383064504050107, 0.5020619630813599, 1759352160891460277
0.1958355458638011, 0.0018460776228854685, 0.5088385343551636, 1759352160941252157
0.1958737635174945, -0.0028876285735134418, 0.5180851817131042, 1759352160992248546
0.20893631916920932, 0.001181313132211785, 0.4946330487728119, 1759352161037270905
0.19535026813156955, 0.0022443603248051606, 0.4751775860786438, 1759352161081371016
0.19838082151199896, 0.0031117770003459416, 0.49741849303245544, 1759352161152291434
0.20577507839740533, -0.0032169717505596963, 0.5151433944702148, 1759352161181505893
0.19858579732963774, 0.00243665931078339, 0.507948637008667, 1759352161241502040
0.20093649902957697, 0.00028795248767583625, 0.5003131628036499, 1759352161291258396
0.1987678747789369, 0.0006979293813913954, 0.49166339635849, 1759352161341278014
0.1940494169386694, -0.0003748415475660836, 0.4877409338951111, 1759352161393343561
0.20724030543249855, 0.002901360828637603, 0.5228517055511475, 1759352161438728896
0.19551523875111113, 0.0029988964392416713, 0.5310961604118347, 1759352161481321217
0.19280750285377166, 0.004194996172433695, 0.5105645060539246, 1759352161548639694
0.1940392816408792, 0.0011182799099513192, 0.5136503577232361, 1759352161581690455
0.20375220472828992, 0.00080308805028592, 0.4945884644985199, 1759352161641470634
0.1993309689024932, -0.0013797339890323616, 0.49864280223846436, 1759352161691268873
0.19744000945732337, -0.0009505204757442903, 0.5186141729354858, 1759352161741284374
0.19622705411784308, -7.34946437456115e-05, 0.501126229763031, 1759352161789323846
0.2016744110096574, -0.0005909810839644466, 0.5199636816978455, 1759352161839276482
0.19780064632162983, -0.0008923288197547328, 0.5091733932495117, 1759352161882374461
0.19699113925299888, 0.002225218374597794, 0.4743286371231079, 1759352161950049228
0.18791440166721657, 0.002188203499539101, 0.5118080377578735, 1759352161982630144
0.20282602800077582, -0.0013571989765815843, 0.5109414458274841, 1759352162042392456
0.20235989380167355, 0.0016862731142062819, 0.4835768938064575, 1759352162091312386
0.19961743889629496, 0.001636102934338062, 0.49131298065185547, 1759352162142430297
0.19874958667426681, 0.004118450840130805, 0.505843460559845, 1759352162190296914
0.19533950116496201, 0.0007688599658065766, 0.5208595991134644, 1759352162240478785
0.20370325743819995, 8.654051557597922e-05, 0.5217394232749939, 1759352162282513963
0.19965629059348589, 0.0019257153521166457, 0.5067130327224731, 1759352162350128739
0.1864389853062588, -0.0014801032188092261, 0.46900609135627747, 1759352162385048855
0.20361165861307215, 0.0015481736205886032, 0.507095992565155, 1759352162443630777
0.19356724335803654, 0.0020423722280096847, 0.49126794934272766, 1759352162492493273
0.19779953647085177, 0.0018110962022105, 0.48788216710090637, 1759352162542460626
0.2014587567418612, 0.0015789728046039838, 0.5219507217407227, 1759352162592211449
0.20027957857745857, 0.00015628090191521822, 0.5051608085632324, 1759352162641372578
0.19471948389760171, 0.0007506616016572384, 0.5005763173103333, 1759352162682409566
0.20232721687586447, 0.001463347777152051, 0.5262904763221741, 1759352162731571775
0.19681712639171262, 0.0040157613625265865, 0.5158836841583252, 1759352162801452717
0.19427986066173122, -0.00044886180216632766, 0.4926326870918274, 1759352162842356383
0.19667667309691148, -0.0003860956843900565, 0.4906395673751831, 1759352162892845196
0.20139870327601211, -0.002175437254067503, 0.482126384973526, 1759352162941972755
0.20410080145814433, 0.0010626638998900181, 0.5149214267730713, 1759352162991324362
0.19302600470303502, 0.001265836213005238, 0.5167550444602966, 1759352163041452333
0.1968680464622927, 0.0008058940492001904, 0.5201126933097839, 1759352163081330545
0.19302995074511253, 0.0010236309599113667, 0.48648202419281006, 1759352163132589495
0.2025014962586323, -0.0006898184955513636, 0.5393989682197571, 1759352163201716538
0.20673402412840988, 0.00520166707437478, 0.46684786677360535, 1759352163241341774
0.1928731230881593, -0.0011134526171490532, 0.48161184787750244, 1759352163292325386
0.19921754646762127, 0.0019975140288501433, 0.5283946990966797, 1759352163341325431
0.1983909703331814, 0.004535658714543498, 0.49679622054100037, 1759352163391327726
0.19757330972872061, -0.0013896728351129111, 0.5013074278831482, 1759352163442347736
0.19892815587133142, 1.527568298931456e-05, 0.5047521591186523, 1759352163482494937
0.19456528790888278, 0.0037120991305332612, 0.47802817821502686, 1759352163532008388
0.19843780217780757, -0.0013234671530330732, 0.5160074234008789, 1759352163602431422
0.20371496584168466, 0.0028246309295551202, 0.4834877550601959, 1759352163641343454
0.2018032938067078, -0.0013722392830358965, 0.49579939246177673, 1759352163691336643
